entry_id,line_no,posting_date,effective_date,account_code,account_name,account_type,cost_centre,user_id,entry_type,narration,debit,credit,approval_status,approver_id
JE1000312,1,2025-04-01,2025-04-01,5310,Power and fuel,Expense,CC-300,SYS-BATCH,System,Electricity charges,90337.93,0.0,Not required,
JE1000312,2,2025-04-01,2025-04-01,2110,Accrued expenses,Liability,CC-300,SYS-BATCH,System,Electricity charges,0.0,90337.93,Not required,
JE1000657,1,2025-04-01,2025-04-01,1110,Bank - current account,Asset,CC-500,SYS-BATCH,System,Customer receipt,180484.12,0.0,Not required,
JE1000657,2,2025-04-01,2025-04-01,1200,Trade receivables,Asset,CC-500,SYS-BATCH,System,Customer receipt,0.0,180484.12,Not required,
JE1002038,1,2025-04-01,2025-04-01,5310,Power and fuel,Expense,CC-600,SYS-BATCH,System,Electricity charges,73214.75,0.0,Not required,
JE1002038,2,2025-04-01,2025-04-01,2110,Accrued expenses,Liability,CC-600,SYS-BATCH,System,Electricity charges,0.0,73214.75,Not required,
JE1002185,1,2025-04-01,2025-04-01,5350,Advertisement and marketing,Expense,CC-300,SYS-BATCH,System,Marketing spend,437311.58,0.0,Not required,
JE1002185,2,2025-04-01,2025-04-01,2100,Trade payables,Liability,CC-300,SYS-BATCH,System,Marketing spend,0.0,437311.58,Not required,
JE1002293,1,2025-04-01,2025-04-01,1200,Trade receivables,Asset,CC-100,SYS-BATCH,System,Sales invoice raised,197591.19,0.0,Not required,
JE1002293,2,2025-04-01,2025-04-01,4100,Revenue - product sales,Income,CC-100,SYS-BATCH,System,Sales invoice raised,0.0,197591.19,Not required,
JE1002608,1,2025-04-01,2025-04-01,5210,Contract staff cost,Expense,CC-400,SYS-BATCH,System,Contract staff billing,304955.64,0.0,Not required,
JE1002608,2,2025-04-01,2025-04-01,2100,Trade payables,Liability,CC-400,SYS-BATCH,System,Contract staff billing,0.0,304955.64,Not required,
JE1002614,1,2025-04-01,2025-04-01,5320,Repairs and maintenance,Expense,CC-400,SYS-BATCH,System,Repairs and upkeep,19736.01,0.0,Not required,
JE1002614,2,2025-04-01,2025-04-01,2100,Trade payables,Liability,CC-400,SYS-BATCH,System,Repairs and upkeep,0.0,19736.01,Not required,
JE1002934,1,2025-04-01,2025-04-01,1200,Trade receivables,Asset,CC-200,SYS-BATCH,System,Sales invoice raised,449127.99,0.0,Not required,
JE1002934,2,2025-04-01,2025-04-01,4100,Revenue - product sales,Income,CC-200,SYS-BATCH,System,Sales invoice raised,0.0,449127.99,Not required,
JE1002998,1,2025-04-01,2025-04-01,1410,Advance to suppliers,Asset,CC-500,SYS-BATCH,System,Advance to supplier,308560.2,0.0,Not required,
JE1002998,2,2025-04-01,2025-04-01,1110,Bank - current account,Asset,CC-500,SYS-BATCH,System,Advance to supplier,0.0,308560.2,Not required,
JE1003522,1,2025-04-01,2025-04-01,5370,Communication expense,Expense,CC-200,U006,Manual,Telephone and internet,16517.89,0.0,Not required,
JE1003522,2,2025-04-01,2025-04-01,2110,Accrued expenses,Liability,CC-200,U006,Manual,Telephone and internet,0.0,16517.89,Not required,
JE1004158,1,2025-04-01,2025-04-01,5100,Cost of materials consumed,Expense,CC-300,SYS-BATCH,System,Purchase of raw material,274530.29,0.0,Not required,
JE1004158,2,2025-04-01,2025-04-01,2100,Trade payables,Liability,CC-300,SYS-BATCH,System,Purchase of raw material,0.0,274530.29,Not required,
JE1004354,1,2025-04-01,2025-04-01,1110,Bank - current account,Asset,CC-500,U021,Manual,Customer receipt,187350.47,0.0,Not required,
JE1004354,2,2025-04-01,2025-04-01,1200,Trade receivables,Asset,CC-500,U021,Manual,Customer receipt,0.0,187350.47,Not required,
JE1004573,1,2025-04-01,2025-04-01,1200,Trade receivables,Asset,CC-500,SYS-BATCH,System,Sales invoice raised,453387.83,0.0,Not required,
JE1004573,2,2025-04-01,2025-04-01,4100,Revenue - product sales,Income,CC-500,SYS-BATCH,System,Sales invoice raised,0.0,453387.83,Not required,
JE1004709,1,2025-04-01,2025-04-01,1200,Trade receivables,Asset,CC-500,SYS-BATCH,System,Service invoice raised,174002.92,0.0,Not required,
JE1004709,2,2025-04-01,2025-04-01,4110,Revenue - service income,Income,CC-500,SYS-BATCH,System,Service invoice raised,0.0,174002.92,Not required,
JE1004894,1,2025-04-01,2025-04-01,2100,Trade payables,Liability,CC-600,SYS-BATCH,System,Supplier payment,314999.74,0.0,Not required,
JE1004894,2,2025-04-01,2025-04-01,1110,Bank - current account,Asset,CC-600,SYS-BATCH,System,Supplier payment,0.0,314999.74,Not required,
JE1004953,1,2025-04-01,2025-04-01,5200,Employee benefit expense,Expense,CC-600,SYS-BATCH,System,Payroll for the month,1027754.98,0.0,Approved,A003
JE1004953,2,2025-04-01,2025-04-01,2120,Provision for employee benefits,Liability,CC-600,SYS-BATCH,System,Payroll for the month,0.0,1027754.98,Approved,A003
JE1005075,1,2025-04-01,2025-04-01,5340,Legal and professional fees,Expense,CC-400,SYS-BATCH,System,Professional fees billed,357773.97,0.0,Not required,
JE1005075,2,2025-04-01,2025-04-01,2100,Trade payables,Liability,CC-400,SYS-BATCH,System,Professional fees billed,0.0,357773.97,Not required,
JE1005247,1,2025-04-01,2025-04-01,5100,Cost of materials consumed,Expense,CC-200,SYS-BATCH,System,Purchase of raw material,42181.02,0.0,Not required,
JE1005247,2,2025-04-01,2025-04-01,2100,Trade payables,Liability,CC-200,SYS-BATCH,System,Purchase of raw material,0.0,42181.02,Not required,
JE1005286,1,2025-04-01,2025-04-01,2100,Trade payables,Liability,CC-100,SYS-BATCH,System,TDS deducted on payment,48791.06,0.0,Not required,
JE1005286,2,2025-04-01,2025-04-01,2210,TDS payable,Liability,CC-100,SYS-BATCH,System,TDS deducted on payment,0.0,48791.06,Not required,
JE1005380,1,2025-04-01,2025-04-01,5100,Cost of materials consumed,Expense,CC-200,SYS-BATCH,System,Purchase of raw material,336566.58,0.0,Not required,
JE1005380,2,2025-04-01,2025-04-01,2100,Trade payables,Liability,CC-200,SYS-BATCH,System,Purchase of raw material,0.0,336566.58,Not required,
JE1005418,1,2025-04-01,2025-04-01,1110,Bank - current account,Asset,CC-600,SYS-BATCH,System,Customer receipt,113326.62,0.0,Not required,
JE1005418,2,2025-04-01,2025-04-01,1200,Trade receivables,Asset,CC-600,SYS-BATCH,System,Customer receipt,0.0,113326.62,Not required,
JE1005507,1,2025-04-01,2025-04-01,5330,Travel and conveyance,Expense,CC-100,SYS-BATCH,System,Travel reimbursement,13399.87,0.0,Not required,
JE1005507,2,2025-04-01,2025-04-01,1110,Bank - current account,Asset,CC-100,SYS-BATCH,System,Travel reimbursement,0.0,13399.87,Not required,
JE1005720,1,2025-04-01,2025-04-01,5210,Contract staff cost,Expense,CC-400,U017,Manual,Contract staff billing,337355.35,0.0,Not required,
JE1005720,2,2025-04-01,2025-04-01,2100,Trade payables,Liability,CC-400,U017,Manual,Contract staff billing,0.0,337355.35,Not required,
JE1006039,1,2025-04-01,2025-04-01,1200,Trade receivables,Asset,CC-200,U018,Manual,Sales invoice raised,275999.51,0.0,Not required,
JE1006039,2,2025-04-01,2025-04-01,4100,Revenue - product sales,Income,CC-200,U018,Manual,Sales invoice raised,0.0,275999.51,Not required,
JE1006243,1,2025-04-01,2025-04-01,1110,Bank - current account,Asset,CC-100,SYS-BATCH,System,Customer receipt,870466.23,0.0,Approved,A002
JE1006243,2,2025-04-01,2025-04-01,1200,Trade receivables,Asset,CC-100,SYS-BATCH,System,Customer receipt,0.0,870466.23,Approved,A002
JE1006859,1,2025-04-01,2025-04-01,2100,Trade payables,Liability,CC-600,SYS-BATCH,System,Supplier payment,239171.11,0.0,Not required,
JE1006859,2,2025-04-01,2025-04-01,1110,Bank - current account,Asset,CC-600,SYS-BATCH,System,Supplier payment,0.0,239171.11,Not required,
JE1007177,1,2025-04-01,2025-04-01,1200,Trade receivables,Asset,CC-400,SYS-BATCH,System,Sales invoice raised,279014.36,0.0,Not required,
JE1007177,2,2025-04-01,2025-04-01,4100,Revenue - product sales,Income,CC-400,SYS-BATCH,System,Sales invoice raised,0.0,279014.36,Not required,
JE1007190,1,2025-04-01,2025-04-01,5330,Travel and conveyance,Expense,CC-500,SYS-BATCH,System,Travel reimbursement,55375.49,0.0,Not required,
JE1007190,2,2025-04-01,2025-04-01,1110,Bank - current account,Asset,CC-500,SYS-BATCH,System,Travel reimbursement,0.0,55375.49,Not required,
JE1007889,1,2025-04-01,2025-04-01,1200,Trade receivables,Asset,CC-300,U006,Manual,Service invoice raised,83471.94,0.0,Not required,
JE1007889,2,2025-04-01,2025-04-01,4110,Revenue - service income,Income,CC-300,U006,Manual,Service invoice raised,0.0,83471.94,Not required,
JE1007960,1,2025-04-01,2025-04-01,5370,Communication expense,Expense,CC-300,SYS-BATCH,System,Telephone and internet,45532.29,0.0,Not required,
JE1007960,2,2025-04-01,2025-04-01,2110,Accrued expenses,Liability,CC-300,SYS-BATCH,System,Telephone and internet,0.0,45532.29,Not required,
JE1008557,1,2025-04-01,2025-04-01,1110,Bank - current account,Asset,CC-100,SYS-BATCH,System,Customer receipt,548705.81,0.0,Approved,A001
JE1008557,2,2025-04-01,2025-04-01,1200,Trade receivables,Asset,CC-100,SYS-BATCH,System,Customer receipt,0.0,548705.81,Approved,A001
JE1008752,1,2025-04-01,2025-04-01,1200,Trade receivables,Asset,CC-500,SYS-BATCH,System,Sales invoice raised,226513.88,0.0,Not required,
JE1008752,2,2025-04-01,2025-04-01,4100,Revenue - product sales,Income,CC-500,SYS-BATCH,System,Sales invoice raised,0.0,226513.88,Not required,
JE1008879,1,2025-04-01,2025-04-01,5330,Travel and conveyance,Expense,CC-500,SYS-BATCH,System,Travel reimbursement,89883.72,0.0,Not required,
JE1008879,2,2025-04-01,2025-04-01,1110,Bank - current account,Asset,CC-500,SYS-BATCH,System,Travel reimbursement,0.0,89883.72,Not required,
JE1009904,1,2025-04-01,2025-04-01,2100,Trade payables,Liability,CC-600,SYS-BATCH,System,Supplier payment,683130.76,0.0,Approved,A003
JE1009904,2,2025-04-01,2025-04-01,1110,Bank - current account,Asset,CC-600,SYS-BATCH,System,Supplier payment,0.0,683130.76,Approved,A003
JE1010495,1,2025-04-01,2025-04-01,1200,Trade receivables,Asset,CC-100,SYS-BATCH,System,Sales invoice raised,696703.24,0.0,Approved,A003
JE1010495,2,2025-04-01,2025-04-01,4100,Revenue - product sales,Income,CC-100,SYS-BATCH,System,Sales invoice raised,0.0,696703.24,Approved,A003
JE1010831,1,2025-04-01,2025-04-01,1200,Trade receivables,Asset,CC-200,SYS-BATCH,System,Sales invoice raised,64620.15,0.0,Not required,
JE1010831,2,2025-04-01,2025-04-01,4100,Revenue - product sales,Income,CC-200,SYS-BATCH,System,Sales invoice raised,0.0,64620.15,Not required,
JE1010849,1,2025-04-01,2025-04-01,1200,Trade receivables,Asset,CC-100,SYS-BATCH,System,Sales invoice raised,705556.5,0.0,Approved,A002
JE1010849,2,2025-04-01,2025-04-01,4100,Revenue - product sales,Income,CC-100,SYS-BATCH,System,Sales invoice raised,0.0,705556.5,Approved,A002
JE1010852,1,2025-04-01,2025-04-01,1200,Trade receivables,Asset,CC-400,SYS-BATCH,System,Sales invoice raised,899305.25,0.0,Approved,A001
JE1010852,2,2025-04-01,2025-04-01,4100,Revenue - product sales,Income,CC-400,SYS-BATCH,System,Sales invoice raised,0.0,899305.25,Approved,A001
JE1010882,1,2025-04-01,2025-04-01,1200,Trade receivables,Asset,CC-600,SYS-BATCH,System,Sales invoice raised,151611.15,0.0,Not required,
JE1010882,2,2025-04-01,2025-04-01,4100,Revenue - product sales,Income,CC-600,SYS-BATCH,System,Sales invoice raised,0.0,151611.15,Not required,
JE1010966,1,2025-04-01,2025-04-01,1200,Trade receivables,Asset,CC-600,U019,Manual,Sales invoice raised,171933.95,0.0,Not required,
JE1010966,2,2025-04-01,2025-04-01,4100,Revenue - product sales,Income,CC-600,U019,Manual,Sales invoice raised,0.0,171933.95,Not required,
JE1011124,1,2025-04-01,2025-04-01,2100,Trade payables,Liability,CC-500,SYS-BATCH,System,Supplier payment,579099.74,0.0,Approved,A001
JE1011124,2,2025-04-01,2025-04-01,1110,Bank - current account,Asset,CC-500,SYS-BATCH,System,Supplier payment,0.0,579099.74,Approved,A001
JE1011473,1,2025-04-01,2025-04-01,1110,Bank - current account,Asset,CC-500,SYS-BATCH,System,Customer receipt,703502.04,0.0,Approved,A002
JE1011473,2,2025-04-01,2025-04-01,1200,Trade receivables,Asset,CC-500,SYS-BATCH,System,Customer receipt,0.0,703502.04,Approved,A002
JE1011776,1,2025-04-01,2025-04-01,5100,Cost of materials consumed,Expense,CC-400,SYS-BATCH,System,Purchase of raw material,688628.94,0.0,Approved,A003
JE1011776,2,2025-04-01,2025-04-01,2100,Trade payables,Liability,CC-400,SYS-BATCH,System,Purchase of raw material,0.0,688628.94,Approved,A003
JE1012100,1,2025-04-01,2025-04-01,1110,Bank - current account,Asset,CC-500,SYS-BATCH,System,Customer receipt,576241.69,0.0,Approved,A003
JE1012100,2,2025-04-01,2025-04-01,1200,Trade receivables,Asset,CC-500,SYS-BATCH,System,Customer receipt,0.0,576241.69,Approved,A003
JE1012366,1,2025-04-01,2025-04-01,5350,Advertisement and marketing,Expense,CC-300,SYS-BATCH,System,Marketing spend,61851.72,0.0,Not required,
JE1012366,2,2025-04-01,2025-04-01,2100,Trade payables,Liability,CC-300,SYS-BATCH,System,Marketing spend,0.0,61851.72,Not required,
JE1012885,1,2025-04-01,2025-04-01,1200,Trade receivables,Asset,CC-400,U008,Manual,Sales invoice raised,564240.78,0.0,Approved,A003
JE1012885,2,2025-04-01,2025-04-01,4100,Revenue - product sales,Income,CC-400,U008,Manual,Sales invoice raised,0.0,564240.78,Approved,A003
JE1013103,1,2025-04-01,2025-04-01,1110,Bank - current account,Asset,CC-600,U013,Manual,Customer receipt,407989.28,0.0,Not required,
JE1013103,2,2025-04-01,2025-04-01,1200,Trade receivables,Asset,CC-600,U013,Manual,Customer receipt,0.0,407989.28,Not required,
JE1013141,1,2025-04-01,2025-04-01,1110,Bank - current account,Asset,CC-400,SYS-BATCH,System,Bank interest credited,74049.27,0.0,Not required,
JE1013141,2,2025-04-01,2025-04-01,4300,Interest income,Income,CC-400,SYS-BATCH,System,Bank interest credited,0.0,74049.27,Not required,
JE1013210,1,2025-04-01,2025-04-01,5380,Printing and stationery,Expense,CC-100,SYS-BATCH,System,Stationery purchase,11363.15,0.0,Not required,
JE1013210,2,2025-04-01,2025-04-01,2100,Trade payables,Liability,CC-100,SYS-BATCH,System,Stationery purchase,0.0,11363.15,Not required,
JE1013643,1,2025-04-01,2025-04-01,1410,Advance to suppliers,Asset,CC-400,SYS-BATCH,System,Advance to supplier,138562.69,0.0,Not required,
JE1013643,2,2025-04-01,2025-04-01,1110,Bank - current account,Asset,CC-400,SYS-BATCH,System,Advance to supplier,0.0,138562.69,Not required,
JE1013767,1,2025-04-01,2025-04-01,5200,Employee benefit expense,Expense,CC-600,SYS-BATCH,System,Payroll for the month,1540200.72,0.0,Approved,A003
JE1013767,2,2025-04-01,2025-04-01,2120,Provision for employee benefits,Liability,CC-600,SYS-BATCH,System,Payroll for the month,0.0,1540200.72,Approved,A003
JE1014451,1,2025-04-01,2025-04-01,5380,Printing and stationery,Expense,CC-600,SYS-BATCH,System,Stationery purchase,14070.01,0.0,Not required,
JE1014451,2,2025-04-01,2025-04-01,2100,Trade payables,Liability,CC-600,SYS-BATCH,System,Stationery purchase,0.0,14070.01,Not required,
JE1015039,1,2025-04-01,2025-04-01,1200,Trade receivables,Asset,CC-400,U012,Manual,GST output booked,111273.26,0.0,Not required,
JE1015039,2,2025-04-01,2025-04-01,2200,Output GST payable,Liability,CC-400,U012,Manual,GST output booked,0.0,111273.26,Not required,
JE1015147,1,2025-04-01,2025-04-01,1600,Input GST receivable,Asset,CC-300,SYS-BATCH,System,GST input booked,6804.94,0.0,Not required,
JE1015147,2,2025-04-01,2025-04-01,2100,Trade payables,Liability,CC-300,SYS-BATCH,System,GST input booked,0.0,6804.94,Not required,
JE1015278,1,2025-04-01,2025-04-01,1110,Bank - current account,Asset,CC-600,SYS-BATCH,System,Customer receipt,755180.67,0.0,Approved,A001
JE1015278,2,2025-04-01,2025-04-01,1200,Trade receivables,Asset,CC-600,SYS-BATCH,System,Customer receipt,0.0,755180.67,Approved,A001
JE1015630,1,2025-04-01,2025-04-01,5400,Depreciation and amortisation,Expense,CC-500,U007,Manual,Depreciation charge,1089283.9,0.0,Approved,A002
JE1015630,2,2025-04-01,2025-04-01,1510,Accumulated depreciation,Asset,CC-500,U007,Manual,Depreciation charge,0.0,1089283.9,Approved,A002
JE1015816,1,2025-04-01,2025-04-01,5100,Cost of materials consumed,Expense,CC-600,SYS-BATCH,System,Purchase of raw material,183923.45,0.0,Not required,
JE1015816,2,2025-04-01,2025-04-01,2100,Trade payables,Liability,CC-600,SYS-BATCH,System,Purchase of raw material,0.0,183923.45,Not required,
JE1015855,1,2025-04-01,2025-04-01,1200,Trade receivables,Asset,CC-200,SYS-BATCH,System,Sales invoice raised,290932.07,0.0,Not required,
JE1015855,2,2025-04-01,2025-04-01,4100,Revenue - product sales,Income,CC-200,SYS-BATCH,System,Sales invoice raised,0.0,290932.07,Not required,
JE1015943,1,2025-04-01,2025-04-01,1200,Trade receivables,Asset,CC-100,SYS-BATCH,System,Sales invoice raised,778449.71,0.0,Approved,A003
JE1015943,2,2025-04-01,2025-04-01,4100,Revenue - product sales,Income,CC-100,SYS-BATCH,System,Sales invoice raised,0.0,778449.71,Approved,A003
JE1016599,1,2025-04-01,2025-04-01,1200,Trade receivables,Asset,CC-200,SYS-BATCH,System,Sales invoice raised,729516.68,0.0,Approved,A003
JE1016599,2,2025-04-01,2025-04-01,4100,Revenue - product sales,Income,CC-200,SYS-BATCH,System,Sales invoice raised,0.0,729516.68,Approved,A003
JE1016775,1,2025-04-01,2025-04-01,5100,Cost of materials consumed,Expense,CC-300,SYS-BATCH,System,Purchase of raw material,336529.05,0.0,Not required,
JE1016775,2,2025-04-01,2025-04-01,2100,Trade payables,Liability,CC-300,SYS-BATCH,System,Purchase of raw material,0.0,336529.05,Not required,
JE1016820,1,2025-04-01,2025-04-01,1600,Input GST receivable,Asset,CC-300,SYS-BATCH,System,GST input booked,43995.82,0.0,Not required,
JE1016820,2,2025-04-01,2025-04-01,2100,Trade payables,Liability,CC-300,SYS-BATCH,System,GST input booked,0.0,43995.82,Not required,
JE1016852,1,2025-04-01,2025-04-01,1200,Trade receivables,Asset,CC-600,SYS-BATCH,System,Service invoice raised,452368.95,0.0,Not required,
JE1016852,2,2025-04-01,2025-04-01,4110,Revenue - service income,Income,CC-600,SYS-BATCH,System,Service invoice raised,0.0,452368.95,Not required,
JE1017467,1,2025-04-01,2025-04-01,5330,Travel and conveyance,Expense,CC-300,SYS-BATCH,System,Travel reimbursement,18841.43,0.0,Not required,
JE1017467,2,2025-04-01,2025-04-01,1110,Bank - current account,Asset,CC-300,SYS-BATCH,System,Travel reimbursement,0.0,18841.43,Not required,
JE1017851,1,2025-04-01,2025-04-01,1200,Trade receivables,Asset,CC-600,SYS-BATCH,System,Service invoice raised,368153.58,0.0,Not required,
JE1017851,2,2025-04-01,2025-04-01,4110,Revenue - service income,Income,CC-600,SYS-BATCH,System,Service invoice raised,0.0,368153.58,Not required,
JE1017893,1,2025-04-01,2025-04-01,5100,Cost of materials consumed,Expense,CC-600,SYS-BATCH,System,Purchase of raw material,349289.05,0.0,Not required,
JE1017893,2,2025-04-01,2025-04-01,2100,Trade payables,Liability,CC-600,SYS-BATCH,System,Purchase of raw material,0.0,349289.05,Not required,
JE1018080,1,2025-04-01,2025-04-01,5320,Repairs and maintenance,Expense,CC-400,SYS-BATCH,System,Repairs and upkeep,138414.12,0.0,Not required,
JE1018080,2,2025-04-01,2025-04-01,2100,Trade payables,Liability,CC-400,SYS-BATCH,System,Repairs and upkeep,0.0,138414.12,Not required,
JE1018724,1,2025-04-01,2025-04-01,1410,Advance to suppliers,Asset,CC-200,SYS-BATCH,System,Advance to supplier,58049.69,0.0,Not required,
JE1018724,2,2025-04-01,2025-04-01,1110,Bank - current account,Asset,CC-200,SYS-BATCH,System,Advance to supplier,0.0,58049.69,Not required,
JE1019092,1,2025-04-01,2025-04-01,1200,Trade receivables,Asset,CC-100,SYS-BATCH,System,Service invoice raised,79798.12,0.0,Not required,
JE1019092,2,2025-04-01,2025-04-01,4110,Revenue - service income,Income,CC-100,SYS-BATCH,System,Service invoice raised,0.0,79798.12,Not required,
JE1019203,1,2025-04-01,2025-04-01,1200,Trade receivables,Asset,CC-500,SYS-BATCH,System,Sales invoice raised,664541.91,0.0,Approved,A003
JE1019203,2,2025-04-01,2025-04-01,4100,Revenue - product sales,Income,CC-500,SYS-BATCH,System,Sales invoice raised,0.0,664541.91,Approved,A003
JE1020491,1,2025-04-01,2025-04-01,1110,Bank - current account,Asset,CC-500,SYS-BATCH,System,Customer receipt,399664.58,0.0,Not required,
JE1020491,2,2025-04-01,2025-04-01,1200,Trade receivables,Asset,CC-500,SYS-BATCH,System,Customer receipt,0.0,399664.58,Not required,
JE1020621,1,2025-04-01,2025-04-01,1200,Trade receivables,Asset,CC-400,U008,Manual,Service invoice raised,237585.36,0.0,Not required,
JE1020621,2,2025-04-01,2025-04-01,4110,Revenue - service income,Income,CC-400,U008,Manual,Service invoice raised,0.0,237585.36,Not required,
JE1020832,1,2025-04-01,2025-04-01,5370,Communication expense,Expense,CC-200,SYS-BATCH,System,Telephone and internet,38386.47,0.0,Not required,
JE1020832,2,2025-04-01,2025-04-01,2110,Accrued expenses,Liability,CC-200,SYS-BATCH,System,Telephone and internet,0.0,38386.47,Not required,
JE1021807,1,2025-04-01,2025-04-01,2100,Trade payables,Liability,CC-600,SYS-BATCH,System,Supplier payment,520875.53,0.0,Approved,A001
JE1021807,2,2025-04-01,2025-04-01,1110,Bank - current account,Asset,CC-600,SYS-BATCH,System,Supplier payment,0.0,520875.53,Approved,A001
JE1021971,1,2025-04-01,2025-04-01,1410,Advance to suppliers,Asset,CC-300,SYS-BATCH,System,Advance to supplier,39415.48,0.0,Not required,
JE1021971,2,2025-04-01,2025-04-01,1110,Bank - current account,Asset,CC-300,SYS-BATCH,System,Advance to supplier,0.0,39415.48,Not required,
JE1022078,1,2025-04-01,2025-04-01,1200,Trade receivables,Asset,CC-300,SYS-BATCH,System,GST output booked,88695.5,0.0,Not required,
JE1022078,2,2025-04-01,2025-04-01,2200,Output GST payable,Liability,CC-300,SYS-BATCH,System,GST output booked,0.0,88695.5,Not required,
JE1022340,1,2025-04-01,2025-04-01,1200,Trade receivables,Asset,CC-400,SYS-BATCH,System,Sales invoice raised,799057.39,0.0,Approved,A002
JE1022340,2,2025-04-01,2025-04-01,4100,Revenue - product sales,Income,CC-400,SYS-BATCH,System,Sales invoice raised,0.0,799057.39,Approved,A002
JE1022786,1,2025-04-01,2025-04-01,1110,Bank - current account,Asset,CC-600,SYS-BATCH,System,Customer receipt,202117.61,0.0,Not required,
JE1022786,2,2025-04-01,2025-04-01,1200,Trade receivables,Asset,CC-600,SYS-BATCH,System,Customer receipt,0.0,202117.61,Not required,
JE1023244,1,2025-04-01,2025-04-01,2100,Trade payables,Liability,CC-100,SYS-BATCH,System,Supplier payment,567565.91,0.0,Approved,A001
JE1023244,2,2025-04-01,2025-04-01,1110,Bank - current account,Asset,CC-100,SYS-BATCH,System,Supplier payment,0.0,567565.91,Approved,A001
JE1023754,1,2025-04-01,2025-04-01,5330,Travel and conveyance,Expense,CC-600,SYS-BATCH,System,Travel reimbursement,81130.29,0.0,Not required,
JE1023754,2,2025-04-01,2025-04-01,1110,Bank - current account,Asset,CC-600,SYS-BATCH,System,Travel reimbursement,0.0,81130.29,Not required,
JE1023830,1,2025-04-01,2025-04-01,5380,Printing and stationery,Expense,CC-400,SYS-BATCH,System,Stationery purchase,22692.63,0.0,Not required,
JE1023830,2,2025-04-01,2025-04-01,2100,Trade payables,Liability,CC-400,SYS-BATCH,System,Stationery purchase,0.0,22692.63,Not required,
JE1023912,1,2025-04-01,2025-04-01,5100,Cost of materials consumed,Expense,CC-500,U019,Manual,Purchase of raw material,400791.35,0.0,Not required,
JE1023912,2,2025-04-01,2025-04-01,2100,Trade payables,Liability,CC-500,U019,Manual,Purchase of raw material,0.0,400791.35,Not required,
JE1024012,1,2025-04-01,2025-04-01,5200,Employee benefit expense,Expense,CC-100,SYS-BATCH,System,Payroll for the month,2114925.4,0.0,Approved,A003
JE1024012,2,2025-04-01,2025-04-01,2120,Provision for employee benefits,Liability,CC-100,SYS-BATCH,System,Payroll for the month,0.0,2114925.4,Approved,A003
JE1024188,1,2025-04-01,2025-04-01,5500,Finance cost,Expense,CC-600,SYS-BATCH,System,Interest on borrowings,490055.1,0.0,Not required,
JE1024188,2,2025-04-01,2025-04-01,2310,Interest accrued but not due,Liability,CC-600,SYS-BATCH,System,Interest on borrowings,0.0,490055.1,Not required,
JE1024340,1,2025-04-01,2025-04-01,1110,Bank - current account,Asset,CC-600,SYS-BATCH,System,Customer receipt,508900.21,0.0,Approved,A001
JE1024340,2,2025-04-01,2025-04-01,1200,Trade receivables,Asset,CC-600,SYS-BATCH,System,Customer receipt,0.0,508900.21,Approved,A001
JE1024811,1,2025-04-01,2025-04-01,5500,Finance cost,Expense,CC-100,SYS-BATCH,System,Interest on borrowings,430919.56,0.0,Not required,
JE1024811,2,2025-04-01,2025-04-01,2310,Interest accrued but not due,Liability,CC-100,SYS-BATCH,System,Interest on borrowings,0.0,430919.56,Not required,
JE1024898,1,2025-04-01,2025-04-01,5100,Cost of materials consumed,Expense,CC-100,U009,Manual,Purchase of raw material,602882.74,0.0,Approved,A001
JE1024898,2,2025-04-01,2025-04-01,2100,Trade payables,Liability,CC-100,U009,Manual,Purchase of raw material,0.0,602882.74,Approved,A001
JE1025020,1,2025-04-01,2025-04-01,5370,Communication expense,Expense,CC-500,SYS-BATCH,System,Telephone and internet,7003.28,0.0,Not required,
JE1025020,2,2025-04-01,2025-04-01,2110,Accrued expenses,Liability,CC-500,SYS-BATCH,System,Telephone and internet,0.0,7003.28,Not required,
JE1025077,1,2025-04-01,2025-04-01,5100,Cost of materials consumed,Expense,CC-500,SYS-BATCH,System,Purchase of raw material,583635.83,0.0,Approved,A001
JE1025077,2,2025-04-01,2025-04-01,2100,Trade payables,Liability,CC-500,SYS-BATCH,System,Purchase of raw material,0.0,583635.83,Approved,A001
JE1025284,1,2025-04-01,2025-04-01,1200,Trade receivables,Asset,CC-200,SYS-BATCH,System,Service invoice raised,429060.69,0.0,Not required,
JE1025284,2,2025-04-01,2025-04-01,4110,Revenue - service income,Income,CC-200,SYS-BATCH,System,Service invoice raised,0.0,429060.69,Not required,
JE1025300,1,2025-04-01,2025-04-01,5100,Cost of materials consumed,Expense,CC-600,SYS-BATCH,System,Purchase of raw material,656823.12,0.0,Approved,A003
JE1025300,2,2025-04-01,2025-04-01,2100,Trade payables,Liability,CC-600,SYS-BATCH,System,Purchase of raw material,0.0,656823.12,Approved,A003
JE1025715,1,2025-04-01,2025-04-01,1200,Trade receivables,Asset,CC-200,U002,Manual,Service invoice raised,64272.01,0.0,Not required,
JE1025715,2,2025-04-01,2025-04-01,4110,Revenue - service income,Income,CC-200,U002,Manual,Service invoice raised,0.0,64272.01,Not required,
JE1026003,1,2025-04-01,2025-04-01,5100,Cost of materials consumed,Expense,CC-200,U016,Manual,Purchase of raw material,573130.02,0.0,Approved,A003
JE1026003,2,2025-04-01,2025-04-01,2100,Trade payables,Liability,CC-200,U016,Manual,Purchase of raw material,0.0,573130.02,Approved,A003
JE1026561,1,2025-04-01,2025-04-01,1110,Bank - current account,Asset,CC-100,SYS-BATCH,System,Customer receipt,799680.33,0.0,Approved,A002
JE1026561,2,2025-04-01,2025-04-01,1200,Trade receivables,Asset,CC-100,SYS-BATCH,System,Customer receipt,0.0,799680.33,Approved,A002
JE1026775,1,2025-04-01,2025-04-01,2100,Trade payables,Liability,CC-200,SYS-BATCH,System,Supplier payment,53129.29,0.0,Not required,
JE1026775,2,2025-04-01,2025-04-01,1110,Bank - current account,Asset,CC-200,SYS-BATCH,System,Supplier payment,0.0,53129.29,Not required,
JE1026781,1,2025-04-01,2025-04-01,5380,Printing and stationery,Expense,CC-600,SYS-BATCH,System,Stationery purchase,5669.26,0.0,Not required,
JE1026781,2,2025-04-01,2025-04-01,2100,Trade payables,Liability,CC-600,SYS-BATCH,System,Stationery purchase,0.0,5669.26,Not required,
JE1027012,1,2025-04-01,2025-04-01,5100,Cost of materials consumed,Expense,CC-100,SYS-BATCH,System,Purchase of raw material,22657.92,0.0,Not required,
JE1027012,2,2025-04-01,2025-04-01,2100,Trade payables,Liability,CC-100,SYS-BATCH,System,Purchase of raw material,0.0,22657.92,Not required,
JE1027033,1,2025-04-01,2025-04-01,1200,Trade receivables,Asset,CC-300,SYS-BATCH,System,Service invoice raised,290531.98,0.0,Not required,
JE1027033,2,2025-04-01,2025-04-01,4110,Revenue - service income,Income,CC-300,SYS-BATCH,System,Service invoice raised,0.0,290531.98,Not required,
JE1027183,1,2025-04-01,2025-04-01,5300,Rent expense,Expense,CC-300,SYS-BATCH,System,Rent for the period,347583.77,0.0,Not required,
JE1027183,2,2025-04-01,2025-04-01,2110,Accrued expenses,Liability,CC-300,SYS-BATCH,System,Rent for the period,0.0,347583.77,Not required,
JE1027302,1,2025-04-01,2025-04-01,1110,Bank - current account,Asset,CC-100,SYS-BATCH,System,Customer receipt,354768.25,0.0,Not required,
JE1027302,2,2025-04-01,2025-04-01,1200,Trade receivables,Asset,CC-100,SYS-BATCH,System,Customer receipt,0.0,354768.25,Not required,
JE1027383,1,2025-04-01,2025-04-01,5350,Advertisement and marketing,Expense,CC-200,SYS-BATCH,System,Marketing spend,395810.17,0.0,Not required,
JE1027383,2,2025-04-01,2025-04-01,2100,Trade payables,Liability,CC-200,SYS-BATCH,System,Marketing spend,0.0,395810.17,Not required,
JE1027870,1,2025-04-01,2025-04-01,1200,Trade receivables,Asset,CC-100,SYS-BATCH,System,Sales invoice raised,603060.57,0.0,Approved,A002
JE1027870,2,2025-04-01,2025-04-01,4100,Revenue - product sales,Income,CC-100,SYS-BATCH,System,Sales invoice raised,0.0,603060.57,Approved,A002
JE1028164,1,2025-04-01,2025-04-01,5100,Cost of materials consumed,Expense,CC-600,SYS-BATCH,System,Purchase of raw material,546105.31,0.0,Approved,A001
JE1028164,2,2025-04-01,2025-04-01,2100,Trade payables,Liability,CC-600,SYS-BATCH,System,Purchase of raw material,0.0,546105.31,Approved,A001
JE1029037,1,2025-04-01,2025-04-01,1200,Trade receivables,Asset,CC-400,SYS-BATCH,System,Sales invoice raised,180242.83,0.0,Not required,
JE1029037,2,2025-04-01,2025-04-01,4100,Revenue - product sales,Income,CC-400,SYS-BATCH,System,Sales invoice raised,0.0,180242.83,Not required,
JE1029314,1,2025-04-01,2025-04-01,1200,Trade receivables,Asset,CC-200,SYS-BATCH,System,Sales invoice raised,243731.08,0.0,Not required,
JE1029314,2,2025-04-01,2025-04-01,4100,Revenue - product sales,Income,CC-200,SYS-BATCH,System,Sales invoice raised,0.0,243731.08,Not required,
JE1029609,1,2025-04-01,2025-04-01,1200,Trade receivables,Asset,CC-400,SYS-BATCH,System,Sales invoice raised,720855.71,0.0,Approved,A003
JE1029609,2,2025-04-01,2025-04-01,4100,Revenue - product sales,Income,CC-400,SYS-BATCH,System,Sales invoice raised,0.0,720855.71,Approved,A003
JE1029933,1,2025-04-01,2025-04-01,5200,Employee benefit expense,Expense,CC-200,SYS-BATCH,System,Payroll for the month,2333254.74,0.0,Approved,A002
JE1029933,2,2025-04-01,2025-04-01,2120,Provision for employee benefits,Liability,CC-200,SYS-BATCH,System,Payroll for the month,0.0,2333254.74,Approved,A002
JE1030220,1,2025-04-01,2025-04-01,5400,Depreciation and amortisation,Expense,CC-100,U014,Manual,Depreciation charge,823636.77,0.0,Approved,A003
JE1030220,2,2025-04-01,2025-04-01,1510,Accumulated depreciation,Asset,CC-100,U014,Manual,Depreciation charge,0.0,823636.77,Approved,A003
JE1030337,1,2025-04-01,2025-04-01,1110,Bank - current account,Asset,CC-100,SYS-BATCH,System,Customer receipt,382627.93,0.0,Not required,
JE1030337,2,2025-04-01,2025-04-01,1200,Trade receivables,Asset,CC-100,SYS-BATCH,System,Customer receipt,0.0,382627.93,Not required,
JE1030462,1,2025-04-01,2025-04-01,1200,Trade receivables,Asset,CC-200,SYS-BATCH,System,Sales invoice raised,846151.47,0.0,Approved,A003
JE1030462,2,2025-04-01,2025-04-01,4100,Revenue - product sales,Income,CC-200,SYS-BATCH,System,Sales invoice raised,0.0,846151.47,Approved,A003
JE1030665,1,2025-04-01,2025-04-01,1200,Trade receivables,Asset,CC-500,U011,Manual,Sales invoice raised,833188.76,0.0,Approved,A003
JE1030665,2,2025-04-01,2025-04-01,4100,Revenue - product sales,Income,CC-500,U011,Manual,Sales invoice raised,0.0,833188.76,Approved,A003
JE1030693,1,2025-04-01,2025-04-01,1110,Bank - current account,Asset,CC-500,SYS-BATCH,System,Customer receipt,395109.25,0.0,Not required,
JE1030693,2,2025-04-01,2025-04-01,1200,Trade receivables,Asset,CC-500,SYS-BATCH,System,Customer receipt,0.0,395109.25,Not required,
JE1030990,1,2025-04-01,2025-04-01,5100,Cost of materials consumed,Expense,CC-600,SYS-BATCH,System,Purchase of raw material,57802.49,0.0,Not required,
JE1030990,2,2025-04-01,2025-04-01,2100,Trade payables,Liability,CC-600,SYS-BATCH,System,Purchase of raw material,0.0,57802.49,Not required,
JE1031038,1,2025-04-01,2025-04-01,1110,Bank - current account,Asset,CC-600,SYS-BATCH,System,Customer receipt,467945.39,0.0,Not required,
JE1031038,2,2025-04-01,2025-04-01,1200,Trade receivables,Asset,CC-600,SYS-BATCH,System,Customer receipt,0.0,467945.39,Not required,
JE1031110,1,2025-04-01,2025-04-01,5320,Repairs and maintenance,Expense,CC-300,SYS-BATCH,System,Repairs and upkeep,142654.3,0.0,Not required,
JE1031110,2,2025-04-01,2025-04-01,2100,Trade payables,Liability,CC-300,SYS-BATCH,System,Repairs and upkeep,0.0,142654.3,Not required,
JE1031310,1,2025-04-01,2025-04-01,5370,Communication expense,Expense,CC-300,SYS-BATCH,System,Telephone and internet,58004.34,0.0,Not required,
JE1031310,2,2025-04-01,2025-04-01,2110,Accrued expenses,Liability,CC-300,SYS-BATCH,System,Telephone and internet,0.0,58004.34,Not required,
JE1031362,1,2025-04-01,2025-04-01,5380,Printing and stationery,Expense,CC-500,SYS-BATCH,System,Stationery purchase,33412.56,0.0,Not required,
JE1031362,2,2025-04-01,2025-04-01,2100,Trade payables,Liability,CC-500,SYS-BATCH,System,Stationery purchase,0.0,33412.56,Not required,
JE1031729,1,2025-04-01,2025-04-01,5210,Contract staff cost,Expense,CC-300,SYS-BATCH,System,Contract staff billing,77948.96,0.0,Not required,
JE1031729,2,2025-04-01,2025-04-01,2100,Trade payables,Liability,CC-300,SYS-BATCH,System,Contract staff billing,0.0,77948.96,Not required,
JE1032445,1,2025-04-01,2025-04-01,1200,Trade receivables,Asset,CC-200,SYS-BATCH,System,Sales invoice raised,353122.92,0.0,Not required,
JE1032445,2,2025-04-01,2025-04-01,4100,Revenue - product sales,Income,CC-200,SYS-BATCH,System,Sales invoice raised,0.0,353122.92,Not required,
JE1032519,1,2025-04-01,2025-04-01,5340,Legal and professional fees,Expense,CC-300,SYS-BATCH,System,Professional fees billed,324906.13,0.0,Not required,
JE1032519,2,2025-04-01,2025-04-01,2100,Trade payables,Liability,CC-300,SYS-BATCH,System,Professional fees billed,0.0,324906.13,Not required,
JE1032827,1,2025-04-01,2025-04-01,1200,Trade receivables,Asset,CC-100,SYS-BATCH,System,Sales invoice raised,100590.04,0.0,Not required,
JE1032827,2,2025-04-01,2025-04-01,4100,Revenue - product sales,Income,CC-100,SYS-BATCH,System,Sales invoice raised,0.0,100590.04,Not required,
JE1032829,1,2025-04-01,2025-04-01,1200,Trade receivables,Asset,CC-400,SYS-BATCH,System,GST output booked,103392.69,0.0,Not required,
JE1032829,2,2025-04-01,2025-04-01,2200,Output GST payable,Liability,CC-400,SYS-BATCH,System,GST output booked,0.0,103392.69,Not required,
JE1033084,1,2025-04-01,2025-04-01,2100,Trade payables,Liability,CC-600,SYS-BATCH,System,Supplier payment,396159.33,0.0,Not required,
JE1033084,2,2025-04-01,2025-04-01,1110,Bank - current account,Asset,CC-600,SYS-BATCH,System,Supplier payment,0.0,396159.33,Not required,
JE1033153,1,2025-04-01,2025-04-01,1200,Trade receivables,Asset,CC-600,SYS-BATCH,System,Sales invoice raised,380273.97,0.0,Not required,
JE1033153,2,2025-04-01,2025-04-01,4100,Revenue - product sales,Income,CC-600,SYS-BATCH,System,Sales invoice raised,0.0,380273.97,Not required,
JE1033232,1,2025-04-01,2025-04-01,1110,Bank - current account,Asset,CC-600,SYS-BATCH,System,Customer receipt,881077.1,0.0,Approved,A002
JE1033232,2,2025-04-01,2025-04-01,1200,Trade receivables,Asset,CC-600,SYS-BATCH,System,Customer receipt,0.0,881077.1,Approved,A002
JE1033890,1,2025-04-01,2025-04-01,1110,Bank - current account,Asset,CC-600,SYS-BATCH,System,Customer receipt,786345.22,0.0,Approved,A003
JE1033890,2,2025-04-01,2025-04-01,1200,Trade receivables,Asset,CC-600,SYS-BATCH,System,Customer receipt,0.0,786345.22,Approved,A003
JE1034035,1,2025-04-01,2025-04-01,1200,Trade receivables,Asset,CC-500,SYS-BATCH,System,Sales invoice raised,444054.34,0.0,Not required,
JE1034035,2,2025-04-01,2025-04-01,4100,Revenue - product sales,Income,CC-500,SYS-BATCH,System,Sales invoice raised,0.0,444054.34,Not required,
JE1035277,1,2025-04-01,2025-04-01,1110,Bank - current account,Asset,CC-600,SYS-BATCH,System,Customer receipt,320635.59,0.0,Not required,
JE1035277,2,2025-04-01,2025-04-01,1200,Trade receivables,Asset,CC-600,SYS-BATCH,System,Customer receipt,0.0,320635.59,Not required,
JE1035516,1,2025-04-01,2025-04-01,1600,Input GST receivable,Asset,CC-300,SYS-BATCH,System,GST input booked,44433.14,0.0,Not required,
JE1035516,2,2025-04-01,2025-04-01,2100,Trade payables,Liability,CC-300,SYS-BATCH,System,GST input booked,0.0,44433.14,Not required,
JE1035715,1,2025-04-01,2025-04-01,2100,Trade payables,Liability,CC-500,SYS-BATCH,System,Supplier payment,248091.09,0.0,Not required,
JE1035715,2,2025-04-01,2025-04-01,1110,Bank - current account,Asset,CC-500,SYS-BATCH,System,Supplier payment,0.0,248091.09,Not required,
JE1035773,1,2025-04-01,2025-04-01,1600,Input GST receivable,Asset,CC-100,SYS-BATCH,System,GST input booked,72936.71,0.0,Not required,
JE1035773,2,2025-04-01,2025-04-01,2100,Trade payables,Liability,CC-100,SYS-BATCH,System,GST input booked,0.0,72936.71,Not required,
JE1036263,1,2025-04-01,2025-04-01,1410,Advance to suppliers,Asset,CC-200,SYS-BATCH,System,Advance to supplier,322565.99,0.0,Not required,
JE1036263,2,2025-04-01,2025-04-01,1110,Bank - current account,Asset,CC-200,SYS-BATCH,System,Advance to supplier,0.0,322565.99,Not required,
JE1036540,1,2025-04-01,2025-04-01,5210,Contract staff cost,Expense,CC-300,SYS-BATCH,System,Contract staff billing,190183.65,0.0,Not required,
JE1036540,2,2025-04-01,2025-04-01,2100,Trade payables,Liability,CC-300,SYS-BATCH,System,Contract staff billing,0.0,190183.65,Not required,
JE1036639,1,2025-04-01,2025-04-01,1600,Input GST receivable,Asset,CC-200,SYS-BATCH,System,GST input booked,12036.01,0.0,Not required,
JE1036639,2,2025-04-01,2025-04-01,2100,Trade payables,Liability,CC-200,SYS-BATCH,System,GST input booked,0.0,12036.01,Not required,
JE1036694,1,2025-04-01,2025-04-01,5300,Rent expense,Expense,CC-400,SYS-BATCH,System,Rent for the period,205127.32,0.0,Not required,
JE1036694,2,2025-04-01,2025-04-01,2110,Accrued expenses,Liability,CC-400,SYS-BATCH,System,Rent for the period,0.0,205127.32,Not required,
JE1036992,1,2025-04-01,2025-04-01,5350,Advertisement and marketing,Expense,CC-600,U004,Manual,Marketing spend,88717.49,0.0,Not required,
JE1036992,2,2025-04-01,2025-04-01,2100,Trade payables,Liability,CC-600,U004,Manual,Marketing spend,0.0,88717.49,Not required,
JE1037556,1,2025-04-01,2025-04-01,5310,Power and fuel,Expense,CC-100,U009,Manual,Electricity charges,246970.42,0.0,Not required,
JE1037556,2,2025-04-01,2025-04-01,2110,Accrued expenses,Liability,CC-100,U009,Manual,Electricity charges,0.0,246970.42,Not required,
JE1037710,1,2025-04-01,2025-04-01,1200,Trade receivables,Asset,CC-200,U005,Manual,Sales invoice raised,218911.62,0.0,Not required,
JE1037710,2,2025-04-01,2025-04-01,4100,Revenue - product sales,Income,CC-200,U005,Manual,Sales invoice raised,0.0,218911.62,Not required,
JE1037794,1,2025-04-01,2025-04-01,5340,Legal and professional fees,Expense,CC-500,U019,Manual,Professional fees billed,206958.78,0.0,Not required,
JE1037794,2,2025-04-01,2025-04-01,2100,Trade payables,Liability,CC-500,U019,Manual,Professional fees billed,0.0,206958.78,Not required,
JE1038446,1,2025-04-01,2025-04-01,1200,Trade receivables,Asset,CC-400,SYS-BATCH,System,GST output booked,147187.63,0.0,Not required,
JE1038446,2,2025-04-01,2025-04-01,2200,Output GST payable,Liability,CC-400,SYS-BATCH,System,GST output booked,0.0,147187.63,Not required,
JE1038625,1,2025-04-01,2025-04-01,2100,Trade payables,Liability,CC-500,SYS-BATCH,System,Supplier payment,262547.16,0.0,Not required,
JE1038625,2,2025-04-01,2025-04-01,1110,Bank - current account,Asset,CC-500,SYS-BATCH,System,Supplier payment,0.0,262547.16,Not required,
JE1038838,1,2025-04-01,2025-04-01,1410,Advance to suppliers,Asset,CC-100,SYS-BATCH,System,Advance to supplier,304121.12,0.0,Not required,
JE1038838,2,2025-04-01,2025-04-01,1110,Bank - current account,Asset,CC-100,SYS-BATCH,System,Advance to supplier,0.0,304121.12,Not required,
JE1038913,1,2025-04-01,2025-04-01,1200,Trade receivables,Asset,CC-200,SYS-BATCH,System,Sales invoice raised,118749.21,0.0,Not required,
JE1038913,2,2025-04-01,2025-04-01,4100,Revenue - product sales,Income,CC-200,SYS-BATCH,System,Sales invoice raised,0.0,118749.21,Not required,
JE1039896,1,2025-04-01,2025-04-01,5320,Repairs and maintenance,Expense,CC-100,SYS-BATCH,System,Repairs and upkeep,9999.75,0.0,Not required,
JE1039896,2,2025-04-01,2025-04-01,2100,Trade payables,Liability,CC-100,SYS-BATCH,System,Repairs and upkeep,0.0,9999.75,Not required,
JE1040374,1,2025-04-01,2025-04-01,1200,Trade receivables,Asset,CC-300,SYS-BATCH,System,Sales invoice raised,585522.25,0.0,Approved,A002
JE1040374,2,2025-04-01,2025-04-01,4100,Revenue - product sales,Income,CC-300,SYS-BATCH,System,Sales invoice raised,0.0,585522.25,Approved,A002
JE1040426,1,2025-04-01,2025-04-01,1200,Trade receivables,Asset,CC-500,SYS-BATCH,System,Sales invoice raised,209365.23,0.0,Not required,
JE1040426,2,2025-04-01,2025-04-01,4100,Revenue - product sales,Income,CC-500,SYS-BATCH,System,Sales invoice raised,0.0,209365.23,Not required,
JE1040832,1,2025-04-01,2025-04-01,5310,Power and fuel,Expense,CC-200,SYS-BATCH,System,Electricity charges,213180.98,0.0,Not required,
JE1040832,2,2025-04-01,2025-04-01,2110,Accrued expenses,Liability,CC-200,SYS-BATCH,System,Electricity charges,0.0,213180.98,Not required,
JE1040959,1,2025-04-01,2025-04-01,2100,Trade payables,Liability,CC-300,SYS-BATCH,System,TDS deducted on payment,65430.08,0.0,Not required,
JE1040959,2,2025-04-01,2025-04-01,2210,TDS payable,Liability,CC-300,SYS-BATCH,System,TDS deducted on payment,0.0,65430.08,Not required,
JE1041041,1,2025-04-01,2025-04-01,1200,Trade receivables,Asset,CC-500,SYS-BATCH,System,Sales invoice raised,104696.48,0.0,Not required,
JE1041041,2,2025-04-01,2025-04-01,4100,Revenue - product sales,Income,CC-500,SYS-BATCH,System,Sales invoice raised,0.0,104696.48,Not required,
JE1041291,1,2025-04-01,2025-04-01,1200,Trade receivables,Asset,CC-200,SYS-BATCH,System,Sales invoice raised,188458.6,0.0,Not required,
JE1041291,2,2025-04-01,2025-04-01,4100,Revenue - product sales,Income,CC-200,SYS-BATCH,System,Sales invoice raised,0.0,188458.6,Not required,
JE1041312,1,2025-04-01,2025-04-01,1200,Trade receivables,Asset,CC-200,SYS-BATCH,System,Service invoice raised,350015.5,0.0,Not required,
JE1041312,2,2025-04-01,2025-04-01,4110,Revenue - service income,Income,CC-200,SYS-BATCH,System,Service invoice raised,0.0,350015.5,Not required,
JE1041896,1,2025-04-01,2025-04-01,2100,Trade payables,Liability,CC-400,SYS-BATCH,System,Supplier payment,599056.11,0.0,Approved,A001
JE1041896,2,2025-04-01,2025-04-01,1110,Bank - current account,Asset,CC-400,SYS-BATCH,System,Supplier payment,0.0,599056.11,Approved,A001
JE1042092,1,2025-04-01,2025-04-01,5320,Repairs and maintenance,Expense,CC-300,U004,Manual,Repairs and upkeep,143394.72,0.0,Not required,
JE1042092,2,2025-04-01,2025-04-01,2100,Trade payables,Liability,CC-300,U004,Manual,Repairs and upkeep,0.0,143394.72,Not required,
JE1042266,1,2025-04-01,2025-04-01,5340,Legal and professional fees,Expense,CC-100,SYS-BATCH,System,Professional fees billed,221884.22,0.0,Not required,
JE1042266,2,2025-04-01,2025-04-01,2100,Trade payables,Liability,CC-100,SYS-BATCH,System,Professional fees billed,0.0,221884.22,Not required,
JE1042736,1,2025-04-01,2025-04-01,1600,Input GST receivable,Asset,CC-300,SYS-BATCH,System,GST input booked,108764.61,0.0,Not required,
JE1042736,2,2025-04-01,2025-04-01,2100,Trade payables,Liability,CC-300,SYS-BATCH,System,GST input booked,0.0,108764.61,Not required,
JE1043775,1,2025-04-01,2025-04-01,2100,Trade payables,Liability,CC-200,SYS-BATCH,System,Supplier payment,536846.22,0.0,Approved,A002
JE1043775,2,2025-04-01,2025-04-01,1110,Bank - current account,Asset,CC-200,SYS-BATCH,System,Supplier payment,0.0,536846.22,Approved,A002
JE1043897,1,2025-04-01,2025-04-01,5200,Employee benefit expense,Expense,CC-100,SYS-BATCH,System,Payroll for the month,620969.42,0.0,Approved,A001
JE1043897,2,2025-04-01,2025-04-01,2120,Provision for employee benefits,Liability,CC-100,SYS-BATCH,System,Payroll for the month,0.0,620969.42,Approved,A001
JE1043899,1,2025-04-01,2025-04-01,5500,Finance cost,Expense,CC-600,SYS-BATCH,System,Interest on borrowings,644686.56,0.0,Approved,A002
JE1043899,2,2025-04-01,2025-04-01,2310,Interest accrued but not due,Liability,CC-600,SYS-BATCH,System,Interest on borrowings,0.0,644686.56,Approved,A002
JE1044298,1,2025-04-01,2025-04-01,5300,Rent expense,Expense,CC-400,U003,Manual,Rent for the period,303189.89,0.0,Not required,
JE1044298,2,2025-04-01,2025-04-01,2110,Accrued expenses,Liability,CC-400,U003,Manual,Rent for the period,0.0,303189.89,Not required,
JE1044899,1,2025-04-01,2025-04-01,5100,Cost of materials consumed,Expense,CC-500,U019,Manual,Purchase of raw material,193890.46,0.0,Not required,
JE1044899,2,2025-04-01,2025-04-01,2100,Trade payables,Liability,CC-500,U019,Manual,Purchase of raw material,0.0,193890.46,Not required,
JE1044918,1,2025-04-01,2025-04-01,5100,Cost of materials consumed,Expense,CC-500,U001,Manual,Purchase of raw material,645636.03,0.0,Approved,A001
JE1044918,2,2025-04-01,2025-04-01,2100,Trade payables,Liability,CC-500,U001,Manual,Purchase of raw material,0.0,645636.03,Approved,A001
JE1045140,1,2025-04-01,2025-04-01,5210,Contract staff cost,Expense,CC-200,SYS-BATCH,System,Contract staff billing,174078.95,0.0,Not required,
JE1045140,2,2025-04-01,2025-04-01,2100,Trade payables,Liability,CC-200,SYS-BATCH,System,Contract staff billing,0.0,174078.95,Not required,
JE1045433,1,2025-04-01,2025-04-01,2100,Trade payables,Liability,CC-300,SYS-BATCH,System,Supplier payment,537707.73,0.0,Approved,A003
JE1045433,2,2025-04-01,2025-04-01,1110,Bank - current account,Asset,CC-300,SYS-BATCH,System,Supplier payment,0.0,537707.73,Approved,A003
JE1045707,1,2025-04-01,2025-04-01,1200,Trade receivables,Asset,CC-500,SYS-BATCH,System,Sales invoice raised,699978.08,0.0,Approved,A003
JE1045707,2,2025-04-01,2025-04-01,4100,Revenue - product sales,Income,CC-500,SYS-BATCH,System,Sales invoice raised,0.0,699978.08,Approved,A003
JE1046172,1,2025-04-01,2025-04-01,5380,Printing and stationery,Expense,CC-100,SYS-BATCH,System,Stationery purchase,13515.72,0.0,Not required,
JE1046172,2,2025-04-01,2025-04-01,2100,Trade payables,Liability,CC-100,SYS-BATCH,System,Stationery purchase,0.0,13515.72,Not required,
JE1046532,1,2025-04-01,2025-04-01,2100,Trade payables,Liability,CC-400,U001,Manual,Supplier payment,51949.37,0.0,Not required,
JE1046532,2,2025-04-01,2025-04-01,1110,Bank - current account,Asset,CC-400,U001,Manual,Supplier payment,0.0,51949.37,Not required,
JE1046544,1,2025-04-01,2025-04-01,5370,Communication expense,Expense,CC-600,SYS-BATCH,System,Telephone and internet,56413.74,0.0,Not required,
JE1046544,2,2025-04-01,2025-04-01,2110,Accrued expenses,Liability,CC-600,SYS-BATCH,System,Telephone and internet,0.0,56413.74,Not required,
JE1047184,1,2025-04-01,2025-04-01,5330,Travel and conveyance,Expense,CC-300,SYS-BATCH,System,Travel reimbursement,35790.32,0.0,Not required,
JE1047184,2,2025-04-01,2025-04-01,1110,Bank - current account,Asset,CC-300,SYS-BATCH,System,Travel reimbursement,0.0,35790.32,Not required,
JE1047416,1,2025-04-01,2025-04-01,1200,Trade receivables,Asset,CC-400,U008,Manual,Service invoice raised,381810.51,0.0,Not required,
JE1047416,2,2025-04-01,2025-04-01,4110,Revenue - service income,Income,CC-400,U008,Manual,Service invoice raised,0.0,381810.51,Not required,
JE1047570,1,2025-04-01,2025-04-01,5500,Finance cost,Expense,CC-600,SYS-BATCH,System,Interest on borrowings,202587.91,0.0,Not required,
JE1047570,2,2025-04-01,2025-04-01,2310,Interest accrued but not due,Liability,CC-600,SYS-BATCH,System,Interest on borrowings,0.0,202587.91,Not required,
JE1048029,1,2025-04-01,2025-04-01,5200,Employee benefit expense,Expense,CC-600,SYS-BATCH,System,Payroll for the month,2589835.07,0.0,Approved,A002
JE1048029,2,2025-04-01,2025-04-01,2120,Provision for employee benefits,Liability,CC-600,SYS-BATCH,System,Payroll for the month,0.0,2589835.07,Approved,A002
JE1048164,1,2025-04-01,2025-04-01,1200,Trade receivables,Asset,CC-300,SYS-BATCH,System,Service invoice raised,72095.02,0.0,Not required,
JE1048164,2,2025-04-01,2025-04-01,4110,Revenue - service income,Income,CC-300,SYS-BATCH,System,Service invoice raised,0.0,72095.02,Not required,
JE1048216,1,2025-04-01,2025-04-01,1200,Trade receivables,Asset,CC-200,SYS-BATCH,System,Sales invoice raised,197805.16,0.0,Not required,
JE1048216,2,2025-04-01,2025-04-01,4100,Revenue - product sales,Income,CC-200,SYS-BATCH,System,Sales invoice raised,0.0,197805.16,Not required,
JE1048608,1,2025-04-01,2025-04-01,1110,Bank - current account,Asset,CC-100,SYS-BATCH,System,Customer receipt,22493.26,0.0,Not required,
JE1048608,2,2025-04-01,2025-04-01,1200,Trade receivables,Asset,CC-100,SYS-BATCH,System,Customer receipt,0.0,22493.26,Not required,
JE1049965,1,2025-04-01,2025-04-01,5210,Contract staff cost,Expense,CC-300,U010,Manual,Contract staff billing,343752.33,0.0,Not required,
JE1049965,2,2025-04-01,2025-04-01,2100,Trade payables,Liability,CC-300,U010,Manual,Contract staff billing,0.0,343752.33,Not required,
JE1050561,1,2025-04-01,2025-04-01,1200,Trade receivables,Asset,CC-500,SYS-BATCH,System,Sales invoice raised,410990.29,0.0,Not required,
JE1050561,2,2025-04-01,2025-04-01,4100,Revenue - product sales,Income,CC-500,SYS-BATCH,System,Sales invoice raised,0.0,410990.29,Not required,
JE1051066,1,2025-04-01,2025-04-01,5350,Advertisement and marketing,Expense,CC-300,SYS-BATCH,System,Marketing spend,142452.35,0.0,Not required,
JE1051066,2,2025-04-01,2025-04-01,2100,Trade payables,Liability,CC-300,SYS-BATCH,System,Marketing spend,0.0,142452.35,Not required,
JE1051293,1,2025-04-01,2025-04-01,5370,Communication expense,Expense,CC-400,SYS-BATCH,System,Telephone and internet,56487.56,0.0,Not required,
JE1051293,2,2025-04-01,2025-04-01,2110,Accrued expenses,Liability,CC-400,SYS-BATCH,System,Telephone and internet,0.0,56487.56,Not required,
JE1051304,1,2025-04-01,2025-04-01,1110,Bank - current account,Asset,CC-400,SYS-BATCH,System,Customer receipt,279840.9,0.0,Not required,
JE1051304,2,2025-04-01,2025-04-01,1200,Trade receivables,Asset,CC-400,SYS-BATCH,System,Customer receipt,0.0,279840.9,Not required,
JE1052126,1,2025-04-01,2025-04-01,5210,Contract staff cost,Expense,CC-100,SYS-BATCH,System,Contract staff billing,324332.48,0.0,Not required,
JE1052126,2,2025-04-01,2025-04-01,2100,Trade payables,Liability,CC-100,SYS-BATCH,System,Contract staff billing,0.0,324332.48,Not required,
JE1052135,1,2025-04-01,2025-04-01,2100,Trade payables,Liability,CC-200,SYS-BATCH,System,Supplier payment,216787.42,0.0,Not required,
JE1052135,2,2025-04-01,2025-04-01,1110,Bank - current account,Asset,CC-200,SYS-BATCH,System,Supplier payment,0.0,216787.42,Not required,
JE1052749,1,2025-04-01,2025-04-01,1110,Bank - current account,Asset,CC-500,U009,Manual,Customer receipt,721988.24,0.0,Approved,A002
JE1052749,2,2025-04-01,2025-04-01,1200,Trade receivables,Asset,CC-500,U009,Manual,Customer receipt,0.0,721988.24,Approved,A002
JE1052981,1,2025-04-01,2025-04-01,5320,Repairs and maintenance,Expense,CC-100,SYS-BATCH,System,Repairs and upkeep,135546.75,0.0,Not required,
JE1052981,2,2025-04-01,2025-04-01,2100,Trade payables,Liability,CC-100,SYS-BATCH,System,Repairs and upkeep,0.0,135546.75,Not required,
JE1053101,1,2025-04-01,2025-04-01,2100,Trade payables,Liability,CC-300,U008,Manual,Supplier payment,521009.53,0.0,Approved,A002
JE1053101,2,2025-04-01,2025-04-01,1110,Bank - current account,Asset,CC-300,U008,Manual,Supplier payment,0.0,521009.53,Approved,A002
JE1053342,1,2025-04-01,2025-04-01,5100,Cost of materials consumed,Expense,CC-300,SYS-BATCH,System,Purchase of raw material,648933.88,0.0,Approved,A003
JE1053342,2,2025-04-01,2025-04-01,2100,Trade payables,Liability,CC-300,SYS-BATCH,System,Purchase of raw material,0.0,648933.88,Approved,A003
JE1053929,1,2025-04-01,2025-04-01,5320,Repairs and maintenance,Expense,CC-200,SYS-BATCH,System,Repairs and upkeep,40240.36,0.0,Not required,
JE1053929,2,2025-04-01,2025-04-01,2100,Trade payables,Liability,CC-200,SYS-BATCH,System,Repairs and upkeep,0.0,40240.36,Not required,
JE1054174,1,2025-04-01,2025-04-01,1110,Bank - current account,Asset,CC-500,SYS-BATCH,System,Customer receipt,550975.47,0.0,Approved,A003
JE1054174,2,2025-04-01,2025-04-01,1200,Trade receivables,Asset,CC-500,SYS-BATCH,System,Customer receipt,0.0,550975.47,Approved,A003
JE1054656,1,2025-04-01,2025-04-01,5100,Cost of materials consumed,Expense,CC-600,U004,Manual,Purchase of raw material,382530.11,0.0,Not required,
JE1054656,2,2025-04-01,2025-04-01,2100,Trade payables,Liability,CC-600,U004,Manual,Purchase of raw material,0.0,382530.11,Not required,
JE1054729,1,2025-04-01,2025-04-01,1200,Trade receivables,Asset,CC-100,SYS-BATCH,System,Sales invoice raised,568598.07,0.0,Approved,A001
JE1054729,2,2025-04-01,2025-04-01,4100,Revenue - product sales,Income,CC-100,SYS-BATCH,System,Sales invoice raised,0.0,568598.07,Approved,A001
JE1054748,1,2025-04-01,2025-04-01,1200,Trade receivables,Asset,CC-100,SYS-BATCH,System,Sales invoice raised,130323.6,0.0,Not required,
JE1054748,2,2025-04-01,2025-04-01,4100,Revenue - product sales,Income,CC-100,SYS-BATCH,System,Sales invoice raised,0.0,130323.6,Not required,
JE1055021,1,2025-04-01,2025-04-01,5100,Cost of materials consumed,Expense,CC-500,SYS-BATCH,System,Purchase of raw material,63826.07,0.0,Not required,
JE1055021,2,2025-04-01,2025-04-01,2100,Trade payables,Liability,CC-500,SYS-BATCH,System,Purchase of raw material,0.0,63826.07,Not required,
JE1055278,1,2025-04-01,2025-04-01,1110,Bank - current account,Asset,CC-100,U015,Manual,Customer receipt,72202.86,0.0,Not required,
JE1055278,2,2025-04-01,2025-04-01,1200,Trade receivables,Asset,CC-100,U015,Manual,Customer receipt,0.0,72202.86,Not required,
JE1055299,1,2025-04-01,2025-04-01,1200,Trade receivables,Asset,CC-600,U018,Manual,GST output booked,31548.37,0.0,Not required,
JE1055299,2,2025-04-01,2025-04-01,2200,Output GST payable,Liability,CC-600,U018,Manual,GST output booked,0.0,31548.37,Not required,
JE1055929,1,2025-04-01,2025-04-01,5210,Contract staff cost,Expense,CC-500,SYS-BATCH,System,Contract staff billing,114857.9,0.0,Not required,
JE1055929,2,2025-04-01,2025-04-01,2100,Trade payables,Liability,CC-500,SYS-BATCH,System,Contract staff billing,0.0,114857.9,Not required,
JE1056043,1,2025-04-01,2025-04-01,5350,Advertisement and marketing,Expense,CC-200,SYS-BATCH,System,Marketing spend,187149.8,0.0,Not required,
JE1056043,2,2025-04-01,2025-04-01,2100,Trade payables,Liability,CC-200,SYS-BATCH,System,Marketing spend,0.0,187149.8,Not required,
JE1056267,1,2025-04-01,2025-04-01,5500,Finance cost,Expense,CC-600,SYS-BATCH,System,Interest on borrowings,267588.05,0.0,Not required,
JE1056267,2,2025-04-01,2025-04-01,2310,Interest accrued but not due,Liability,CC-600,SYS-BATCH,System,Interest on borrowings,0.0,267588.05,Not required,
JE1056309,1,2025-04-01,2025-04-01,1110,Bank - current account,Asset,CC-100,SYS-BATCH,System,Customer receipt,380808.99,0.0,Not required,
JE1056309,2,2025-04-01,2025-04-01,1200,Trade receivables,Asset,CC-100,SYS-BATCH,System,Customer receipt,0.0,380808.99,Not required,
JE1056502,1,2025-04-01,2025-04-01,1200,Trade receivables,Asset,CC-500,SYS-BATCH,System,Service invoice raised,549080.64,0.0,Approved,A002
JE1056502,2,2025-04-01,2025-04-01,4110,Revenue - service income,Income,CC-500,SYS-BATCH,System,Service invoice raised,0.0,549080.64,Approved,A002
JE1056589,1,2025-04-01,2025-04-01,5100,Cost of materials consumed,Expense,CC-500,SYS-BATCH,System,Purchase of raw material,428487.2,0.0,Not required,
JE1056589,2,2025-04-01,2025-04-01,2100,Trade payables,Liability,CC-500,SYS-BATCH,System,Purchase of raw material,0.0,428487.2,Not required,
JE1056724,1,2025-04-01,2025-04-01,5310,Power and fuel,Expense,CC-100,SYS-BATCH,System,Electricity charges,159008.5,0.0,Not required,
JE1056724,2,2025-04-01,2025-04-01,2110,Accrued expenses,Liability,CC-100,SYS-BATCH,System,Electricity charges,0.0,159008.5,Not required,
JE1056767,1,2025-04-01,2025-04-01,5400,Depreciation and amortisation,Expense,CC-400,SYS-BATCH,System,Depreciation charge,548295.55,0.0,Approved,A003
JE1056767,2,2025-04-01,2025-04-01,1510,Accumulated depreciation,Asset,CC-400,SYS-BATCH,System,Depreciation charge,0.0,548295.55,Approved,A003
JE1056913,1,2025-04-01,2025-04-01,2100,Trade payables,Liability,CC-600,U010,Manual,Supplier payment,631384.6,0.0,Approved,A003
JE1056913,2,2025-04-01,2025-04-01,1110,Bank - current account,Asset,CC-600,U010,Manual,Supplier payment,0.0,631384.6,Approved,A003
JE1057448,1,2025-04-01,2025-04-01,5300,Rent expense,Expense,CC-400,SYS-BATCH,System,Rent for the period,151823.21,0.0,Not required,
JE1057448,2,2025-04-01,2025-04-01,2110,Accrued expenses,Liability,CC-400,SYS-BATCH,System,Rent for the period,0.0,151823.21,Not required,
JE1057678,1,2025-04-01,2025-04-01,1110,Bank - current account,Asset,CC-500,SYS-BATCH,System,Customer receipt,93889.78,0.0,Not required,
JE1057678,2,2025-04-01,2025-04-01,1200,Trade receivables,Asset,CC-500,SYS-BATCH,System,Customer receipt,0.0,93889.78,Not required,
JE1057984,1,2025-04-01,2025-04-01,1200,Trade receivables,Asset,CC-200,SYS-BATCH,System,Sales invoice raised,289893.42,0.0,Not required,
JE1057984,2,2025-04-01,2025-04-01,4100,Revenue - product sales,Income,CC-200,SYS-BATCH,System,Sales invoice raised,0.0,289893.42,Not required,
JE1057986,1,2025-04-01,2025-04-01,5100,Cost of materials consumed,Expense,CC-100,U015,Manual,Purchase of raw material,426983.43,0.0,Not required,
JE1057986,2,2025-04-01,2025-04-01,2100,Trade payables,Liability,CC-100,U015,Manual,Purchase of raw material,0.0,426983.43,Not required,
JE1058093,1,2025-04-01,2025-04-01,1200,Trade receivables,Asset,CC-100,SYS-BATCH,System,Service invoice raised,255181.74,0.0,Not required,
JE1058093,2,2025-04-01,2025-04-01,4110,Revenue - service income,Income,CC-100,SYS-BATCH,System,Service invoice raised,0.0,255181.74,Not required,
JE1058245,1,2025-04-01,2025-04-01,5340,Legal and professional fees,Expense,CC-400,SYS-BATCH,System,Professional fees billed,222514.63,0.0,Not required,
JE1058245,2,2025-04-01,2025-04-01,2100,Trade payables,Liability,CC-400,SYS-BATCH,System,Professional fees billed,0.0,222514.63,Not required,
JE1059252,1,2025-04-01,2025-04-01,1200,Trade receivables,Asset,CC-600,SYS-BATCH,System,Service invoice raised,518376.55,0.0,Approved,A003
JE1059252,2,2025-04-01,2025-04-01,4110,Revenue - service income,Income,CC-600,SYS-BATCH,System,Service invoice raised,0.0,518376.55,Approved,A003
JE1059277,1,2025-04-01,2025-04-01,2100,Trade payables,Liability,CC-300,SYS-BATCH,System,Supplier payment,549578.45,0.0,Approved,A001
JE1059277,2,2025-04-01,2025-04-01,1110,Bank - current account,Asset,CC-300,SYS-BATCH,System,Supplier payment,0.0,549578.45,Approved,A001
JE1059668,1,2025-04-01,2025-04-01,5320,Repairs and maintenance,Expense,CC-200,SYS-BATCH,System,Repairs and upkeep,113287.12,0.0,Not required,
JE1059668,2,2025-04-01,2025-04-01,2100,Trade payables,Liability,CC-200,SYS-BATCH,System,Repairs and upkeep,0.0,113287.12,Not required,
JE1060747,1,2025-04-01,2025-04-01,5310,Power and fuel,Expense,CC-100,SYS-BATCH,System,Electricity charges,154778.87,0.0,Not required,
JE1060747,2,2025-04-01,2025-04-01,2110,Accrued expenses,Liability,CC-100,SYS-BATCH,System,Electricity charges,0.0,154778.87,Not required,
JE1060866,1,2025-04-01,2025-04-01,1200,Trade receivables,Asset,CC-600,SYS-BATCH,System,GST output booked,13584.79,0.0,Not required,
JE1060866,2,2025-04-01,2025-04-01,2200,Output GST payable,Liability,CC-600,SYS-BATCH,System,GST output booked,0.0,13584.79,Not required,
JE1060970,1,2025-04-01,2025-04-01,1200,Trade receivables,Asset,CC-300,SYS-BATCH,System,Sales invoice raised,299827.56,0.0,Not required,
JE1060970,2,2025-04-01,2025-04-01,4100,Revenue - product sales,Income,CC-300,SYS-BATCH,System,Sales invoice raised,0.0,299827.56,Not required,
JE1061072,1,2025-04-01,2025-04-01,5100,Cost of materials consumed,Expense,CC-500,U005,Manual,Purchase of raw material,669428.09,0.0,Approved,A002
JE1061072,2,2025-04-01,2025-04-01,2100,Trade payables,Liability,CC-500,U005,Manual,Purchase of raw material,0.0,669428.09,Approved,A002
JE1061122,1,2025-04-01,2025-04-01,5200,Employee benefit expense,Expense,CC-500,SYS-BATCH,System,Payroll for the month,1823925.79,0.0,Approved,A002
JE1061122,2,2025-04-01,2025-04-01,2120,Provision for employee benefits,Liability,CC-500,SYS-BATCH,System,Payroll for the month,0.0,1823925.79,Approved,A002
JE1061338,1,2025-04-01,2025-04-01,5400,Depreciation and amortisation,Expense,CC-100,SYS-BATCH,System,Depreciation charge,656985.52,0.0,Approved,A001
JE1061338,2,2025-04-01,2025-04-01,1510,Accumulated depreciation,Asset,CC-100,SYS-BATCH,System,Depreciation charge,0.0,656985.52,Approved,A001
JE1061406,1,2025-04-01,2025-04-01,2100,Trade payables,Liability,CC-500,SYS-BATCH,System,Supplier payment,336468.56,0.0,Not required,
JE1061406,2,2025-04-01,2025-04-01,1110,Bank - current account,Asset,CC-500,SYS-BATCH,System,Supplier payment,0.0,336468.56,Not required,
JE1061540,1,2025-04-01,2025-04-01,5320,Repairs and maintenance,Expense,CC-400,SYS-BATCH,System,Repairs and upkeep,135519.1,0.0,Not required,
JE1061540,2,2025-04-01,2025-04-01,2100,Trade payables,Liability,CC-400,SYS-BATCH,System,Repairs and upkeep,0.0,135519.1,Not required,
JE1061769,1,2025-04-01,2025-04-01,1110,Bank - current account,Asset,CC-600,SYS-BATCH,System,Customer receipt,318019.72,0.0,Not required,
JE1061769,2,2025-04-01,2025-04-01,1200,Trade receivables,Asset,CC-600,SYS-BATCH,System,Customer receipt,0.0,318019.72,Not required,
JE1061782,1,2025-04-01,2025-04-01,5380,Printing and stationery,Expense,CC-500,SYS-BATCH,System,Stationery purchase,4113.65,0.0,Not required,
JE1061782,2,2025-04-01,2025-04-01,2100,Trade payables,Liability,CC-500,SYS-BATCH,System,Stationery purchase,0.0,4113.65,Not required,
JE1061915,1,2025-04-01,2025-04-01,5200,Employee benefit expense,Expense,CC-500,SYS-BATCH,System,Payroll for the month,478001.72,0.0,Not required,
JE1061915,2,2025-04-01,2025-04-01,2120,Provision for employee benefits,Liability,CC-500,SYS-BATCH,System,Payroll for the month,0.0,478001.72,Not required,
JE1062080,1,2025-04-01,2025-04-01,5100,Cost of materials consumed,Expense,CC-200,SYS-BATCH,System,Purchase of raw material,322602.28,0.0,Not required,
JE1062080,2,2025-04-01,2025-04-01,2100,Trade payables,Liability,CC-200,SYS-BATCH,System,Purchase of raw material,0.0,322602.28,Not required,
JE1062243,1,2025-04-01,2025-04-01,5300,Rent expense,Expense,CC-500,SYS-BATCH,System,Rent for the period,239765.46,0.0,Not required,
JE1062243,2,2025-04-01,2025-04-01,2110,Accrued expenses,Liability,CC-500,SYS-BATCH,System,Rent for the period,0.0,239765.46,Not required,
JE1062430,1,2025-04-01,2025-04-01,5100,Cost of materials consumed,Expense,CC-100,SYS-BATCH,System,Purchase of raw material,201342.85,0.0,Not required,
JE1062430,2,2025-04-01,2025-04-01,2100,Trade payables,Liability,CC-100,SYS-BATCH,System,Purchase of raw material,0.0,201342.85,Not required,
JE1062517,1,2025-04-01,2025-04-01,1600,Input GST receivable,Asset,CC-400,SYS-BATCH,System,GST input booked,93261.12,0.0,Not required,
JE1062517,2,2025-04-01,2025-04-01,2100,Trade payables,Liability,CC-400,SYS-BATCH,System,GST input booked,0.0,93261.12,Not required,
JE1063083,1,2025-04-01,2025-04-01,1110,Bank - current account,Asset,CC-600,SYS-BATCH,System,Customer receipt,529995.43,0.0,Approved,A002
JE1063083,2,2025-04-01,2025-04-01,1200,Trade receivables,Asset,CC-600,SYS-BATCH,System,Customer receipt,0.0,529995.43,Approved,A002
JE1063384,1,2025-04-01,2025-04-01,5310,Power and fuel,Expense,CC-300,SYS-BATCH,System,Electricity charges,235505.6,0.0,Not required,
JE1063384,2,2025-04-01,2025-04-01,2110,Accrued expenses,Liability,CC-300,SYS-BATCH,System,Electricity charges,0.0,235505.6,Not required,
JE1063784,1,2025-04-01,2025-04-01,1410,Advance to suppliers,Asset,CC-600,U003,Manual,Advance to supplier,283201.1,0.0,Not required,
JE1063784,2,2025-04-01,2025-04-01,1110,Bank - current account,Asset,CC-600,U003,Manual,Advance to supplier,0.0,283201.1,Not required,
JE1063886,1,2025-04-01,2025-04-01,5400,Depreciation and amortisation,Expense,CC-600,SYS-BATCH,System,Depreciation charge,1055404.33,0.0,Approved,A002
JE1063886,2,2025-04-01,2025-04-01,1510,Accumulated depreciation,Asset,CC-600,SYS-BATCH,System,Depreciation charge,0.0,1055404.33,Approved,A002
JE1064281,1,2025-04-01,2025-04-01,5100,Cost of materials consumed,Expense,CC-300,SYS-BATCH,System,Purchase of raw material,33024.93,0.0,Not required,
JE1064281,2,2025-04-01,2025-04-01,2100,Trade payables,Liability,CC-300,SYS-BATCH,System,Purchase of raw material,0.0,33024.93,Not required,
JE1064301,1,2025-04-01,2025-04-01,5350,Advertisement and marketing,Expense,CC-200,SYS-BATCH,System,Marketing spend,222896.82,0.0,Not required,
JE1064301,2,2025-04-01,2025-04-01,2100,Trade payables,Liability,CC-200,SYS-BATCH,System,Marketing spend,0.0,222896.82,Not required,
JE1064387,1,2025-04-01,2025-04-01,5100,Cost of materials consumed,Expense,CC-200,SYS-BATCH,System,Purchase of raw material,226044.47,0.0,Not required,
JE1064387,2,2025-04-01,2025-04-01,2100,Trade payables,Liability,CC-200,SYS-BATCH,System,Purchase of raw material,0.0,226044.47,Not required,
JE1064492,1,2025-04-01,2025-04-01,1200,Trade receivables,Asset,CC-100,SYS-BATCH,System,Sales invoice raised,18413.09,0.0,Not required,
JE1064492,2,2025-04-01,2025-04-01,4100,Revenue - product sales,Income,CC-100,SYS-BATCH,System,Sales invoice raised,0.0,18413.09,Not required,
JE1064698,1,2025-04-01,2025-04-01,1200,Trade receivables,Asset,CC-100,SYS-BATCH,System,Sales invoice raised,593677.34,0.0,Approved,A003
JE1064698,2,2025-04-01,2025-04-01,4100,Revenue - product sales,Income,CC-100,SYS-BATCH,System,Sales invoice raised,0.0,593677.34,Approved,A003
JE1064709,1,2025-04-01,2025-04-01,5330,Travel and conveyance,Expense,CC-500,SYS-BATCH,System,Travel reimbursement,23442.73,0.0,Not required,
JE1064709,2,2025-04-01,2025-04-01,1110,Bank - current account,Asset,CC-500,SYS-BATCH,System,Travel reimbursement,0.0,23442.73,Not required,
JE1065341,1,2025-04-01,2025-04-01,1200,Trade receivables,Asset,CC-500,SYS-BATCH,System,Service invoice raised,396599.62,0.0,Not required,
JE1065341,2,2025-04-01,2025-04-01,4110,Revenue - service income,Income,CC-500,SYS-BATCH,System,Service invoice raised,0.0,396599.62,Not required,
JE1065383,1,2025-04-01,2025-04-01,1200,Trade receivables,Asset,CC-400,U007,Manual,GST output booked,123269.61,0.0,Not required,
JE1065383,2,2025-04-01,2025-04-01,2200,Output GST payable,Liability,CC-400,U007,Manual,GST output booked,0.0,123269.61,Not required,
JE1065439,1,2025-04-01,2025-04-01,5210,Contract staff cost,Expense,CC-300,SYS-BATCH,System,Contract staff billing,235604.11,0.0,Not required,
JE1065439,2,2025-04-01,2025-04-01,2100,Trade payables,Liability,CC-300,SYS-BATCH,System,Contract staff billing,0.0,235604.11,Not required,
JE1065477,1,2025-04-01,2025-04-01,1110,Bank - current account,Asset,CC-600,SYS-BATCH,System,Customer receipt,828007.01,0.0,Approved,A002
JE1065477,2,2025-04-01,2025-04-01,1200,Trade receivables,Asset,CC-600,SYS-BATCH,System,Customer receipt,0.0,828007.01,Approved,A002
JE1065714,1,2025-04-01,2025-04-01,1200,Trade receivables,Asset,CC-600,SYS-BATCH,System,Sales invoice raised,724820.54,0.0,Approved,A003
JE1065714,2,2025-04-01,2025-04-01,4100,Revenue - product sales,Income,CC-600,SYS-BATCH,System,Sales invoice raised,0.0,724820.54,Approved,A003
JE1065764,1,2025-04-01,2025-04-01,5200,Employee benefit expense,Expense,CC-500,SYS-BATCH,System,Payroll for the month,2932494.03,0.0,Approved,A003
JE1065764,2,2025-04-01,2025-04-01,2120,Provision for employee benefits,Liability,CC-500,SYS-BATCH,System,Payroll for the month,0.0,2932494.03,Approved,A003
JE1065794,1,2025-04-01,2025-04-01,1110,Bank - current account,Asset,CC-300,SYS-BATCH,System,Customer receipt,327420.2,0.0,Not required,
JE1065794,2,2025-04-01,2025-04-01,1200,Trade receivables,Asset,CC-300,SYS-BATCH,System,Customer receipt,0.0,327420.2,Not required,
JE1065803,1,2025-04-01,2025-04-01,5350,Advertisement and marketing,Expense,CC-600,SYS-BATCH,System,Marketing spend,144708.94,0.0,Not required,
JE1065803,2,2025-04-01,2025-04-01,2100,Trade payables,Liability,CC-600,SYS-BATCH,System,Marketing spend,0.0,144708.94,Not required,
JE1065858,1,2025-04-01,2025-04-01,1110,Bank - current account,Asset,CC-400,SYS-BATCH,System,Customer receipt,261125.91,0.0,Not required,
JE1065858,2,2025-04-01,2025-04-01,1200,Trade receivables,Asset,CC-400,SYS-BATCH,System,Customer receipt,0.0,261125.91,Not required,
JE1066022,1,2025-04-01,2025-04-01,5350,Advertisement and marketing,Expense,CC-600,SYS-BATCH,System,Marketing spend,270334.88,0.0,Not required,
JE1066022,2,2025-04-01,2025-04-01,2100,Trade payables,Liability,CC-600,SYS-BATCH,System,Marketing spend,0.0,270334.88,Not required,
JE1066223,1,2025-04-01,2025-04-01,5100,Cost of materials consumed,Expense,CC-100,SYS-BATCH,System,Purchase of raw material,118931.44,0.0,Not required,
JE1066223,2,2025-04-01,2025-04-01,2100,Trade payables,Liability,CC-100,SYS-BATCH,System,Purchase of raw material,0.0,118931.44,Not required,
JE1066935,1,2025-04-01,2025-04-01,1200,Trade receivables,Asset,CC-100,U017,Manual,Service invoice raised,364229.8,0.0,Not required,
JE1066935,2,2025-04-01,2025-04-01,4110,Revenue - service income,Income,CC-100,U017,Manual,Service invoice raised,0.0,364229.8,Not required,
JE1067302,1,2025-04-01,2025-04-01,5500,Finance cost,Expense,CC-500,SYS-BATCH,System,Interest on borrowings,151798.8,0.0,Not required,
JE1067302,2,2025-04-01,2025-04-01,2310,Interest accrued but not due,Liability,CC-500,SYS-BATCH,System,Interest on borrowings,0.0,151798.8,Not required,
JE1068793,1,2025-04-01,2025-04-01,5100,Cost of materials consumed,Expense,CC-500,U014,Manual,Purchase of raw material,531972.07,0.0,Approved,A003
JE1068793,2,2025-04-01,2025-04-01,2100,Trade payables,Liability,CC-500,U014,Manual,Purchase of raw material,0.0,531972.07,Approved,A003
JE1068962,1,2025-04-01,2025-04-01,2100,Trade payables,Liability,CC-200,SYS-BATCH,System,Supplier payment,120357.88,0.0,Not required,
JE1068962,2,2025-04-01,2025-04-01,1110,Bank - current account,Asset,CC-200,SYS-BATCH,System,Supplier payment,0.0,120357.88,Not required,
JE1069084,1,2025-04-01,2025-04-01,5100,Cost of materials consumed,Expense,CC-200,SYS-BATCH,System,Purchase of raw material,464025.14,0.0,Not required,
JE1069084,2,2025-04-01,2025-04-01,2100,Trade payables,Liability,CC-200,SYS-BATCH,System,Purchase of raw material,0.0,464025.14,Not required,
JE1069123,1,2025-04-01,2025-04-01,5340,Legal and professional fees,Expense,CC-200,SYS-BATCH,System,Professional fees billed,82960.08,0.0,Not required,
JE1069123,2,2025-04-01,2025-04-01,2100,Trade payables,Liability,CC-200,SYS-BATCH,System,Professional fees billed,0.0,82960.08,Not required,
JE1069381,1,2025-04-01,2025-04-01,5400,Depreciation and amortisation,Expense,CC-100,SYS-BATCH,System,Depreciation charge,864122.71,0.0,Approved,A001
JE1069381,2,2025-04-01,2025-04-01,1510,Accumulated depreciation,Asset,CC-100,SYS-BATCH,System,Depreciation charge,0.0,864122.71,Approved,A001
JE1069616,1,2025-04-01,2025-04-01,5210,Contract staff cost,Expense,CC-100,SYS-BATCH,System,Contract staff billing,349066.9,0.0,Not required,
JE1069616,2,2025-04-01,2025-04-01,2100,Trade payables,Liability,CC-100,SYS-BATCH,System,Contract staff billing,0.0,349066.9,Not required,
JE1069692,1,2025-04-01,2025-04-01,2100,Trade payables,Liability,CC-400,SYS-BATCH,System,TDS deducted on payment,67488.31,0.0,Not required,
JE1069692,2,2025-04-01,2025-04-01,2210,TDS payable,Liability,CC-400,SYS-BATCH,System,TDS deducted on payment,0.0,67488.31,Not required,
JE1069768,1,2025-04-01,2025-04-01,5350,Advertisement and marketing,Expense,CC-100,U001,Manual,Marketing spend,122593.24,0.0,Not required,
JE1069768,2,2025-04-01,2025-04-01,2100,Trade payables,Liability,CC-100,U001,Manual,Marketing spend,0.0,122593.24,Not required,
JE1070185,1,2025-04-01,2025-04-01,1200,Trade receivables,Asset,CC-300,SYS-BATCH,System,Service invoice raised,95661.2,0.0,Not required,
JE1070185,2,2025-04-01,2025-04-01,4110,Revenue - service income,Income,CC-300,SYS-BATCH,System,Service invoice raised,0.0,95661.2,Not required,
JE1070225,1,2025-04-01,2025-04-01,5340,Legal and professional fees,Expense,CC-100,SYS-BATCH,System,Professional fees billed,388018.78,0.0,Not required,
JE1070225,2,2025-04-01,2025-04-01,2100,Trade payables,Liability,CC-100,SYS-BATCH,System,Professional fees billed,0.0,388018.78,Not required,
JE1070868,1,2025-04-01,2025-04-01,1110,Bank - current account,Asset,CC-400,SYS-BATCH,System,Customer receipt,490977.81,0.0,Not required,
JE1070868,2,2025-04-01,2025-04-01,1200,Trade receivables,Asset,CC-400,SYS-BATCH,System,Customer receipt,0.0,490977.81,Not required,
JE1071521,1,2025-04-01,2025-04-01,5340,Legal and professional fees,Expense,CC-100,SYS-BATCH,System,Professional fees billed,331967.97,0.0,Not required,
JE1071521,2,2025-04-01,2025-04-01,2100,Trade payables,Liability,CC-100,SYS-BATCH,System,Professional fees billed,0.0,331967.97,Not required,
JE1071566,1,2025-04-01,2025-04-01,1110,Bank - current account,Asset,CC-500,SYS-BATCH,System,Customer receipt,653989.81,0.0,Approved,A002
JE1071566,2,2025-04-01,2025-04-01,1200,Trade receivables,Asset,CC-500,SYS-BATCH,System,Customer receipt,0.0,653989.81,Approved,A002
JE1071971,1,2025-04-01,2025-04-01,1200,Trade receivables,Asset,CC-100,SYS-BATCH,System,Service invoice raised,111488.15,0.0,Not required,
JE1071971,2,2025-04-01,2025-04-01,4110,Revenue - service income,Income,CC-100,SYS-BATCH,System,Service invoice raised,0.0,111488.15,Not required,
JE1072053,1,2025-04-01,2025-04-01,5200,Employee benefit expense,Expense,CC-500,U020,Manual,Payroll for the month,2906443.26,0.0,Approved,A001
JE1072053,2,2025-04-01,2025-04-01,2120,Provision for employee benefits,Liability,CC-500,U020,Manual,Payroll for the month,0.0,2906443.26,Approved,A001
JE1072330,1,2025-04-01,2025-04-01,5330,Travel and conveyance,Expense,CC-500,SYS-BATCH,System,Travel reimbursement,34930.28,0.0,Not required,
JE1072330,2,2025-04-01,2025-04-01,1110,Bank - current account,Asset,CC-500,SYS-BATCH,System,Travel reimbursement,0.0,34930.28,Not required,
JE1072446,1,2025-04-01,2025-04-01,5370,Communication expense,Expense,CC-400,SYS-BATCH,System,Telephone and internet,46676.49,0.0,Not required,
JE1072446,2,2025-04-01,2025-04-01,2110,Accrued expenses,Liability,CC-400,SYS-BATCH,System,Telephone and internet,0.0,46676.49,Not required,
JE1072628,1,2025-04-01,2025-04-01,1600,Input GST receivable,Asset,CC-300,SYS-BATCH,System,GST input booked,44795.52,0.0,Not required,
JE1072628,2,2025-04-01,2025-04-01,2100,Trade payables,Liability,CC-300,SYS-BATCH,System,GST input booked,0.0,44795.52,Not required,
JE1073083,1,2025-04-01,2025-04-01,5100,Cost of materials consumed,Expense,CC-600,U007,Manual,Purchase of raw material,187092.08,0.0,Not required,
JE1073083,2,2025-04-01,2025-04-01,2100,Trade payables,Liability,CC-600,U007,Manual,Purchase of raw material,0.0,187092.08,Not required,
JE1073233,1,2025-04-01,2025-04-01,5500,Finance cost,Expense,CC-200,SYS-BATCH,System,Interest on borrowings,330538.02,0.0,Not required,
JE1073233,2,2025-04-01,2025-04-01,2310,Interest accrued but not due,Liability,CC-200,SYS-BATCH,System,Interest on borrowings,0.0,330538.02,Not required,
JE1073476,1,2025-04-01,2025-04-01,5350,Advertisement and marketing,Expense,CC-200,SYS-BATCH,System,Marketing spend,41748.51,0.0,Not required,
JE1073476,2,2025-04-01,2025-04-01,2100,Trade payables,Liability,CC-200,SYS-BATCH,System,Marketing spend,0.0,41748.51,Not required,
JE1073493,1,2025-04-01,2025-04-01,5370,Communication expense,Expense,CC-100,SYS-BATCH,System,Telephone and internet,45346.48,0.0,Not required,
JE1073493,2,2025-04-01,2025-04-01,2110,Accrued expenses,Liability,CC-100,SYS-BATCH,System,Telephone and internet,0.0,45346.48,Not required,
JE1073686,1,2025-04-01,2025-04-01,1200,Trade receivables,Asset,CC-600,SYS-BATCH,System,Sales invoice raised,714491.54,0.0,Approved,A002
JE1073686,2,2025-04-01,2025-04-01,4100,Revenue - product sales,Income,CC-600,SYS-BATCH,System,Sales invoice raised,0.0,714491.54,Approved,A002
JE1073994,1,2025-04-01,2025-04-01,1200,Trade receivables,Asset,CC-300,SYS-BATCH,System,Sales invoice raised,478541.31,0.0,Not required,
JE1073994,2,2025-04-01,2025-04-01,4100,Revenue - product sales,Income,CC-300,SYS-BATCH,System,Sales invoice raised,0.0,478541.31,Not required,
JE1074089,1,2025-04-01,2025-04-01,5300,Rent expense,Expense,CC-500,U009,Manual,Rent for the period,290573.5,0.0,Not required,
JE1074089,2,2025-04-01,2025-04-01,2110,Accrued expenses,Liability,CC-500,U009,Manual,Rent for the period,0.0,290573.5,Not required,
JE1074090,1,2025-04-01,2025-04-01,5100,Cost of materials consumed,Expense,CC-600,SYS-BATCH,System,Purchase of raw material,205668.58,0.0,Not required,
JE1074090,2,2025-04-01,2025-04-01,2100,Trade payables,Liability,CC-600,SYS-BATCH,System,Purchase of raw material,0.0,205668.58,Not required,
JE1074873,1,2025-04-01,2025-04-01,1600,Input GST receivable,Asset,CC-500,SYS-BATCH,System,GST input booked,36143.2,0.0,Not required,
JE1074873,2,2025-04-01,2025-04-01,2100,Trade payables,Liability,CC-500,SYS-BATCH,System,GST input booked,0.0,36143.2,Not required,
JE1075011,1,2025-04-01,2025-04-01,1200,Trade receivables,Asset,CC-300,SYS-BATCH,System,Sales invoice raised,404009.64,0.0,Not required,
JE1075011,2,2025-04-01,2025-04-01,4100,Revenue - product sales,Income,CC-300,SYS-BATCH,System,Sales invoice raised,0.0,404009.64,Not required,
JE1075104,1,2025-04-01,2025-04-01,5310,Power and fuel,Expense,CC-200,U006,Manual,Electricity charges,200689.93,0.0,Not required,
JE1075104,2,2025-04-01,2025-04-01,2110,Accrued expenses,Liability,CC-200,U006,Manual,Electricity charges,0.0,200689.93,Not required,
JE1075376,1,2025-04-01,2025-04-01,2100,Trade payables,Liability,CC-600,U005,Manual,Supplier payment,458695.25,0.0,Not required,
JE1075376,2,2025-04-01,2025-04-01,1110,Bank - current account,Asset,CC-600,U005,Manual,Supplier payment,0.0,458695.25,Not required,
JE1075498,1,2025-04-01,2025-04-01,5300,Rent expense,Expense,CC-400,SYS-BATCH,System,Rent for the period,223191.88,0.0,Not required,
JE1075498,2,2025-04-01,2025-04-01,2110,Accrued expenses,Liability,CC-400,SYS-BATCH,System,Rent for the period,0.0,223191.88,Not required,
JE1075628,1,2025-04-01,2025-04-01,1200,Trade receivables,Asset,CC-100,SYS-BATCH,System,Sales invoice raised,139837.31,0.0,Not required,
JE1075628,2,2025-04-01,2025-04-01,4100,Revenue - product sales,Income,CC-100,SYS-BATCH,System,Sales invoice raised,0.0,139837.31,Not required,
JE1075724,1,2025-04-01,2025-04-01,1200,Trade receivables,Asset,CC-500,SYS-BATCH,System,Sales invoice raised,55987.26,0.0,Not required,
JE1075724,2,2025-04-01,2025-04-01,4100,Revenue - product sales,Income,CC-500,SYS-BATCH,System,Sales invoice raised,0.0,55987.26,Not required,
JE1075768,1,2025-04-01,2025-04-01,5310,Power and fuel,Expense,CC-100,SYS-BATCH,System,Electricity charges,51830.87,0.0,Not required,
JE1075768,2,2025-04-01,2025-04-01,2110,Accrued expenses,Liability,CC-100,SYS-BATCH,System,Electricity charges,0.0,51830.87,Not required,
JE1075820,1,2025-04-01,2025-04-01,5400,Depreciation and amortisation,Expense,CC-200,SYS-BATCH,System,Depreciation charge,695335.14,0.0,Approved,A003
JE1075820,2,2025-04-01,2025-04-01,1510,Accumulated depreciation,Asset,CC-200,SYS-BATCH,System,Depreciation charge,0.0,695335.14,Approved,A003
JE1075853,1,2025-04-01,2025-04-01,5300,Rent expense,Expense,CC-500,SYS-BATCH,System,Rent for the period,148853.7,0.0,Not required,
JE1075853,2,2025-04-01,2025-04-01,2110,Accrued expenses,Liability,CC-500,SYS-BATCH,System,Rent for the period,0.0,148853.7,Not required,
JE1075861,1,2025-04-01,2025-04-01,2100,Trade payables,Liability,CC-500,SYS-BATCH,System,Supplier payment,648596.67,0.0,Approved,A002
JE1075861,2,2025-04-01,2025-04-01,1110,Bank - current account,Asset,CC-500,SYS-BATCH,System,Supplier payment,0.0,648596.67,Approved,A002
JE1076218,1,2025-04-01,2025-04-01,1110,Bank - current account,Asset,CC-200,U001,Manual,Customer receipt,742549.4,0.0,Approved,A001
JE1076218,2,2025-04-01,2025-04-01,1200,Trade receivables,Asset,CC-200,U001,Manual,Customer receipt,0.0,742549.4,Approved,A001
JE1076471,1,2025-04-01,2025-04-01,5340,Legal and professional fees,Expense,CC-200,SYS-BATCH,System,Professional fees billed,203863.03,0.0,Not required,
JE1076471,2,2025-04-01,2025-04-01,2100,Trade payables,Liability,CC-200,SYS-BATCH,System,Professional fees billed,0.0,203863.03,Not required,
JE1076519,1,2025-04-01,2025-04-01,5330,Travel and conveyance,Expense,CC-200,SYS-BATCH,System,Travel reimbursement,51622.18,0.0,Not required,
JE1076519,2,2025-04-01,2025-04-01,1110,Bank - current account,Asset,CC-200,SYS-BATCH,System,Travel reimbursement,0.0,51622.18,Not required,
JE1076590,1,2025-04-01,2025-04-01,1200,Trade receivables,Asset,CC-400,SYS-BATCH,System,GST output booked,127147.54,0.0,Not required,
JE1076590,2,2025-04-01,2025-04-01,2200,Output GST payable,Liability,CC-400,SYS-BATCH,System,GST output booked,0.0,127147.54,Not required,
JE1076850,1,2025-04-01,2025-04-01,1200,Trade receivables,Asset,CC-600,SYS-BATCH,System,Sales invoice raised,72338.54,0.0,Not required,
JE1076850,2,2025-04-01,2025-04-01,4100,Revenue - product sales,Income,CC-600,SYS-BATCH,System,Sales invoice raised,0.0,72338.54,Not required,
JE1076948,1,2025-04-01,2025-04-01,5100,Cost of materials consumed,Expense,CC-600,SYS-BATCH,System,Purchase of raw material,348253.05,0.0,Not required,
JE1076948,2,2025-04-01,2025-04-01,2100,Trade payables,Liability,CC-600,SYS-BATCH,System,Purchase of raw material,0.0,348253.05,Not required,
JE1077146,1,2025-04-01,2025-04-01,1200,Trade receivables,Asset,CC-100,U012,Manual,Service invoice raised,172174.85,0.0,Not required,
JE1077146,2,2025-04-01,2025-04-01,4110,Revenue - service income,Income,CC-100,U012,Manual,Service invoice raised,0.0,172174.85,Not required,
JE1077179,1,2025-04-01,2025-04-01,5210,Contract staff cost,Expense,CC-500,U009,Manual,Contract staff billing,276830.65,0.0,Not required,
JE1077179,2,2025-04-01,2025-04-01,2100,Trade payables,Liability,CC-500,U009,Manual,Contract staff billing,0.0,276830.65,Not required,
JE1077647,1,2025-04-01,2025-04-01,1200,Trade receivables,Asset,CC-600,SYS-BATCH,System,Service invoice raised,437986.21,0.0,Not required,
JE1077647,2,2025-04-01,2025-04-01,4110,Revenue - service income,Income,CC-600,SYS-BATCH,System,Service invoice raised,0.0,437986.21,Not required,
JE1077778,1,2025-04-01,2025-04-01,5300,Rent expense,Expense,CC-600,U016,Manual,Rent for the period,224196.82,0.0,Not required,
JE1077778,2,2025-04-01,2025-04-01,2110,Accrued expenses,Liability,CC-600,U016,Manual,Rent for the period,0.0,224196.82,Not required,
JE1078116,1,2025-04-01,2025-04-01,1200,Trade receivables,Asset,CC-100,SYS-BATCH,System,Service invoice raised,215526.26,0.0,Not required,
JE1078116,2,2025-04-01,2025-04-01,4110,Revenue - service income,Income,CC-100,SYS-BATCH,System,Service invoice raised,0.0,215526.26,Not required,
JE1078625,1,2025-04-01,2025-04-01,1200,Trade receivables,Asset,CC-300,SYS-BATCH,System,Service invoice raised,30811.87,0.0,Not required,
JE1078625,2,2025-04-01,2025-04-01,4110,Revenue - service income,Income,CC-300,SYS-BATCH,System,Service invoice raised,0.0,30811.87,Not required,
JE1079350,1,2025-04-01,2025-04-01,2100,Trade payables,Liability,CC-100,U004,Manual,Supplier payment,336829.18,0.0,Not required,
JE1079350,2,2025-04-01,2025-04-01,1110,Bank - current account,Asset,CC-100,U004,Manual,Supplier payment,0.0,336829.18,Not required,
JE1079386,1,2025-04-01,2025-04-01,1200,Trade receivables,Asset,CC-400,SYS-BATCH,System,Service invoice raised,352536.01,0.0,Not required,
JE1079386,2,2025-04-01,2025-04-01,4110,Revenue - service income,Income,CC-400,SYS-BATCH,System,Service invoice raised,0.0,352536.01,Not required,
JE1079662,1,2025-04-01,2025-04-01,5500,Finance cost,Expense,CC-600,SYS-BATCH,System,Interest on borrowings,507875.56,0.0,Approved,A001
JE1079662,2,2025-04-01,2025-04-01,2310,Interest accrued but not due,Liability,CC-600,SYS-BATCH,System,Interest on borrowings,0.0,507875.56,Approved,A001
JE1080213,1,2025-04-01,2025-04-01,1200,Trade receivables,Asset,CC-100,U021,Manual,Service invoice raised,505213.56,0.0,Approved,A002
JE1080213,2,2025-04-01,2025-04-01,4110,Revenue - service income,Income,CC-100,U021,Manual,Service invoice raised,0.0,505213.56,Approved,A002
JE1080318,1,2025-04-01,2025-04-01,1200,Trade receivables,Asset,CC-400,SYS-BATCH,System,Service invoice raised,481822.94,0.0,Not required,
JE1080318,2,2025-04-01,2025-04-01,4110,Revenue - service income,Income,CC-400,SYS-BATCH,System,Service invoice raised,0.0,481822.94,Not required,
JE1080324,1,2025-04-01,2025-04-01,1200,Trade receivables,Asset,CC-100,SYS-BATCH,System,Service invoice raised,455059.07,0.0,Not required,
JE1080324,2,2025-04-01,2025-04-01,4110,Revenue - service income,Income,CC-100,SYS-BATCH,System,Service invoice raised,0.0,455059.07,Not required,
JE1080554,1,2025-04-01,2025-04-01,1110,Bank - current account,Asset,CC-100,SYS-BATCH,System,Customer receipt,183774.7,0.0,Not required,
JE1080554,2,2025-04-01,2025-04-01,1200,Trade receivables,Asset,CC-100,SYS-BATCH,System,Customer receipt,0.0,183774.7,Not required,
JE1080592,1,2025-04-01,2025-04-01,1200,Trade receivables,Asset,CC-200,SYS-BATCH,System,Service invoice raised,219567.14,0.0,Not required,
JE1080592,2,2025-04-01,2025-04-01,4110,Revenue - service income,Income,CC-200,SYS-BATCH,System,Service invoice raised,0.0,219567.14,Not required,
JE1080805,1,2025-04-01,2025-04-01,1200,Trade receivables,Asset,CC-400,SYS-BATCH,System,Service invoice raised,38205.15,0.0,Not required,
JE1080805,2,2025-04-01,2025-04-01,4110,Revenue - service income,Income,CC-400,SYS-BATCH,System,Service invoice raised,0.0,38205.15,Not required,
JE1080885,1,2025-04-01,2025-04-01,5320,Repairs and maintenance,Expense,CC-200,SYS-BATCH,System,Repairs and upkeep,79750.22,0.0,Not required,
JE1080885,2,2025-04-01,2025-04-01,2100,Trade payables,Liability,CC-200,SYS-BATCH,System,Repairs and upkeep,0.0,79750.22,Not required,
JE1081028,1,2025-04-01,2025-04-01,5380,Printing and stationery,Expense,CC-300,SYS-BATCH,System,Stationery purchase,25938.19,0.0,Not required,
JE1081028,2,2025-04-01,2025-04-01,2100,Trade payables,Liability,CC-300,SYS-BATCH,System,Stationery purchase,0.0,25938.19,Not required,
JE1081689,1,2025-04-01,2025-04-01,1110,Bank - current account,Asset,CC-400,U020,Manual,Customer receipt,518950.13,0.0,Approved,A001
JE1081689,2,2025-04-01,2025-04-01,1200,Trade receivables,Asset,CC-400,U020,Manual,Customer receipt,0.0,518950.13,Approved,A001
JE1082330,1,2025-04-01,2025-04-01,1200,Trade receivables,Asset,CC-100,SYS-BATCH,System,Sales invoice raised,287462.9,0.0,Not required,
JE1082330,2,2025-04-01,2025-04-01,4100,Revenue - product sales,Income,CC-100,SYS-BATCH,System,Sales invoice raised,0.0,287462.9,Not required,
JE1082793,1,2025-04-01,2025-04-01,1110,Bank - current account,Asset,CC-600,SYS-BATCH,System,Customer receipt,414098.4,0.0,Not required,
JE1082793,2,2025-04-01,2025-04-01,1200,Trade receivables,Asset,CC-600,SYS-BATCH,System,Customer receipt,0.0,414098.4,Not required,
JE1082880,1,2025-04-01,2025-04-01,5100,Cost of materials consumed,Expense,CC-500,U017,Manual,Purchase of raw material,199283.74,0.0,Not required,
JE1082880,2,2025-04-01,2025-04-01,2100,Trade payables,Liability,CC-500,U017,Manual,Purchase of raw material,0.0,199283.74,Not required,
JE1083149,1,2025-04-01,2025-04-01,2100,Trade payables,Liability,CC-100,U020,Manual,Supplier payment,447095.65,0.0,Not required,
JE1083149,2,2025-04-01,2025-04-01,1110,Bank - current account,Asset,CC-100,U020,Manual,Supplier payment,0.0,447095.65,Not required,
JE1083274,1,2025-04-01,2025-04-01,1200,Trade receivables,Asset,CC-200,SYS-BATCH,System,Sales invoice raised,160153.42,0.0,Not required,
JE1083274,2,2025-04-01,2025-04-01,4100,Revenue - product sales,Income,CC-200,SYS-BATCH,System,Sales invoice raised,0.0,160153.42,Not required,
JE1083345,1,2025-04-01,2025-04-01,1110,Bank - current account,Asset,CC-300,SYS-BATCH,System,Customer receipt,665265.18,0.0,Approved,A002
JE1083345,2,2025-04-01,2025-04-01,1200,Trade receivables,Asset,CC-300,SYS-BATCH,System,Customer receipt,0.0,665265.18,Approved,A002
JE1083641,1,2025-04-01,2025-04-01,5210,Contract staff cost,Expense,CC-600,U021,Manual,Contract staff billing,75955.46,0.0,Not required,
JE1083641,2,2025-04-01,2025-04-01,2100,Trade payables,Liability,CC-600,U021,Manual,Contract staff billing,0.0,75955.46,Not required,
JE1083694,1,2025-04-01,2025-04-01,2100,Trade payables,Liability,CC-600,U018,Manual,Supplier payment,565742.1,0.0,Approved,A001
JE1083694,2,2025-04-01,2025-04-01,1110,Bank - current account,Asset,CC-600,U018,Manual,Supplier payment,0.0,565742.1,Approved,A001
JE1000191,1,2025-04-02,2025-04-01,5350,Advertisement and marketing,Expense,CC-300,SYS-BATCH,System,Marketing spend,23277.25,0.0,Not required,
JE1000191,2,2025-04-02,2025-04-01,2100,Trade payables,Liability,CC-300,SYS-BATCH,System,Marketing spend,0.0,23277.25,Not required,
JE1000242,1,2025-04-02,2025-04-01,1110,Bank - current account,Asset,CC-400,SYS-BATCH,System,Customer receipt,472043.64,0.0,Not required,
JE1000242,2,2025-04-02,2025-04-01,1200,Trade receivables,Asset,CC-400,SYS-BATCH,System,Customer receipt,0.0,472043.64,Not required,
JE1000711,1,2025-04-02,2025-04-02,1200,Trade receivables,Asset,CC-500,SYS-BATCH,System,Sales invoice raised,360683.98,0.0,Not required,
JE1000711,2,2025-04-02,2025-04-02,4100,Revenue - product sales,Income,CC-500,SYS-BATCH,System,Sales invoice raised,0.0,360683.98,Not required,
JE1001092,1,2025-04-02,2025-04-01,5500,Finance cost,Expense,CC-300,SYS-BATCH,System,Interest on borrowings,93383.34,0.0,Not required,
JE1001092,2,2025-04-02,2025-04-01,2310,Interest accrued but not due,Liability,CC-300,SYS-BATCH,System,Interest on borrowings,0.0,93383.34,Not required,
JE1001146,1,2025-04-02,2025-04-02,5330,Travel and conveyance,Expense,CC-600,SYS-BATCH,System,Travel reimbursement,38163.3,0.0,Not required,
JE1001146,2,2025-04-02,2025-04-02,1110,Bank - current account,Asset,CC-600,SYS-BATCH,System,Travel reimbursement,0.0,38163.3,Not required,
JE1001297,1,2025-04-02,2025-04-01,2100,Trade payables,Liability,CC-600,SYS-BATCH,System,Supplier payment,412357.92,0.0,Not required,
JE1001297,2,2025-04-02,2025-04-01,1110,Bank - current account,Asset,CC-600,SYS-BATCH,System,Supplier payment,0.0,412357.92,Not required,
JE1001581,1,2025-04-02,2025-04-01,5310,Power and fuel,Expense,CC-400,SYS-BATCH,System,Electricity charges,231155.4,0.0,Not required,
JE1001581,2,2025-04-02,2025-04-01,2110,Accrued expenses,Liability,CC-400,SYS-BATCH,System,Electricity charges,0.0,231155.4,Not required,
JE1001647,1,2025-04-02,2025-04-02,5100,Cost of materials consumed,Expense,CC-300,U008,Manual,Purchase of raw material,106853.95,0.0,Not required,
JE1001647,2,2025-04-02,2025-04-02,2100,Trade payables,Liability,CC-300,U008,Manual,Purchase of raw material,0.0,106853.95,Not required,
JE1001774,1,2025-04-02,2025-04-01,5370,Communication expense,Expense,CC-100,U008,Manual,Telephone and internet,59265.03,0.0,Not required,
JE1001774,2,2025-04-02,2025-04-01,2110,Accrued expenses,Liability,CC-100,U008,Manual,Telephone and internet,0.0,59265.03,Not required,
JE1001890,1,2025-04-02,2025-04-02,1200,Trade receivables,Asset,CC-200,SYS-BATCH,System,Sales invoice raised,829515.24,0.0,Approved,A003
JE1001890,2,2025-04-02,2025-04-02,4100,Revenue - product sales,Income,CC-200,SYS-BATCH,System,Sales invoice raised,0.0,829515.24,Approved,A003
JE1002253,1,2025-04-02,2025-04-01,5100,Cost of materials consumed,Expense,CC-100,SYS-BATCH,System,Purchase of raw material,476515.77,0.0,Not required,
JE1002253,2,2025-04-02,2025-04-01,2100,Trade payables,Liability,CC-100,SYS-BATCH,System,Purchase of raw material,0.0,476515.77,Not required,
JE1002835,1,2025-04-02,2025-04-01,5500,Finance cost,Expense,CC-600,SYS-BATCH,System,Interest on borrowings,269015.92,0.0,Not required,
JE1002835,2,2025-04-02,2025-04-01,2310,Interest accrued but not due,Liability,CC-600,SYS-BATCH,System,Interest on borrowings,0.0,269015.92,Not required,
JE1002973,1,2025-04-02,2025-04-02,5100,Cost of materials consumed,Expense,CC-100,SYS-BATCH,System,Purchase of raw material,65623.86,0.0,Not required,
JE1002973,2,2025-04-02,2025-04-02,2100,Trade payables,Liability,CC-100,SYS-BATCH,System,Purchase of raw material,0.0,65623.86,Not required,
JE1003177,1,2025-04-02,2025-04-01,1410,Advance to suppliers,Asset,CC-600,SYS-BATCH,System,Advance to supplier,322114.25,0.0,Not required,
JE1003177,2,2025-04-02,2025-04-01,1110,Bank - current account,Asset,CC-600,SYS-BATCH,System,Advance to supplier,0.0,322114.25,Not required,
JE1003409,1,2025-04-02,2025-04-01,5210,Contract staff cost,Expense,CC-300,SYS-BATCH,System,Contract staff billing,66499.4,0.0,Not required,
JE1003409,2,2025-04-02,2025-04-01,2100,Trade payables,Liability,CC-300,SYS-BATCH,System,Contract staff billing,0.0,66499.4,Not required,
JE1003859,1,2025-04-02,2025-04-02,1200,Trade receivables,Asset,CC-400,SYS-BATCH,System,Sales invoice raised,531670.45,0.0,Approved,A002
JE1003859,2,2025-04-02,2025-04-02,4100,Revenue - product sales,Income,CC-400,SYS-BATCH,System,Sales invoice raised,0.0,531670.45,Approved,A002
JE1004027,1,2025-04-02,2025-04-02,1110,Bank - current account,Asset,CC-100,SYS-BATCH,System,Customer receipt,107289.66,0.0,Not required,
JE1004027,2,2025-04-02,2025-04-02,1200,Trade receivables,Asset,CC-100,SYS-BATCH,System,Customer receipt,0.0,107289.66,Not required,
JE1004135,1,2025-04-02,2025-04-02,5200,Employee benefit expense,Expense,CC-400,SYS-BATCH,System,Payroll for the month,1122535.85,0.0,Approved,A002
JE1004135,2,2025-04-02,2025-04-02,2120,Provision for employee benefits,Liability,CC-400,SYS-BATCH,System,Payroll for the month,0.0,1122535.85,Approved,A002
JE1005399,1,2025-04-02,2025-04-01,5320,Repairs and maintenance,Expense,CC-600,SYS-BATCH,System,Repairs and upkeep,24970.54,0.0,Not required,
JE1005399,2,2025-04-02,2025-04-01,2100,Trade payables,Liability,CC-600,SYS-BATCH,System,Repairs and upkeep,0.0,24970.54,Not required,
JE1005815,1,2025-04-02,2025-04-02,5350,Advertisement and marketing,Expense,CC-400,SYS-BATCH,System,Marketing spend,92627.33,0.0,Not required,
JE1005815,2,2025-04-02,2025-04-02,2100,Trade payables,Liability,CC-400,SYS-BATCH,System,Marketing spend,0.0,92627.33,Not required,
JE1005973,1,2025-04-02,2025-04-01,1200,Trade receivables,Asset,CC-200,SYS-BATCH,System,Sales invoice raised,722970.7,0.0,Approved,A001
JE1005973,2,2025-04-02,2025-04-01,4100,Revenue - product sales,Income,CC-200,SYS-BATCH,System,Sales invoice raised,0.0,722970.7,Approved,A001
JE1006307,1,2025-04-02,2025-04-02,5350,Advertisement and marketing,Expense,CC-300,SYS-BATCH,System,Marketing spend,48032.19,0.0,Not required,
JE1006307,2,2025-04-02,2025-04-02,2100,Trade payables,Liability,CC-300,SYS-BATCH,System,Marketing spend,0.0,48032.19,Not required,
JE1006542,1,2025-04-02,2025-04-02,1200,Trade receivables,Asset,CC-300,SYS-BATCH,System,Sales invoice raised,178206.21,0.0,Not required,
JE1006542,2,2025-04-02,2025-04-02,4100,Revenue - product sales,Income,CC-300,SYS-BATCH,System,Sales invoice raised,0.0,178206.21,Not required,
JE1006614,1,2025-04-02,2025-04-02,1200,Trade receivables,Asset,CC-300,U017,Manual,Sales invoice raised,253232.28,0.0,Not required,
JE1006614,2,2025-04-02,2025-04-02,4100,Revenue - product sales,Income,CC-300,U017,Manual,Sales invoice raised,0.0,253232.28,Not required,
JE1006623,1,2025-04-02,2025-04-02,1200,Trade receivables,Asset,CC-200,SYS-BATCH,System,Sales invoice raised,287625.39,0.0,Not required,
JE1006623,2,2025-04-02,2025-04-02,4100,Revenue - product sales,Income,CC-200,SYS-BATCH,System,Sales invoice raised,0.0,287625.39,Not required,
JE1006643,1,2025-04-02,2025-04-02,5100,Cost of materials consumed,Expense,CC-500,U005,Manual,Purchase of raw material,520771.54,0.0,Approved,A003
JE1006643,2,2025-04-02,2025-04-02,2100,Trade payables,Liability,CC-500,U005,Manual,Purchase of raw material,0.0,520771.54,Approved,A003
JE1007186,1,2025-04-02,2025-04-02,5320,Repairs and maintenance,Expense,CC-600,SYS-BATCH,System,Repairs and upkeep,53242.77,0.0,Not required,
JE1007186,2,2025-04-02,2025-04-02,2100,Trade payables,Liability,CC-600,SYS-BATCH,System,Repairs and upkeep,0.0,53242.77,Not required,
JE1007317,1,2025-04-02,2025-04-02,5370,Communication expense,Expense,CC-500,SYS-BATCH,System,Telephone and internet,41528.68,0.0,Not required,
JE1007317,2,2025-04-02,2025-04-02,2110,Accrued expenses,Liability,CC-500,SYS-BATCH,System,Telephone and internet,0.0,41528.68,Not required,
JE1007379,1,2025-04-02,2025-04-02,1110,Bank - current account,Asset,CC-500,U007,Manual,Customer receipt,37438.37,0.0,Not required,
JE1007379,2,2025-04-02,2025-04-02,1200,Trade receivables,Asset,CC-500,U007,Manual,Customer receipt,0.0,37438.37,Not required,
JE1008330,1,2025-04-02,2025-04-02,5210,Contract staff cost,Expense,CC-300,SYS-BATCH,System,Contract staff billing,243407.15,0.0,Not required,
JE1008330,2,2025-04-02,2025-04-02,2100,Trade payables,Liability,CC-300,SYS-BATCH,System,Contract staff billing,0.0,243407.15,Not required,
JE1008356,1,2025-04-02,2025-04-02,1200,Trade receivables,Asset,CC-100,SYS-BATCH,System,Service invoice raised,461899.53,0.0,Not required,
JE1008356,2,2025-04-02,2025-04-02,4110,Revenue - service income,Income,CC-100,SYS-BATCH,System,Service invoice raised,0.0,461899.53,Not required,
JE1008954,1,2025-04-02,2025-04-02,5500,Finance cost,Expense,CC-400,SYS-BATCH,System,Interest on borrowings,439146.35,0.0,Not required,
JE1008954,2,2025-04-02,2025-04-02,2310,Interest accrued but not due,Liability,CC-400,SYS-BATCH,System,Interest on borrowings,0.0,439146.35,Not required,
JE1009066,1,2025-04-02,2025-04-01,5350,Advertisement and marketing,Expense,CC-100,SYS-BATCH,System,Marketing spend,120562.92,0.0,Not required,
JE1009066,2,2025-04-02,2025-04-01,2100,Trade payables,Liability,CC-100,SYS-BATCH,System,Marketing spend,0.0,120562.92,Not required,
JE1009291,1,2025-04-02,2025-04-01,5340,Legal and professional fees,Expense,CC-400,SYS-BATCH,System,Professional fees billed,54318.75,0.0,Not required,
JE1009291,2,2025-04-02,2025-04-01,2100,Trade payables,Liability,CC-400,SYS-BATCH,System,Professional fees billed,0.0,54318.75,Not required,
JE1009390,1,2025-04-02,2025-04-02,1200,Trade receivables,Asset,CC-200,SYS-BATCH,System,GST output booked,126174.02,0.0,Not required,
JE1009390,2,2025-04-02,2025-04-02,2200,Output GST payable,Liability,CC-200,SYS-BATCH,System,GST output booked,0.0,126174.02,Not required,
JE1009547,1,2025-04-02,2025-04-01,5100,Cost of materials consumed,Expense,CC-200,SYS-BATCH,System,Purchase of raw material,337404.19,0.0,Not required,
JE1009547,2,2025-04-02,2025-04-01,2100,Trade payables,Liability,CC-200,SYS-BATCH,System,Purchase of raw material,0.0,337404.19,Not required,
JE1009989,1,2025-04-02,2025-04-02,1200,Trade receivables,Asset,CC-200,SYS-BATCH,System,Sales invoice raised,343124.48,0.0,Not required,
JE1009989,2,2025-04-02,2025-04-02,4100,Revenue - product sales,Income,CC-200,SYS-BATCH,System,Sales invoice raised,0.0,343124.48,Not required,
JE1010132,1,2025-04-02,2025-04-01,1200,Trade receivables,Asset,CC-100,SYS-BATCH,System,Sales invoice raised,660098.26,0.0,Approved,A003
JE1010132,2,2025-04-02,2025-04-01,4100,Revenue - product sales,Income,CC-100,SYS-BATCH,System,Sales invoice raised,0.0,660098.26,Approved,A003
JE1010199,1,2025-04-02,2025-04-01,5310,Power and fuel,Expense,CC-200,U018,Manual,Electricity charges,123108.34,0.0,Not required,
JE1010199,2,2025-04-02,2025-04-01,2110,Accrued expenses,Liability,CC-200,U018,Manual,Electricity charges,0.0,123108.34,Not required,
JE1010258,1,2025-04-02,2025-04-01,1200,Trade receivables,Asset,CC-200,SYS-BATCH,System,Sales invoice raised,207407.98,0.0,Not required,
JE1010258,2,2025-04-02,2025-04-01,4100,Revenue - product sales,Income,CC-200,SYS-BATCH,System,Sales invoice raised,0.0,207407.98,Not required,
JE1010771,1,2025-04-02,2025-04-01,1410,Advance to suppliers,Asset,CC-100,SYS-BATCH,System,Advance to supplier,341213.43,0.0,Not required,
JE1010771,2,2025-04-02,2025-04-01,1110,Bank - current account,Asset,CC-100,SYS-BATCH,System,Advance to supplier,0.0,341213.43,Not required,
JE1011018,1,2025-04-02,2025-04-01,1110,Bank - current account,Asset,CC-100,SYS-BATCH,System,Customer receipt,471819.91,0.0,Not required,
JE1011018,2,2025-04-02,2025-04-01,1200,Trade receivables,Asset,CC-100,SYS-BATCH,System,Customer receipt,0.0,471819.91,Not required,
JE1011359,1,2025-04-02,2025-04-01,5320,Repairs and maintenance,Expense,CC-500,SYS-BATCH,System,Repairs and upkeep,130620.28,0.0,Not required,
JE1011359,2,2025-04-02,2025-04-01,2100,Trade payables,Liability,CC-500,SYS-BATCH,System,Repairs and upkeep,0.0,130620.28,Not required,
JE1011513,1,2025-04-02,2025-04-01,1200,Trade receivables,Asset,CC-300,SYS-BATCH,System,Sales invoice raised,661148.01,0.0,Approved,A003
JE1011513,2,2025-04-02,2025-04-01,4100,Revenue - product sales,Income,CC-300,SYS-BATCH,System,Sales invoice raised,0.0,661148.01,Approved,A003
JE1011782,1,2025-04-02,2025-04-02,1200,Trade receivables,Asset,CC-200,SYS-BATCH,System,Service invoice raised,401275.57,0.0,Not required,
JE1011782,2,2025-04-02,2025-04-02,4110,Revenue - service income,Income,CC-200,SYS-BATCH,System,Service invoice raised,0.0,401275.57,Not required,
JE1012683,1,2025-04-02,2025-04-02,1110,Bank - current account,Asset,CC-100,SYS-BATCH,System,Customer receipt,620243.96,0.0,Approved,A002
JE1012683,2,2025-04-02,2025-04-02,1200,Trade receivables,Asset,CC-100,SYS-BATCH,System,Customer receipt,0.0,620243.96,Approved,A002
JE1013168,1,2025-04-02,2025-04-01,5210,Contract staff cost,Expense,CC-600,SYS-BATCH,System,Contract staff billing,332520.81,0.0,Not required,
JE1013168,2,2025-04-02,2025-04-01,2100,Trade payables,Liability,CC-600,SYS-BATCH,System,Contract staff billing,0.0,332520.81,Not required,
JE1013472,1,2025-04-02,2025-04-02,5500,Finance cost,Expense,CC-600,SYS-BATCH,System,Interest on borrowings,575213.9,0.0,Approved,A002
JE1013472,2,2025-04-02,2025-04-02,2310,Interest accrued but not due,Liability,CC-600,SYS-BATCH,System,Interest on borrowings,0.0,575213.9,Approved,A002
JE1013524,1,2025-04-02,2025-04-01,1600,Input GST receivable,Asset,CC-100,U005,Manual,GST input booked,111008.62,0.0,Not required,
JE1013524,2,2025-04-02,2025-04-01,2100,Trade payables,Liability,CC-100,U005,Manual,GST input booked,0.0,111008.62,Not required,
JE1014209,1,2025-04-02,2025-04-02,1110,Bank - current account,Asset,CC-200,U003,Manual,Customer receipt,527639.48,0.0,Approved,A001
JE1014209,2,2025-04-02,2025-04-02,1200,Trade receivables,Asset,CC-200,U003,Manual,Customer receipt,0.0,527639.48,Approved,A001
JE1014885,1,2025-04-02,2025-04-02,5210,Contract staff cost,Expense,CC-500,SYS-BATCH,System,Contract staff billing,60102.18,0.0,Not required,
JE1014885,2,2025-04-02,2025-04-02,2100,Trade payables,Liability,CC-500,SYS-BATCH,System,Contract staff billing,0.0,60102.18,Not required,
JE1014985,1,2025-04-02,2025-04-02,1600,Input GST receivable,Asset,CC-600,SYS-BATCH,System,GST input booked,87077.77,0.0,Not required,
JE1014985,2,2025-04-02,2025-04-02,2100,Trade payables,Liability,CC-600,SYS-BATCH,System,GST input booked,0.0,87077.77,Not required,
JE1015550,1,2025-04-02,2025-04-01,1410,Advance to suppliers,Asset,CC-300,SYS-BATCH,System,Advance to supplier,148748.91,0.0,Not required,
JE1015550,2,2025-04-02,2025-04-01,1110,Bank - current account,Asset,CC-300,SYS-BATCH,System,Advance to supplier,0.0,148748.91,Not required,
JE1015574,1,2025-04-02,2025-04-02,5340,Legal and professional fees,Expense,CC-600,SYS-BATCH,System,Professional fees billed,387824.85,0.0,Not required,
JE1015574,2,2025-04-02,2025-04-02,2100,Trade payables,Liability,CC-600,SYS-BATCH,System,Professional fees billed,0.0,387824.85,Not required,
JE1015607,1,2025-04-02,2025-04-02,5210,Contract staff cost,Expense,CC-600,SYS-BATCH,System,Contract staff billing,63177.67,0.0,Not required,
JE1015607,2,2025-04-02,2025-04-02,2100,Trade payables,Liability,CC-600,SYS-BATCH,System,Contract staff billing,0.0,63177.67,Not required,
JE1015651,1,2025-04-02,2025-04-01,1200,Trade receivables,Asset,CC-300,SYS-BATCH,System,Service invoice raised,193722.02,0.0,Not required,
JE1015651,2,2025-04-02,2025-04-01,4110,Revenue - service income,Income,CC-300,SYS-BATCH,System,Service invoice raised,0.0,193722.02,Not required,
JE1016073,1,2025-04-02,2025-04-02,5200,Employee benefit expense,Expense,CC-400,SYS-BATCH,System,Payroll for the month,1639681.12,0.0,Approved,A003
JE1016073,2,2025-04-02,2025-04-02,2120,Provision for employee benefits,Liability,CC-400,SYS-BATCH,System,Payroll for the month,0.0,1639681.12,Approved,A003
JE1016975,1,2025-04-02,2025-04-01,5100,Cost of materials consumed,Expense,CC-300,SYS-BATCH,System,Purchase of raw material,206115.5,0.0,Not required,
JE1016975,2,2025-04-02,2025-04-01,2100,Trade payables,Liability,CC-300,SYS-BATCH,System,Purchase of raw material,0.0,206115.5,Not required,
JE1017176,1,2025-04-02,2025-04-01,2100,Trade payables,Liability,CC-300,SYS-BATCH,System,Supplier payment,657889.79,0.0,Approved,A003
JE1017176,2,2025-04-02,2025-04-01,1110,Bank - current account,Asset,CC-300,SYS-BATCH,System,Supplier payment,0.0,657889.79,Approved,A003
JE1017754,1,2025-04-02,2025-04-01,5330,Travel and conveyance,Expense,CC-500,SYS-BATCH,System,Travel reimbursement,24390.28,0.0,Not required,
JE1017754,2,2025-04-02,2025-04-01,1110,Bank - current account,Asset,CC-500,SYS-BATCH,System,Travel reimbursement,0.0,24390.28,Not required,
JE1018135,1,2025-04-02,2025-04-02,2100,Trade payables,Liability,CC-100,SYS-BATCH,System,TDS deducted on payment,48794.04,0.0,Not required,
JE1018135,2,2025-04-02,2025-04-02,2210,TDS payable,Liability,CC-100,SYS-BATCH,System,TDS deducted on payment,0.0,48794.04,Not required,
JE1018269,1,2025-04-02,2025-04-02,1200,Trade receivables,Asset,CC-300,SYS-BATCH,System,Sales invoice raised,469927.86,0.0,Not required,
JE1018269,2,2025-04-02,2025-04-02,4100,Revenue - product sales,Income,CC-300,SYS-BATCH,System,Sales invoice raised,0.0,469927.86,Not required,
JE1018415,1,2025-04-02,2025-04-02,1200,Trade receivables,Asset,CC-600,U007,Manual,Service invoice raised,160945.35,0.0,Not required,
JE1018415,2,2025-04-02,2025-04-02,4110,Revenue - service income,Income,CC-600,U007,Manual,Service invoice raised,0.0,160945.35,Not required,
JE1018734,1,2025-04-02,2025-04-02,5500,Finance cost,Expense,CC-200,SYS-BATCH,System,Interest on borrowings,170544.55,0.0,Not required,
JE1018734,2,2025-04-02,2025-04-02,2310,Interest accrued but not due,Liability,CC-200,SYS-BATCH,System,Interest on borrowings,0.0,170544.55,Not required,
JE1018892,1,2025-04-02,2025-04-01,2100,Trade payables,Liability,CC-400,SYS-BATCH,System,Supplier payment,617932.27,0.0,Approved,A001
JE1018892,2,2025-04-02,2025-04-01,1110,Bank - current account,Asset,CC-400,SYS-BATCH,System,Supplier payment,0.0,617932.27,Approved,A001
JE1019324,1,2025-04-02,2025-04-01,1110,Bank - current account,Asset,CC-500,SYS-BATCH,System,Customer receipt,326205.6,0.0,Not required,
JE1019324,2,2025-04-02,2025-04-01,1200,Trade receivables,Asset,CC-500,SYS-BATCH,System,Customer receipt,0.0,326205.6,Not required,
JE1019703,1,2025-04-02,2025-04-02,1110,Bank - current account,Asset,CC-100,SYS-BATCH,System,Customer receipt,311106.23,0.0,Not required,
JE1019703,2,2025-04-02,2025-04-02,1200,Trade receivables,Asset,CC-100,SYS-BATCH,System,Customer receipt,0.0,311106.23,Not required,
JE1020452,1,2025-04-02,2025-04-01,5200,Employee benefit expense,Expense,CC-100,SYS-BATCH,System,Payroll for the month,3042514.32,0.0,Approved,A002
JE1020452,2,2025-04-02,2025-04-01,2120,Provision for employee benefits,Liability,CC-100,SYS-BATCH,System,Payroll for the month,0.0,3042514.32,Approved,A002
JE1020551,1,2025-04-02,2025-04-02,1200,Trade receivables,Asset,CC-300,SYS-BATCH,System,Sales invoice raised,25117.96,0.0,Not required,
JE1020551,2,2025-04-02,2025-04-02,4100,Revenue - product sales,Income,CC-300,SYS-BATCH,System,Sales invoice raised,0.0,25117.96,Not required,
JE1020582,1,2025-04-02,2025-04-02,5210,Contract staff cost,Expense,CC-200,SYS-BATCH,System,Contract staff billing,238011.17,0.0,Not required,
JE1020582,2,2025-04-02,2025-04-02,2100,Trade payables,Liability,CC-200,SYS-BATCH,System,Contract staff billing,0.0,238011.17,Not required,
JE1020593,1,2025-04-02,2025-04-02,5100,Cost of materials consumed,Expense,CC-400,SYS-BATCH,System,Purchase of raw material,692899.57,0.0,Approved,A001
JE1020593,2,2025-04-02,2025-04-02,2100,Trade payables,Liability,CC-400,SYS-BATCH,System,Purchase of raw material,0.0,692899.57,Approved,A001
JE1020684,1,2025-04-02,2025-04-01,1200,Trade receivables,Asset,CC-300,SYS-BATCH,System,Service invoice raised,356951.24,0.0,Not required,
JE1020684,2,2025-04-02,2025-04-01,4110,Revenue - service income,Income,CC-300,SYS-BATCH,System,Service invoice raised,0.0,356951.24,Not required,
JE1020886,1,2025-04-02,2025-04-01,1600,Input GST receivable,Asset,CC-300,U018,Manual,GST input booked,32120.21,0.0,Not required,
JE1020886,2,2025-04-02,2025-04-01,2100,Trade payables,Liability,CC-300,U018,Manual,GST input booked,0.0,32120.21,Not required,
JE1021320,1,2025-04-02,2025-04-02,5360,Insurance,Expense,CC-100,SYS-BATCH,System,Insurance premium,197820.0,0.0,Not required,
JE1021320,2,2025-04-02,2025-04-02,1400,Prepaid expenses,Asset,CC-100,SYS-BATCH,System,Insurance premium,0.0,197820.0,Not required,
JE1021575,1,2025-04-02,2025-04-02,1110,Bank - current account,Asset,CC-500,SYS-BATCH,System,Customer receipt,103319.53,0.0,Not required,
JE1021575,2,2025-04-02,2025-04-02,1200,Trade receivables,Asset,CC-500,SYS-BATCH,System,Customer receipt,0.0,103319.53,Not required,
JE1021594,1,2025-04-02,2025-04-02,1110,Bank - current account,Asset,CC-400,SYS-BATCH,System,Customer receipt,277869.77,0.0,Not required,
JE1021594,2,2025-04-02,2025-04-02,1200,Trade receivables,Asset,CC-400,SYS-BATCH,System,Customer receipt,0.0,277869.77,Not required,
JE1021935,1,2025-04-02,2025-04-02,1200,Trade receivables,Asset,CC-400,U003,Manual,Sales invoice raised,31847.64,0.0,Not required,
JE1021935,2,2025-04-02,2025-04-02,4100,Revenue - product sales,Income,CC-400,U003,Manual,Sales invoice raised,0.0,31847.64,Not required,
JE1021998,1,2025-04-02,2025-04-02,1110,Bank - current account,Asset,CC-200,SYS-BATCH,System,Customer receipt,318458.99,0.0,Not required,
JE1021998,2,2025-04-02,2025-04-02,1200,Trade receivables,Asset,CC-200,SYS-BATCH,System,Customer receipt,0.0,318458.99,Not required,
JE1022564,1,2025-04-02,2025-04-01,5400,Depreciation and amortisation,Expense,CC-200,U010,Manual,Depreciation charge,780176.77,0.0,Approved,A003
JE1022564,2,2025-04-02,2025-04-01,1510,Accumulated depreciation,Asset,CC-200,U010,Manual,Depreciation charge,0.0,780176.77,Approved,A003
JE1022596,1,2025-04-02,2025-04-01,1200,Trade receivables,Asset,CC-400,SYS-BATCH,System,Sales invoice raised,114830.61,0.0,Not required,
JE1022596,2,2025-04-02,2025-04-01,4100,Revenue - product sales,Income,CC-400,SYS-BATCH,System,Sales invoice raised,0.0,114830.61,Not required,
JE1022677,1,2025-04-02,2025-04-01,5200,Employee benefit expense,Expense,CC-100,SYS-BATCH,System,Payroll for the month,2484035.36,0.0,Approved,A002
JE1022677,2,2025-04-02,2025-04-01,2120,Provision for employee benefits,Liability,CC-100,SYS-BATCH,System,Payroll for the month,0.0,2484035.36,Approved,A002
JE1022689,1,2025-04-02,2025-04-02,5400,Depreciation and amortisation,Expense,CC-400,SYS-BATCH,System,Depreciation charge,844029.04,0.0,Approved,A002
JE1022689,2,2025-04-02,2025-04-02,1510,Accumulated depreciation,Asset,CC-400,SYS-BATCH,System,Depreciation charge,0.0,844029.04,Approved,A002
JE1023122,1,2025-04-02,2025-04-01,5200,Employee benefit expense,Expense,CC-500,SYS-BATCH,System,Payroll for the month,2659357.63,0.0,Approved,A001
JE1023122,2,2025-04-02,2025-04-01,2120,Provision for employee benefits,Liability,CC-500,SYS-BATCH,System,Payroll for the month,0.0,2659357.63,Approved,A001
JE1023447,1,2025-04-02,2025-04-02,1200,Trade receivables,Asset,CC-500,SYS-BATCH,System,Sales invoice raised,609430.27,0.0,Approved,A001
JE1023447,2,2025-04-02,2025-04-02,4100,Revenue - product sales,Income,CC-500,SYS-BATCH,System,Sales invoice raised,0.0,609430.27,Approved,A001
JE1023453,1,2025-04-02,2025-04-01,5310,Power and fuel,Expense,CC-300,SYS-BATCH,System,Electricity charges,206669.38,0.0,Not required,
JE1023453,2,2025-04-02,2025-04-01,2110,Accrued expenses,Liability,CC-300,SYS-BATCH,System,Electricity charges,0.0,206669.38,Not required,
JE1023790,1,2025-04-02,2025-04-02,5100,Cost of materials consumed,Expense,CC-200,SYS-BATCH,System,Purchase of raw material,141789.91,0.0,Not required,
JE1023790,2,2025-04-02,2025-04-02,2100,Trade payables,Liability,CC-200,SYS-BATCH,System,Purchase of raw material,0.0,141789.91,Not required,
JE1023850,1,2025-04-02,2025-04-01,1200,Trade receivables,Asset,CC-500,SYS-BATCH,System,Service invoice raised,134533.11,0.0,Not required,
JE1023850,2,2025-04-02,2025-04-01,4110,Revenue - service income,Income,CC-500,SYS-BATCH,System,Service invoice raised,0.0,134533.11,Not required,
JE1023860,1,2025-04-02,2025-04-01,5100,Cost of materials consumed,Expense,CC-300,SYS-BATCH,System,Purchase of raw material,395346.16,0.0,Not required,
JE1023860,2,2025-04-02,2025-04-01,2100,Trade payables,Liability,CC-300,SYS-BATCH,System,Purchase of raw material,0.0,395346.16,Not required,
JE1023892,1,2025-04-02,2025-04-01,5210,Contract staff cost,Expense,CC-400,SYS-BATCH,System,Contract staff billing,135442.59,0.0,Not required,
JE1023892,2,2025-04-02,2025-04-01,2100,Trade payables,Liability,CC-400,SYS-BATCH,System,Contract staff billing,0.0,135442.59,Not required,
JE1023941,1,2025-04-02,2025-04-01,1600,Input GST receivable,Asset,CC-400,SYS-BATCH,System,GST input booked,109995.41,0.0,Not required,
JE1023941,2,2025-04-02,2025-04-01,2100,Trade payables,Liability,CC-400,SYS-BATCH,System,GST input booked,0.0,109995.41,Not required,
JE1024234,1,2025-04-02,2025-04-02,1200,Trade receivables,Asset,CC-200,SYS-BATCH,System,Service invoice raised,568698.99,0.0,Approved,A002
JE1024234,2,2025-04-02,2025-04-02,4110,Revenue - service income,Income,CC-200,SYS-BATCH,System,Service invoice raised,0.0,568698.99,Approved,A002
JE1024565,1,2025-04-02,2025-04-02,5350,Advertisement and marketing,Expense,CC-300,SYS-BATCH,System,Marketing spend,231378.06,0.0,Not required,
JE1024565,2,2025-04-02,2025-04-02,2100,Trade payables,Liability,CC-300,SYS-BATCH,System,Marketing spend,0.0,231378.06,Not required,
JE1024696,1,2025-04-02,2025-04-01,1110,Bank - current account,Asset,CC-100,U010,Manual,Customer receipt,533828.99,0.0,Approved,A001
JE1024696,2,2025-04-02,2025-04-01,1200,Trade receivables,Asset,CC-100,U010,Manual,Customer receipt,0.0,533828.99,Approved,A001
JE1024883,1,2025-04-02,2025-04-01,1200,Trade receivables,Asset,CC-500,U015,Manual,Sales invoice raised,612086.92,0.0,Approved,A001
JE1024883,2,2025-04-02,2025-04-01,4100,Revenue - product sales,Income,CC-500,U015,Manual,Sales invoice raised,0.0,612086.92,Approved,A001
JE1025359,1,2025-04-02,2025-04-01,1110,Bank - current account,Asset,CC-400,SYS-BATCH,System,Customer receipt,330254.91,0.0,Not required,
JE1025359,2,2025-04-02,2025-04-01,1200,Trade receivables,Asset,CC-400,SYS-BATCH,System,Customer receipt,0.0,330254.91,Not required,
JE1025446,1,2025-04-02,2025-04-02,1200,Trade receivables,Asset,CC-400,SYS-BATCH,System,Sales invoice raised,805717.79,0.0,Approved,A001
JE1025446,2,2025-04-02,2025-04-02,4100,Revenue - product sales,Income,CC-400,SYS-BATCH,System,Sales invoice raised,0.0,805717.79,Approved,A001
JE1025533,1,2025-04-02,2025-04-01,5100,Cost of materials consumed,Expense,CC-200,SYS-BATCH,System,Purchase of raw material,585729.01,0.0,Approved,A001
JE1025533,2,2025-04-02,2025-04-01,2100,Trade payables,Liability,CC-200,SYS-BATCH,System,Purchase of raw material,0.0,585729.01,Approved,A001
JE1025605,1,2025-04-02,2025-04-02,1200,Trade receivables,Asset,CC-600,U014,Manual,Service invoice raised,219776.68,0.0,Not required,
JE1025605,2,2025-04-02,2025-04-02,4110,Revenue - service income,Income,CC-600,U014,Manual,Service invoice raised,0.0,219776.68,Not required,
JE1025801,1,2025-04-02,2025-04-02,5210,Contract staff cost,Expense,CC-600,SYS-BATCH,System,Contract staff billing,169529.02,0.0,Not required,
JE1025801,2,2025-04-02,2025-04-02,2100,Trade payables,Liability,CC-600,SYS-BATCH,System,Contract staff billing,0.0,169529.02,Not required,
JE1026084,1,2025-04-02,2025-04-02,5200,Employee benefit expense,Expense,CC-100,U005,Manual,Payroll for the month,2906836.98,0.0,Approved,A002
JE1026084,2,2025-04-02,2025-04-02,2120,Provision for employee benefits,Liability,CC-100,U005,Manual,Payroll for the month,0.0,2906836.98,Approved,A002
JE1026265,1,2025-04-02,2025-04-02,5100,Cost of materials consumed,Expense,CC-100,SYS-BATCH,System,Purchase of raw material,94257.27,0.0,Not required,
JE1026265,2,2025-04-02,2025-04-02,2100,Trade payables,Liability,CC-100,SYS-BATCH,System,Purchase of raw material,0.0,94257.27,Not required,
JE1026355,1,2025-04-02,2025-04-02,2100,Trade payables,Liability,CC-400,SYS-BATCH,System,TDS deducted on payment,61883.37,0.0,Not required,
JE1026355,2,2025-04-02,2025-04-02,2210,TDS payable,Liability,CC-400,SYS-BATCH,System,TDS deducted on payment,0.0,61883.37,Not required,
JE1026897,1,2025-04-02,2025-04-01,1110,Bank - current account,Asset,CC-500,SYS-BATCH,System,Customer receipt,135122.76,0.0,Not required,
JE1026897,2,2025-04-02,2025-04-01,1200,Trade receivables,Asset,CC-500,SYS-BATCH,System,Customer receipt,0.0,135122.76,Not required,
JE1027052,1,2025-04-02,2025-04-01,5330,Travel and conveyance,Expense,CC-100,SYS-BATCH,System,Travel reimbursement,81592.93,0.0,Not required,
JE1027052,2,2025-04-02,2025-04-01,1110,Bank - current account,Asset,CC-100,SYS-BATCH,System,Travel reimbursement,0.0,81592.93,Not required,
JE1027260,1,2025-04-02,2025-04-01,2100,Trade payables,Liability,CC-200,SYS-BATCH,System,Supplier payment,286851.67,0.0,Not required,
JE1027260,2,2025-04-02,2025-04-01,1110,Bank - current account,Asset,CC-200,SYS-BATCH,System,Supplier payment,0.0,286851.67,Not required,
JE1027556,1,2025-04-02,2025-04-02,1200,Trade receivables,Asset,CC-100,SYS-BATCH,System,Sales invoice raised,792342.67,0.0,Approved,A002
JE1027556,2,2025-04-02,2025-04-02,4100,Revenue - product sales,Income,CC-100,SYS-BATCH,System,Sales invoice raised,0.0,792342.67,Approved,A002
JE1027863,1,2025-04-02,2025-04-02,1200,Trade receivables,Asset,CC-200,SYS-BATCH,System,Sales invoice raised,391984.77,0.0,Not required,
JE1027863,2,2025-04-02,2025-04-02,4100,Revenue - product sales,Income,CC-200,SYS-BATCH,System,Sales invoice raised,0.0,391984.77,Not required,
JE1028209,1,2025-04-02,2025-04-02,1600,Input GST receivable,Asset,CC-200,SYS-BATCH,System,GST input booked,23784.15,0.0,Not required,
JE1028209,2,2025-04-02,2025-04-02,2100,Trade payables,Liability,CC-200,SYS-BATCH,System,GST input booked,0.0,23784.15,Not required,
JE1028712,1,2025-04-02,2025-04-01,1110,Bank - current account,Asset,CC-400,SYS-BATCH,System,Customer receipt,22166.06,0.0,Not required,
JE1028712,2,2025-04-02,2025-04-01,1200,Trade receivables,Asset,CC-400,SYS-BATCH,System,Customer receipt,0.0,22166.06,Not required,
JE1028868,1,2025-04-02,2025-04-01,5350,Advertisement and marketing,Expense,CC-100,U017,Manual,Marketing spend,111957.08,0.0,Not required,
JE1028868,2,2025-04-02,2025-04-01,2100,Trade payables,Liability,CC-100,U017,Manual,Marketing spend,0.0,111957.08,Not required,
JE1029126,1,2025-04-02,2025-04-02,2100,Trade payables,Liability,CC-100,U006,Manual,Supplier payment,390950.89,0.0,Not required,
JE1029126,2,2025-04-02,2025-04-02,1110,Bank - current account,Asset,CC-100,U006,Manual,Supplier payment,0.0,390950.89,Not required,
JE1029436,1,2025-04-02,2025-04-02,2100,Trade payables,Liability,CC-500,U018,Manual,Supplier payment,637211.22,0.0,Approved,A001
JE1029436,2,2025-04-02,2025-04-02,1110,Bank - current account,Asset,CC-500,U018,Manual,Supplier payment,0.0,637211.22,Approved,A001
JE1029821,1,2025-04-02,2025-04-01,1200,Trade receivables,Asset,CC-400,SYS-BATCH,System,Service invoice raised,487582.44,0.0,Not required,
JE1029821,2,2025-04-02,2025-04-01,4110,Revenue - service income,Income,CC-400,SYS-BATCH,System,Service invoice raised,0.0,487582.44,Not required,
JE1029885,1,2025-04-02,2025-04-02,1200,Trade receivables,Asset,CC-600,SYS-BATCH,System,Sales invoice raised,554333.71,0.0,Approved,A003
JE1029885,2,2025-04-02,2025-04-02,4100,Revenue - product sales,Income,CC-600,SYS-BATCH,System,Sales invoice raised,0.0,554333.71,Approved,A003
JE1030064,1,2025-04-02,2025-04-01,2100,Trade payables,Liability,CC-300,SYS-BATCH,System,Supplier payment,290606.39,0.0,Not required,
JE1030064,2,2025-04-02,2025-04-01,1110,Bank - current account,Asset,CC-300,SYS-BATCH,System,Supplier payment,0.0,290606.39,Not required,
JE1030292,1,2025-04-02,2025-04-02,5100,Cost of materials consumed,Expense,CC-300,SYS-BATCH,System,Purchase of raw material,305417.93,0.0,Not required,
JE1030292,2,2025-04-02,2025-04-02,2100,Trade payables,Liability,CC-300,SYS-BATCH,System,Purchase of raw material,0.0,305417.93,Not required,
JE1030554,1,2025-04-02,2025-04-02,2100,Trade payables,Liability,CC-400,U008,Manual,Supplier payment,114923.93,0.0,Not required,
JE1030554,2,2025-04-02,2025-04-02,1110,Bank - current account,Asset,CC-400,U008,Manual,Supplier payment,0.0,114923.93,Not required,
JE1030657,1,2025-04-02,2025-04-02,5350,Advertisement and marketing,Expense,CC-200,SYS-BATCH,System,Marketing spend,402165.67,0.0,Not required,
JE1030657,2,2025-04-02,2025-04-02,2100,Trade payables,Liability,CC-200,SYS-BATCH,System,Marketing spend,0.0,402165.67,Not required,
JE1030671,1,2025-04-02,2025-04-01,1410,Advance to suppliers,Asset,CC-200,SYS-BATCH,System,Advance to supplier,335232.62,0.0,Not required,
JE1030671,2,2025-04-02,2025-04-01,1110,Bank - current account,Asset,CC-200,SYS-BATCH,System,Advance to supplier,0.0,335232.62,Not required,
JE1030744,1,2025-04-02,2025-04-01,5400,Depreciation and amortisation,Expense,CC-300,SYS-BATCH,System,Depreciation charge,688770.29,0.0,Approved,A003
JE1030744,2,2025-04-02,2025-04-01,1510,Accumulated depreciation,Asset,CC-300,SYS-BATCH,System,Depreciation charge,0.0,688770.29,Approved,A003
JE1030939,1,2025-04-02,2025-04-02,5100,Cost of materials consumed,Expense,CC-600,SYS-BATCH,System,Purchase of raw material,77630.58,0.0,Not required,
JE1030939,2,2025-04-02,2025-04-02,2100,Trade payables,Liability,CC-600,SYS-BATCH,System,Purchase of raw material,0.0,77630.58,Not required,
JE1031195,1,2025-04-02,2025-04-02,1110,Bank - current account,Asset,CC-600,SYS-BATCH,System,Customer receipt,380174.44,0.0,Not required,
JE1031195,2,2025-04-02,2025-04-02,1200,Trade receivables,Asset,CC-600,SYS-BATCH,System,Customer receipt,0.0,380174.44,Not required,
JE1031431,1,2025-04-02,2025-04-02,1200,Trade receivables,Asset,CC-300,SYS-BATCH,System,Sales invoice raised,665285.35,0.0,Approved,A003
JE1031431,2,2025-04-02,2025-04-02,4100,Revenue - product sales,Income,CC-300,SYS-BATCH,System,Sales invoice raised,0.0,665285.35,Approved,A003
JE1031483,1,2025-04-02,2025-04-02,2100,Trade payables,Liability,CC-600,SYS-BATCH,System,Supplier payment,69896.68,0.0,Not required,
JE1031483,2,2025-04-02,2025-04-02,1110,Bank - current account,Asset,CC-600,SYS-BATCH,System,Supplier payment,0.0,69896.68,Not required,
JE1031545,1,2025-04-02,2025-04-01,5340,Legal and professional fees,Expense,CC-600,SYS-BATCH,System,Professional fees billed,96392.54,0.0,Not required,
JE1031545,2,2025-04-02,2025-04-01,2100,Trade payables,Liability,CC-600,SYS-BATCH,System,Professional fees billed,0.0,96392.54,Not required,
JE1032495,1,2025-04-02,2025-04-01,5330,Travel and conveyance,Expense,CC-300,SYS-BATCH,System,Travel reimbursement,5042.78,0.0,Not required,
JE1032495,2,2025-04-02,2025-04-01,1110,Bank - current account,Asset,CC-300,SYS-BATCH,System,Travel reimbursement,0.0,5042.78,Not required,
JE1032550,1,2025-04-02,2025-04-02,1200,Trade receivables,Asset,CC-200,SYS-BATCH,System,Sales invoice raised,779483.29,0.0,Approved,A003
JE1032550,2,2025-04-02,2025-04-02,4100,Revenue - product sales,Income,CC-200,SYS-BATCH,System,Sales invoice raised,0.0,779483.29,Approved,A003
JE1032786,1,2025-04-02,2025-04-01,2100,Trade payables,Liability,CC-100,U010,Manual,Supplier payment,478922.59,0.0,Not required,
JE1032786,2,2025-04-02,2025-04-01,1110,Bank - current account,Asset,CC-100,U010,Manual,Supplier payment,0.0,478922.59,Not required,
JE1032811,1,2025-04-02,2025-04-02,1110,Bank - current account,Asset,CC-400,SYS-BATCH,System,Customer receipt,370368.05,0.0,Not required,
JE1032811,2,2025-04-02,2025-04-02,1200,Trade receivables,Asset,CC-400,SYS-BATCH,System,Customer receipt,0.0,370368.05,Not required,
JE1032973,1,2025-04-02,2025-04-01,1410,Advance to suppliers,Asset,CC-400,SYS-BATCH,System,Advance to supplier,334222.33,0.0,Not required,
JE1032973,2,2025-04-02,2025-04-01,1110,Bank - current account,Asset,CC-400,SYS-BATCH,System,Advance to supplier,0.0,334222.33,Not required,
JE1033208,1,2025-04-02,2025-04-01,1200,Trade receivables,Asset,CC-500,SYS-BATCH,System,Service invoice raised,293991.37,0.0,Not required,
JE1033208,2,2025-04-02,2025-04-01,4110,Revenue - service income,Income,CC-500,SYS-BATCH,System,Service invoice raised,0.0,293991.37,Not required,
JE1033906,1,2025-04-02,2025-04-01,1200,Trade receivables,Asset,CC-200,SYS-BATCH,System,Sales invoice raised,396240.26,0.0,Not required,
JE1033906,2,2025-04-02,2025-04-01,4100,Revenue - product sales,Income,CC-200,SYS-BATCH,System,Sales invoice raised,0.0,396240.26,Not required,
JE1034090,1,2025-04-02,2025-04-02,5300,Rent expense,Expense,CC-100,SYS-BATCH,System,Rent for the period,214138.19,0.0,Not required,
JE1034090,2,2025-04-02,2025-04-02,2110,Accrued expenses,Liability,CC-100,SYS-BATCH,System,Rent for the period,0.0,214138.19,Not required,
JE1034230,1,2025-04-02,2025-04-01,5100,Cost of materials consumed,Expense,CC-300,U018,Manual,Purchase of raw material,13330.37,0.0,Not required,
JE1034230,2,2025-04-02,2025-04-01,2100,Trade payables,Liability,CC-300,U018,Manual,Purchase of raw material,0.0,13330.37,Not required,
JE1034511,1,2025-04-02,2025-04-01,1200,Trade receivables,Asset,CC-300,SYS-BATCH,System,Sales invoice raised,701387.39,0.0,Approved,A001
JE1034511,2,2025-04-02,2025-04-01,4100,Revenue - product sales,Income,CC-300,SYS-BATCH,System,Sales invoice raised,0.0,701387.39,Approved,A001
JE1034543,1,2025-04-02,2025-04-01,1200,Trade receivables,Asset,CC-200,SYS-BATCH,System,Sales invoice raised,713048.25,0.0,Approved,A003
JE1034543,2,2025-04-02,2025-04-01,4100,Revenue - product sales,Income,CC-200,SYS-BATCH,System,Sales invoice raised,0.0,713048.25,Approved,A003
JE1034549,1,2025-04-02,2025-04-02,1200,Trade receivables,Asset,CC-200,SYS-BATCH,System,Service invoice raised,40753.07,0.0,Not required,
JE1034549,2,2025-04-02,2025-04-02,4110,Revenue - service income,Income,CC-200,SYS-BATCH,System,Service invoice raised,0.0,40753.07,Not required,
JE1034630,1,2025-04-02,2025-04-01,2100,Trade payables,Liability,CC-400,SYS-BATCH,System,Supplier payment,654895.86,0.0,Approved,A003
JE1034630,2,2025-04-02,2025-04-01,1110,Bank - current account,Asset,CC-400,SYS-BATCH,System,Supplier payment,0.0,654895.86,Approved,A003
JE1035077,1,2025-04-02,2025-04-02,1200,Trade receivables,Asset,CC-600,SYS-BATCH,System,Service invoice raised,143967.32,0.0,Not required,
JE1035077,2,2025-04-02,2025-04-02,4110,Revenue - service income,Income,CC-600,SYS-BATCH,System,Service invoice raised,0.0,143967.32,Not required,
JE1035100,1,2025-04-02,2025-04-02,5330,Travel and conveyance,Expense,CC-400,SYS-BATCH,System,Travel reimbursement,52043.06,0.0,Not required,
JE1035100,2,2025-04-02,2025-04-02,1110,Bank - current account,Asset,CC-400,SYS-BATCH,System,Travel reimbursement,0.0,52043.06,Not required,
JE1035282,1,2025-04-02,2025-04-02,5100,Cost of materials consumed,Expense,CC-100,U017,Manual,Purchase of raw material,452979.53,0.0,Not required,
JE1035282,2,2025-04-02,2025-04-02,2100,Trade payables,Liability,CC-100,U017,Manual,Purchase of raw material,0.0,452979.53,Not required,
JE1035543,1,2025-04-02,2025-04-02,1200,Trade receivables,Asset,CC-600,SYS-BATCH,System,Service invoice raised,55411.3,0.0,Not required,
JE1035543,2,2025-04-02,2025-04-02,4110,Revenue - service income,Income,CC-600,SYS-BATCH,System,Service invoice raised,0.0,55411.3,Not required,
JE1035615,1,2025-04-02,2025-04-02,5340,Legal and professional fees,Expense,CC-200,U010,Manual,Professional fees billed,399502.04,0.0,Not required,
JE1035615,2,2025-04-02,2025-04-02,2100,Trade payables,Liability,CC-200,U010,Manual,Professional fees billed,0.0,399502.04,Not required,
JE1035758,1,2025-04-02,2025-04-01,5330,Travel and conveyance,Expense,CC-600,U008,Manual,Travel reimbursement,87255.88,0.0,Not required,
JE1035758,2,2025-04-02,2025-04-01,1110,Bank - current account,Asset,CC-600,U008,Manual,Travel reimbursement,0.0,87255.88,Not required,
JE1035779,1,2025-04-02,2025-04-01,1200,Trade receivables,Asset,CC-500,SYS-BATCH,System,Service invoice raised,390989.14,0.0,Not required,
JE1035779,2,2025-04-02,2025-04-01,4110,Revenue - service income,Income,CC-500,SYS-BATCH,System,Service invoice raised,0.0,390989.14,Not required,
JE1035882,1,2025-04-02,2025-04-02,5380,Printing and stationery,Expense,CC-100,SYS-BATCH,System,Stationery purchase,34877.96,0.0,Not required,
JE1035882,2,2025-04-02,2025-04-02,2100,Trade payables,Liability,CC-100,SYS-BATCH,System,Stationery purchase,0.0,34877.96,Not required,
JE1036372,1,2025-04-02,2025-04-02,1200,Trade receivables,Asset,CC-100,SYS-BATCH,System,Service invoice raised,84503.72,0.0,Not required,
JE1036372,2,2025-04-02,2025-04-02,4110,Revenue - service income,Income,CC-100,SYS-BATCH,System,Service invoice raised,0.0,84503.72,Not required,
JE1036390,1,2025-04-02,2025-04-02,5200,Employee benefit expense,Expense,CC-100,SYS-BATCH,System,Payroll for the month,2091861.82,0.0,Approved,A001
JE1036390,2,2025-04-02,2025-04-02,2120,Provision for employee benefits,Liability,CC-100,SYS-BATCH,System,Payroll for the month,0.0,2091861.82,Approved,A001
JE1036427,1,2025-04-02,2025-04-02,5310,Power and fuel,Expense,CC-400,SYS-BATCH,System,Electricity charges,179263.25,0.0,Not required,
JE1036427,2,2025-04-02,2025-04-02,2110,Accrued expenses,Liability,CC-400,SYS-BATCH,System,Electricity charges,0.0,179263.25,Not required,
JE1038093,1,2025-04-02,2025-04-02,1110,Bank - current account,Asset,CC-100,SYS-BATCH,System,Customer receipt,623929.48,0.0,Approved,A001
JE1038093,2,2025-04-02,2025-04-02,1200,Trade receivables,Asset,CC-100,SYS-BATCH,System,Customer receipt,0.0,623929.48,Approved,A001
JE1038766,1,2025-04-02,2025-04-01,5100,Cost of materials consumed,Expense,CC-400,SYS-BATCH,System,Purchase of raw material,169795.15,0.0,Not required,
JE1038766,2,2025-04-02,2025-04-01,2100,Trade payables,Liability,CC-400,SYS-BATCH,System,Purchase of raw material,0.0,169795.15,Not required,
JE1038774,1,2025-04-02,2025-04-01,5210,Contract staff cost,Expense,CC-200,SYS-BATCH,System,Contract staff billing,172366.18,0.0,Not required,
JE1038774,2,2025-04-02,2025-04-01,2100,Trade payables,Liability,CC-200,SYS-BATCH,System,Contract staff billing,0.0,172366.18,Not required,
JE1039144,1,2025-04-02,2025-04-01,5310,Power and fuel,Expense,CC-600,SYS-BATCH,System,Electricity charges,34249.2,0.0,Not required,
JE1039144,2,2025-04-02,2025-04-01,2110,Accrued expenses,Liability,CC-600,SYS-BATCH,System,Electricity charges,0.0,34249.2,Not required,
JE1039368,1,2025-04-02,2025-04-02,5210,Contract staff cost,Expense,CC-600,SYS-BATCH,System,Contract staff billing,236381.53,0.0,Not required,
JE1039368,2,2025-04-02,2025-04-02,2100,Trade payables,Liability,CC-600,SYS-BATCH,System,Contract staff billing,0.0,236381.53,Not required,
JE1039759,1,2025-04-02,2025-04-02,2100,Trade payables,Liability,CC-500,U001,Manual,Supplier payment,469364.29,0.0,Not required,
JE1039759,2,2025-04-02,2025-04-02,1110,Bank - current account,Asset,CC-500,U001,Manual,Supplier payment,0.0,469364.29,Not required,
JE1039841,1,2025-04-02,2025-04-02,1200,Trade receivables,Asset,CC-200,SYS-BATCH,System,Sales invoice raised,674867.96,0.0,Approved,A003
JE1039841,2,2025-04-02,2025-04-02,4100,Revenue - product sales,Income,CC-200,SYS-BATCH,System,Sales invoice raised,0.0,674867.96,Approved,A003
JE1039942,1,2025-04-02,2025-04-02,1200,Trade receivables,Asset,CC-100,U009,Manual,Sales invoice raised,422958.67,0.0,Not required,
JE1039942,2,2025-04-02,2025-04-02,4100,Revenue - product sales,Income,CC-100,U009,Manual,Sales invoice raised,0.0,422958.67,Not required,
JE1039973,1,2025-04-02,2025-04-02,5350,Advertisement and marketing,Expense,CC-200,SYS-BATCH,System,Marketing spend,88245.41,0.0,Not required,
JE1039973,2,2025-04-02,2025-04-02,2100,Trade payables,Liability,CC-200,SYS-BATCH,System,Marketing spend,0.0,88245.41,Not required,
JE1040044,1,2025-04-02,2025-04-01,5350,Advertisement and marketing,Expense,CC-500,U017,Manual,Marketing spend,119291.75,0.0,Not required,
JE1040044,2,2025-04-02,2025-04-01,2100,Trade payables,Liability,CC-500,U017,Manual,Marketing spend,0.0,119291.75,Not required,
JE1040135,1,2025-04-02,2025-04-02,1200,Trade receivables,Asset,CC-500,SYS-BATCH,System,Service invoice raised,393327.15,0.0,Not required,
JE1040135,2,2025-04-02,2025-04-02,4110,Revenue - service income,Income,CC-500,SYS-BATCH,System,Service invoice raised,0.0,393327.15,Not required,
JE1040263,1,2025-04-02,2025-04-01,1200,Trade receivables,Asset,CC-600,U012,Manual,GST output booked,136503.81,0.0,Not required,
JE1040263,2,2025-04-02,2025-04-01,2200,Output GST payable,Liability,CC-600,U012,Manual,GST output booked,0.0,136503.81,Not required,
JE1040397,1,2025-04-02,2025-04-02,1200,Trade receivables,Asset,CC-100,U020,Manual,Sales invoice raised,594348.68,0.0,Approved,A003
JE1040397,2,2025-04-02,2025-04-02,4100,Revenue - product sales,Income,CC-100,U020,Manual,Sales invoice raised,0.0,594348.68,Approved,A003
JE1040424,1,2025-04-02,2025-04-01,1200,Trade receivables,Asset,CC-500,SYS-BATCH,System,Service invoice raised,413552.7,0.0,Not required,
JE1040424,2,2025-04-02,2025-04-01,4110,Revenue - service income,Income,CC-500,SYS-BATCH,System,Service invoice raised,0.0,413552.7,Not required,
JE1040429,1,2025-04-02,2025-04-01,1200,Trade receivables,Asset,CC-200,SYS-BATCH,System,Sales invoice raised,698053.29,0.0,Approved,A001
JE1040429,2,2025-04-02,2025-04-01,4100,Revenue - product sales,Income,CC-200,SYS-BATCH,System,Sales invoice raised,0.0,698053.29,Approved,A001
JE1040545,1,2025-04-02,2025-04-02,1200,Trade receivables,Asset,CC-600,SYS-BATCH,System,Service invoice raised,423952.07,0.0,Not required,
JE1040545,2,2025-04-02,2025-04-02,4110,Revenue - service income,Income,CC-600,SYS-BATCH,System,Service invoice raised,0.0,423952.07,Not required,
JE1040857,1,2025-04-02,2025-04-02,1110,Bank - current account,Asset,CC-400,SYS-BATCH,System,Customer receipt,833197.18,0.0,Approved,A003
JE1040857,2,2025-04-02,2025-04-02,1200,Trade receivables,Asset,CC-400,SYS-BATCH,System,Customer receipt,0.0,833197.18,Approved,A003
JE1040865,1,2025-04-02,2025-04-01,2100,Trade payables,Liability,CC-300,SYS-BATCH,System,Supplier payment,414432.9,0.0,Not required,
JE1040865,2,2025-04-02,2025-04-01,1110,Bank - current account,Asset,CC-300,SYS-BATCH,System,Supplier payment,0.0,414432.9,Not required,
JE1041008,1,2025-04-02,2025-04-02,5100,Cost of materials consumed,Expense,CC-200,SYS-BATCH,System,Purchase of raw material,480873.17,0.0,Not required,
JE1041008,2,2025-04-02,2025-04-02,2100,Trade payables,Liability,CC-200,SYS-BATCH,System,Purchase of raw material,0.0,480873.17,Not required,
JE1041436,1,2025-04-02,2025-04-01,5500,Finance cost,Expense,CC-300,SYS-BATCH,System,Interest on borrowings,370917.27,0.0,Not required,
JE1041436,2,2025-04-02,2025-04-01,2310,Interest accrued but not due,Liability,CC-300,SYS-BATCH,System,Interest on borrowings,0.0,370917.27,Not required,
JE1041636,1,2025-04-02,2025-04-01,2100,Trade payables,Liability,CC-200,SYS-BATCH,System,Supplier payment,549218.47,0.0,Approved,A001
JE1041636,2,2025-04-02,2025-04-01,1110,Bank - current account,Asset,CC-200,SYS-BATCH,System,Supplier payment,0.0,549218.47,Approved,A001
JE1041813,1,2025-04-02,2025-04-02,2100,Trade payables,Liability,CC-600,U012,Manual,Supplier payment,626825.12,0.0,Approved,A003
JE1041813,2,2025-04-02,2025-04-02,1110,Bank - current account,Asset,CC-600,U012,Manual,Supplier payment,0.0,626825.12,Approved,A003
JE1042003,1,2025-04-02,2025-04-01,1200,Trade receivables,Asset,CC-400,U017,Manual,Sales invoice raised,38295.43,0.0,Not required,
JE1042003,2,2025-04-02,2025-04-01,4100,Revenue - product sales,Income,CC-400,U017,Manual,Sales invoice raised,0.0,38295.43,Not required,
JE1042131,1,2025-04-02,2025-04-02,1200,Trade receivables,Asset,CC-600,SYS-BATCH,System,Sales invoice raised,108572.91,0.0,Not required,
JE1042131,2,2025-04-02,2025-04-02,4100,Revenue - product sales,Income,CC-600,SYS-BATCH,System,Sales invoice raised,0.0,108572.91,Not required,
JE1042185,1,2025-04-02,2025-04-02,5200,Employee benefit expense,Expense,CC-200,SYS-BATCH,System,Payroll for the month,944771.74,0.0,Approved,A003
JE1042185,2,2025-04-02,2025-04-02,2120,Provision for employee benefits,Liability,CC-200,SYS-BATCH,System,Payroll for the month,0.0,944771.74,Approved,A003
JE1042362,1,2025-04-02,2025-04-02,1200,Trade receivables,Asset,CC-100,SYS-BATCH,System,Service invoice raised,104732.15,0.0,Not required,
JE1042362,2,2025-04-02,2025-04-02,4110,Revenue - service income,Income,CC-100,SYS-BATCH,System,Service invoice raised,0.0,104732.15,Not required,
JE1042428,1,2025-04-02,2025-04-01,1200,Trade receivables,Asset,CC-300,SYS-BATCH,System,Service invoice raised,131185.21,0.0,Not required,
JE1042428,2,2025-04-02,2025-04-01,4110,Revenue - service income,Income,CC-300,SYS-BATCH,System,Service invoice raised,0.0,131185.21,Not required,
JE1042601,1,2025-04-02,2025-04-02,5350,Advertisement and marketing,Expense,CC-100,SYS-BATCH,System,Marketing spend,408743.54,0.0,Not required,
JE1042601,2,2025-04-02,2025-04-02,2100,Trade payables,Liability,CC-100,SYS-BATCH,System,Marketing spend,0.0,408743.54,Not required,
JE1042995,1,2025-04-02,2025-04-02,1200,Trade receivables,Asset,CC-400,SYS-BATCH,System,Sales invoice raised,171180.97,0.0,Not required,
JE1042995,2,2025-04-02,2025-04-02,4100,Revenue - product sales,Income,CC-400,SYS-BATCH,System,Sales invoice raised,0.0,171180.97,Not required,
JE1043273,1,2025-04-02,2025-04-01,1110,Bank - current account,Asset,CC-300,SYS-BATCH,System,Customer receipt,864020.07,0.0,Approved,A003
JE1043273,2,2025-04-02,2025-04-01,1200,Trade receivables,Asset,CC-300,SYS-BATCH,System,Customer receipt,0.0,864020.07,Approved,A003
JE1043437,1,2025-04-02,2025-04-02,2100,Trade payables,Liability,CC-600,SYS-BATCH,System,TDS deducted on payment,36681.81,0.0,Not required,
JE1043437,2,2025-04-02,2025-04-02,2210,TDS payable,Liability,CC-600,SYS-BATCH,System,TDS deducted on payment,0.0,36681.81,Not required,
JE1043458,1,2025-04-02,2025-04-02,2100,Trade payables,Liability,CC-500,SYS-BATCH,System,Supplier payment,183026.57,0.0,Not required,
JE1043458,2,2025-04-02,2025-04-02,1110,Bank - current account,Asset,CC-500,SYS-BATCH,System,Supplier payment,0.0,183026.57,Not required,
JE1044027,1,2025-04-02,2025-04-02,1200,Trade receivables,Asset,CC-300,SYS-BATCH,System,Service invoice raised,446544.81,0.0,Not required,
JE1044027,2,2025-04-02,2025-04-02,4110,Revenue - service income,Income,CC-300,SYS-BATCH,System,Service invoice raised,0.0,446544.81,Not required,
JE1044125,1,2025-04-02,2025-04-01,5320,Repairs and maintenance,Expense,CC-300,SYS-BATCH,System,Repairs and upkeep,63612.96,0.0,Not required,
JE1044125,2,2025-04-02,2025-04-01,2100,Trade payables,Liability,CC-300,SYS-BATCH,System,Repairs and upkeep,0.0,63612.96,Not required,
JE1044148,1,2025-04-02,2025-04-01,5300,Rent expense,Expense,CC-100,U002,Manual,Rent for the period,193214.31,0.0,Not required,
JE1044148,2,2025-04-02,2025-04-01,2110,Accrued expenses,Liability,CC-100,U002,Manual,Rent for the period,0.0,193214.31,Not required,
JE1044360,1,2025-04-02,2025-04-02,5350,Advertisement and marketing,Expense,CC-100,U009,Manual,Marketing spend,172183.04,0.0,Not required,
JE1044360,2,2025-04-02,2025-04-02,2100,Trade payables,Liability,CC-100,U009,Manual,Marketing spend,0.0,172183.04,Not required,
JE1044751,1,2025-04-02,2025-04-01,1200,Trade receivables,Asset,CC-300,SYS-BATCH,System,Service invoice raised,458206.88,0.0,Not required,
JE1044751,2,2025-04-02,2025-04-01,4110,Revenue - service income,Income,CC-300,SYS-BATCH,System,Service invoice raised,0.0,458206.88,Not required,
JE1046066,1,2025-04-02,2025-04-01,1200,Trade receivables,Asset,CC-100,U002,Manual,Sales invoice raised,675681.17,0.0,Approved,A002
JE1046066,2,2025-04-02,2025-04-01,4100,Revenue - product sales,Income,CC-100,U002,Manual,Sales invoice raised,0.0,675681.17,Approved,A002
JE1046221,1,2025-04-02,2025-04-01,5330,Travel and conveyance,Expense,CC-500,SYS-BATCH,System,Travel reimbursement,53704.66,0.0,Not required,
JE1046221,2,2025-04-02,2025-04-01,1110,Bank - current account,Asset,CC-500,SYS-BATCH,System,Travel reimbursement,0.0,53704.66,Not required,
JE1046443,1,2025-04-02,2025-04-02,2100,Trade payables,Liability,CC-200,U014,Manual,Supplier payment,414014.72,0.0,Not required,
JE1046443,2,2025-04-02,2025-04-02,1110,Bank - current account,Asset,CC-200,U014,Manual,Supplier payment,0.0,414014.72,Not required,
JE1046447,1,2025-04-02,2025-04-02,5200,Employee benefit expense,Expense,CC-100,SYS-BATCH,System,Payroll for the month,2048355.86,0.0,Approved,A001
JE1046447,2,2025-04-02,2025-04-02,2120,Provision for employee benefits,Liability,CC-100,SYS-BATCH,System,Payroll for the month,0.0,2048355.86,Approved,A001
JE1046734,1,2025-04-02,2025-04-01,5100,Cost of materials consumed,Expense,CC-300,SYS-BATCH,System,Purchase of raw material,535824.18,0.0,Approved,A001
JE1046734,2,2025-04-02,2025-04-01,2100,Trade payables,Liability,CC-300,SYS-BATCH,System,Purchase of raw material,0.0,535824.18,Approved,A001
JE1047276,1,2025-04-02,2025-04-01,5100,Cost of materials consumed,Expense,CC-500,U014,Manual,Purchase of raw material,13987.01,0.0,Not required,
JE1047276,2,2025-04-02,2025-04-01,2100,Trade payables,Liability,CC-500,U014,Manual,Purchase of raw material,0.0,13987.01,Not required,
JE1047798,1,2025-04-02,2025-04-02,1200,Trade receivables,Asset,CC-300,SYS-BATCH,System,Sales invoice raised,19120.8,0.0,Not required,
JE1047798,2,2025-04-02,2025-04-02,4100,Revenue - product sales,Income,CC-300,SYS-BATCH,System,Sales invoice raised,0.0,19120.8,Not required,
JE1048204,1,2025-04-02,2025-04-02,1110,Bank - current account,Asset,CC-200,SYS-BATCH,System,Customer receipt,631790.1,0.0,Approved,A002
JE1048204,2,2025-04-02,2025-04-02,1200,Trade receivables,Asset,CC-200,SYS-BATCH,System,Customer receipt,0.0,631790.1,Approved,A002
JE1048514,1,2025-04-02,2025-04-02,1600,Input GST receivable,Asset,CC-600,SYS-BATCH,System,GST input booked,91526.35,0.0,Not required,
JE1048514,2,2025-04-02,2025-04-02,2100,Trade payables,Liability,CC-600,SYS-BATCH,System,GST input booked,0.0,91526.35,Not required,
JE1048919,1,2025-04-02,2025-04-01,1200,Trade receivables,Asset,CC-300,SYS-BATCH,System,Sales invoice raised,566175.94,0.0,Approved,A001
JE1048919,2,2025-04-02,2025-04-01,4100,Revenue - product sales,Income,CC-300,SYS-BATCH,System,Sales invoice raised,0.0,566175.94,Approved,A001
JE1049147,1,2025-04-02,2025-04-01,1110,Bank - current account,Asset,CC-200,SYS-BATCH,System,Customer receipt,768928.67,0.0,Approved,A003
JE1049147,2,2025-04-02,2025-04-01,1200,Trade receivables,Asset,CC-200,SYS-BATCH,System,Customer receipt,0.0,768928.67,Approved,A003
JE1049339,1,2025-04-02,2025-04-02,1110,Bank - current account,Asset,CC-400,U007,Manual,Customer receipt,796326.13,0.0,Approved,A001
JE1049339,2,2025-04-02,2025-04-02,1200,Trade receivables,Asset,CC-400,U007,Manual,Customer receipt,0.0,796326.13,Approved,A001
JE1049603,1,2025-04-02,2025-04-02,1600,Input GST receivable,Asset,CC-100,SYS-BATCH,System,GST input booked,112281.36,0.0,Not required,
JE1049603,2,2025-04-02,2025-04-02,2100,Trade payables,Liability,CC-100,SYS-BATCH,System,GST input booked,0.0,112281.36,Not required,
JE1049788,1,2025-04-02,2025-04-02,1200,Trade receivables,Asset,CC-400,SYS-BATCH,System,GST output booked,61072.58,0.0,Not required,
JE1049788,2,2025-04-02,2025-04-02,2200,Output GST payable,Liability,CC-400,SYS-BATCH,System,GST output booked,0.0,61072.58,Not required,
JE1050135,1,2025-04-02,2025-04-02,1110,Bank - current account,Asset,CC-600,SYS-BATCH,System,Customer receipt,201518.86,0.0,Not required,
JE1050135,2,2025-04-02,2025-04-02,1200,Trade receivables,Asset,CC-600,SYS-BATCH,System,Customer receipt,0.0,201518.86,Not required,
JE1050858,1,2025-04-02,2025-04-02,5300,Rent expense,Expense,CC-400,SYS-BATCH,System,Rent for the period,137505.93,0.0,Not required,
JE1050858,2,2025-04-02,2025-04-02,2110,Accrued expenses,Liability,CC-400,SYS-BATCH,System,Rent for the period,0.0,137505.93,Not required,
JE1051292,1,2025-04-02,2025-04-01,2100,Trade payables,Liability,CC-200,SYS-BATCH,System,TDS deducted on payment,40960.37,0.0,Not required,
JE1051292,2,2025-04-02,2025-04-01,2210,TDS payable,Liability,CC-200,SYS-BATCH,System,TDS deducted on payment,0.0,40960.37,Not required,
JE1051513,1,2025-04-02,2025-04-01,2100,Trade payables,Liability,CC-100,SYS-BATCH,System,Supplier payment,698498.06,0.0,Approved,A002
JE1051513,2,2025-04-02,2025-04-01,1110,Bank - current account,Asset,CC-100,SYS-BATCH,System,Supplier payment,0.0,698498.06,Approved,A002
JE1051837,1,2025-04-02,2025-04-02,5400,Depreciation and amortisation,Expense,CC-200,SYS-BATCH,System,Depreciation charge,760422.32,0.0,Approved,A001
JE1051837,2,2025-04-02,2025-04-02,1510,Accumulated depreciation,Asset,CC-200,SYS-BATCH,System,Depreciation charge,0.0,760422.32,Approved,A001
JE1052028,1,2025-04-02,2025-04-01,5300,Rent expense,Expense,CC-500,SYS-BATCH,System,Rent for the period,387173.25,0.0,Not required,
JE1052028,2,2025-04-02,2025-04-01,2110,Accrued expenses,Liability,CC-500,SYS-BATCH,System,Rent for the period,0.0,387173.25,Not required,
JE1052770,1,2025-04-02,2025-04-02,1110,Bank - current account,Asset,CC-200,U007,Manual,Customer receipt,29331.56,0.0,Not required,
JE1052770,2,2025-04-02,2025-04-02,1200,Trade receivables,Asset,CC-200,U007,Manual,Customer receipt,0.0,29331.56,Not required,
JE1052951,1,2025-04-02,2025-04-02,1200,Trade receivables,Asset,CC-500,SYS-BATCH,System,Sales invoice raised,515278.57,0.0,Approved,A002
JE1052951,2,2025-04-02,2025-04-02,4100,Revenue - product sales,Income,CC-500,SYS-BATCH,System,Sales invoice raised,0.0,515278.57,Approved,A002
JE1053147,1,2025-04-02,2025-04-01,5100,Cost of materials consumed,Expense,CC-100,SYS-BATCH,System,Purchase of raw material,211796.29,0.0,Not required,
JE1053147,2,2025-04-02,2025-04-01,2100,Trade payables,Liability,CC-100,SYS-BATCH,System,Purchase of raw material,0.0,211796.29,Not required,
JE1053194,1,2025-04-02,2025-04-02,1200,Trade receivables,Asset,CC-600,SYS-BATCH,System,Service invoice raised,175946.29,0.0,Not required,
JE1053194,2,2025-04-02,2025-04-02,4110,Revenue - service income,Income,CC-600,SYS-BATCH,System,Service invoice raised,0.0,175946.29,Not required,
JE1053286,1,2025-04-02,2025-04-02,1200,Trade receivables,Asset,CC-200,SYS-BATCH,System,Service invoice raised,342686.56,0.0,Not required,
JE1053286,2,2025-04-02,2025-04-02,4110,Revenue - service income,Income,CC-200,SYS-BATCH,System,Service invoice raised,0.0,342686.56,Not required,
JE1053594,1,2025-04-02,2025-04-01,1200,Trade receivables,Asset,CC-500,SYS-BATCH,System,Sales invoice raised,519626.18,0.0,Approved,A002
JE1053594,2,2025-04-02,2025-04-01,4100,Revenue - product sales,Income,CC-500,SYS-BATCH,System,Sales invoice raised,0.0,519626.18,Approved,A002
JE1054679,1,2025-04-02,2025-04-01,1600,Input GST receivable,Asset,CC-600,SYS-BATCH,System,GST input booked,75679.43,0.0,Not required,
JE1054679,2,2025-04-02,2025-04-01,2100,Trade payables,Liability,CC-600,SYS-BATCH,System,GST input booked,0.0,75679.43,Not required,
JE1055686,1,2025-04-02,2025-04-01,5380,Printing and stationery,Expense,CC-600,U008,Manual,Stationery purchase,13344.74,0.0,Not required,
JE1055686,2,2025-04-02,2025-04-01,2100,Trade payables,Liability,CC-600,U008,Manual,Stationery purchase,0.0,13344.74,Not required,
JE1056141,1,2025-04-02,2025-04-01,1200,Trade receivables,Asset,CC-300,SYS-BATCH,System,Service invoice raised,413894.38,0.0,Not required,
JE1056141,2,2025-04-02,2025-04-01,4110,Revenue - service income,Income,CC-300,SYS-BATCH,System,Service invoice raised,0.0,413894.38,Not required,
JE1056235,1,2025-04-02,2025-04-01,5100,Cost of materials consumed,Expense,CC-200,SYS-BATCH,System,Purchase of raw material,264601.36,0.0,Not required,
JE1056235,2,2025-04-02,2025-04-01,2100,Trade payables,Liability,CC-200,SYS-BATCH,System,Purchase of raw material,0.0,264601.36,Not required,
JE1056351,1,2025-04-02,2025-04-01,5100,Cost of materials consumed,Expense,CC-100,SYS-BATCH,System,Purchase of raw material,506900.3,0.0,Approved,A002
JE1056351,2,2025-04-02,2025-04-01,2100,Trade payables,Liability,CC-100,SYS-BATCH,System,Purchase of raw material,0.0,506900.3,Approved,A002
JE1056435,1,2025-04-02,2025-04-02,5330,Travel and conveyance,Expense,CC-600,SYS-BATCH,System,Travel reimbursement,43238.52,0.0,Not required,
JE1056435,2,2025-04-02,2025-04-02,1110,Bank - current account,Asset,CC-600,SYS-BATCH,System,Travel reimbursement,0.0,43238.52,Not required,
JE1056592,1,2025-04-02,2025-04-01,5400,Depreciation and amortisation,Expense,CC-300,SYS-BATCH,System,Depreciation charge,1002679.04,0.0,Approved,A001
JE1056592,2,2025-04-02,2025-04-01,1510,Accumulated depreciation,Asset,CC-300,SYS-BATCH,System,Depreciation charge,0.0,1002679.04,Approved,A001
JE1056661,1,2025-04-02,2025-04-02,1200,Trade receivables,Asset,CC-100,U015,Manual,Sales invoice raised,25699.38,0.0,Not required,
JE1056661,2,2025-04-02,2025-04-02,4100,Revenue - product sales,Income,CC-100,U015,Manual,Sales invoice raised,0.0,25699.38,Not required,
JE1056784,1,2025-04-02,2025-04-01,1200,Trade receivables,Asset,CC-100,SYS-BATCH,System,Sales invoice raised,744933.19,0.0,Approved,A002
JE1056784,2,2025-04-02,2025-04-01,4100,Revenue - product sales,Income,CC-100,SYS-BATCH,System,Sales invoice raised,0.0,744933.19,Approved,A002
JE1057087,1,2025-04-02,2025-04-01,5320,Repairs and maintenance,Expense,CC-200,SYS-BATCH,System,Repairs and upkeep,156312.26,0.0,Not required,
JE1057087,2,2025-04-02,2025-04-01,2100,Trade payables,Liability,CC-200,SYS-BATCH,System,Repairs and upkeep,0.0,156312.26,Not required,
JE1057922,1,2025-04-02,2025-04-01,1200,Trade receivables,Asset,CC-200,SYS-BATCH,System,Sales invoice raised,574704.5,0.0,Approved,A001
JE1057922,2,2025-04-02,2025-04-01,4100,Revenue - product sales,Income,CC-200,SYS-BATCH,System,Sales invoice raised,0.0,574704.5,Approved,A001
JE1058002,1,2025-04-02,2025-04-01,5100,Cost of materials consumed,Expense,CC-300,SYS-BATCH,System,Purchase of raw material,402420.75,0.0,Not required,
JE1058002,2,2025-04-02,2025-04-01,2100,Trade payables,Liability,CC-300,SYS-BATCH,System,Purchase of raw material,0.0,402420.75,Not required,
JE1058148,1,2025-04-02,2025-04-01,1110,Bank - current account,Asset,CC-200,SYS-BATCH,System,Customer receipt,857915.2,0.0,Approved,A002
JE1058148,2,2025-04-02,2025-04-01,1200,Trade receivables,Asset,CC-200,SYS-BATCH,System,Customer receipt,0.0,857915.2,Approved,A002
JE1058791,1,2025-04-02,2025-04-01,2100,Trade payables,Liability,CC-200,SYS-BATCH,System,TDS deducted on payment,58395.45,0.0,Not required,
JE1058791,2,2025-04-02,2025-04-01,2210,TDS payable,Liability,CC-200,SYS-BATCH,System,TDS deducted on payment,0.0,58395.45,Not required,
JE1059383,1,2025-04-02,2025-04-02,1200,Trade receivables,Asset,CC-100,SYS-BATCH,System,Sales invoice raised,606978.22,0.0,Approved,A001
JE1059383,2,2025-04-02,2025-04-02,4100,Revenue - product sales,Income,CC-100,SYS-BATCH,System,Sales invoice raised,0.0,606978.22,Approved,A001
JE1059528,1,2025-04-02,2025-04-01,2100,Trade payables,Liability,CC-500,SYS-BATCH,System,TDS deducted on payment,12328.16,0.0,Not required,
JE1059528,2,2025-04-02,2025-04-01,2210,TDS payable,Liability,CC-500,SYS-BATCH,System,TDS deducted on payment,0.0,12328.16,Not required,
JE1059662,1,2025-04-02,2025-04-01,1600,Input GST receivable,Asset,CC-200,SYS-BATCH,System,GST input booked,18436.36,0.0,Not required,
JE1059662,2,2025-04-02,2025-04-01,2100,Trade payables,Liability,CC-200,SYS-BATCH,System,GST input booked,0.0,18436.36,Not required,
JE1059698,1,2025-04-02,2025-04-02,5370,Communication expense,Expense,CC-500,SYS-BATCH,System,Telephone and internet,31760.82,0.0,Not required,
JE1059698,2,2025-04-02,2025-04-02,2110,Accrued expenses,Liability,CC-500,SYS-BATCH,System,Telephone and internet,0.0,31760.82,Not required,
JE1059971,1,2025-04-02,2025-04-01,2100,Trade payables,Liability,CC-500,SYS-BATCH,System,Supplier payment,41255.55,0.0,Not required,
JE1059971,2,2025-04-02,2025-04-01,1110,Bank - current account,Asset,CC-500,SYS-BATCH,System,Supplier payment,0.0,41255.55,Not required,
JE1060841,1,2025-04-02,2025-04-02,5210,Contract staff cost,Expense,CC-600,U010,Manual,Contract staff billing,245554.64,0.0,Not required,
JE1060841,2,2025-04-02,2025-04-02,2100,Trade payables,Liability,CC-600,U010,Manual,Contract staff billing,0.0,245554.64,Not required,
JE1061157,1,2025-04-02,2025-04-02,5210,Contract staff cost,Expense,CC-200,SYS-BATCH,System,Contract staff billing,196231.65,0.0,Not required,
JE1061157,2,2025-04-02,2025-04-02,2100,Trade payables,Liability,CC-200,SYS-BATCH,System,Contract staff billing,0.0,196231.65,Not required,
JE1061211,1,2025-04-02,2025-04-02,1200,Trade receivables,Asset,CC-600,SYS-BATCH,System,Service invoice raised,158832.3,0.0,Not required,
JE1061211,2,2025-04-02,2025-04-02,4110,Revenue - service income,Income,CC-600,SYS-BATCH,System,Service invoice raised,0.0,158832.3,Not required,
JE1061278,1,2025-04-02,2025-04-02,5340,Legal and professional fees,Expense,CC-300,SYS-BATCH,System,Professional fees billed,391018.55,0.0,Not required,
JE1061278,2,2025-04-02,2025-04-02,2100,Trade payables,Liability,CC-300,SYS-BATCH,System,Professional fees billed,0.0,391018.55,Not required,
JE1061770,1,2025-04-02,2025-04-02,5340,Legal and professional fees,Expense,CC-200,SYS-BATCH,System,Professional fees billed,325012.37,0.0,Not required,
JE1061770,2,2025-04-02,2025-04-02,2100,Trade payables,Liability,CC-200,SYS-BATCH,System,Professional fees billed,0.0,325012.37,Not required,
JE1061942,1,2025-04-02,2025-04-01,1200,Trade receivables,Asset,CC-300,SYS-BATCH,System,Service invoice raised,588214.21,0.0,Approved,A002
JE1061942,2,2025-04-02,2025-04-01,4110,Revenue - service income,Income,CC-300,SYS-BATCH,System,Service invoice raised,0.0,588214.21,Approved,A002
JE1062433,1,2025-04-02,2025-04-01,1110,Bank - current account,Asset,CC-100,SYS-BATCH,System,Customer receipt,714424.45,0.0,Approved,A003
JE1062433,2,2025-04-02,2025-04-01,1200,Trade receivables,Asset,CC-100,SYS-BATCH,System,Customer receipt,0.0,714424.45,Approved,A003
JE1062474,1,2025-04-02,2025-04-02,1110,Bank - current account,Asset,CC-400,SYS-BATCH,System,Customer receipt,299758.91,0.0,Not required,
JE1062474,2,2025-04-02,2025-04-02,1200,Trade receivables,Asset,CC-400,SYS-BATCH,System,Customer receipt,0.0,299758.91,Not required,
JE1063275,1,2025-04-02,2025-04-02,1200,Trade receivables,Asset,CC-500,SYS-BATCH,System,Service invoice raised,577084.58,0.0,Approved,A003
JE1063275,2,2025-04-02,2025-04-02,4110,Revenue - service income,Income,CC-500,SYS-BATCH,System,Service invoice raised,0.0,577084.58,Approved,A003
JE1063324,1,2025-04-02,2025-04-02,5200,Employee benefit expense,Expense,CC-600,SYS-BATCH,System,Payroll for the month,1690180.75,0.0,Approved,A001
JE1063324,2,2025-04-02,2025-04-02,2120,Provision for employee benefits,Liability,CC-600,SYS-BATCH,System,Payroll for the month,0.0,1690180.75,Approved,A001
JE1063368,1,2025-04-02,2025-04-02,5350,Advertisement and marketing,Expense,CC-100,SYS-BATCH,System,Marketing spend,316674.62,0.0,Not required,
JE1063368,2,2025-04-02,2025-04-02,2100,Trade payables,Liability,CC-100,SYS-BATCH,System,Marketing spend,0.0,316674.62,Not required,
JE1063902,1,2025-04-02,2025-04-01,1200,Trade receivables,Asset,CC-300,SYS-BATCH,System,Service invoice raised,171933.59,0.0,Not required,
JE1063902,2,2025-04-02,2025-04-01,4110,Revenue - service income,Income,CC-300,SYS-BATCH,System,Service invoice raised,0.0,171933.59,Not required,
JE1064042,1,2025-04-02,2025-04-02,5210,Contract staff cost,Expense,CC-100,SYS-BATCH,System,Contract staff billing,40009.97,0.0,Not required,
JE1064042,2,2025-04-02,2025-04-02,2100,Trade payables,Liability,CC-100,SYS-BATCH,System,Contract staff billing,0.0,40009.97,Not required,
JE1064088,1,2025-04-02,2025-04-01,2100,Trade payables,Liability,CC-600,SYS-BATCH,System,Supplier payment,339350.93,0.0,Not required,
JE1064088,2,2025-04-02,2025-04-01,1110,Bank - current account,Asset,CC-600,SYS-BATCH,System,Supplier payment,0.0,339350.93,Not required,
JE1064804,1,2025-04-02,2025-04-02,5400,Depreciation and amortisation,Expense,CC-200,SYS-BATCH,System,Depreciation charge,1004313.1,0.0,Approved,A002
JE1064804,2,2025-04-02,2025-04-02,1510,Accumulated depreciation,Asset,CC-200,SYS-BATCH,System,Depreciation charge,0.0,1004313.1,Approved,A002
JE1064877,1,2025-04-02,2025-04-02,1200,Trade receivables,Asset,CC-600,SYS-BATCH,System,Sales invoice raised,658151.44,0.0,Approved,A001
JE1064877,2,2025-04-02,2025-04-02,4100,Revenue - product sales,Income,CC-600,SYS-BATCH,System,Sales invoice raised,0.0,658151.44,Approved,A001
JE1065373,1,2025-04-02,2025-04-01,1600,Input GST receivable,Asset,CC-400,U014,Manual,GST input booked,35833.53,0.0,Not required,
JE1065373,2,2025-04-02,2025-04-01,2100,Trade payables,Liability,CC-400,U014,Manual,GST input booked,0.0,35833.53,Not required,
JE1065421,1,2025-04-02,2025-04-01,5340,Legal and professional fees,Expense,CC-400,SYS-BATCH,System,Professional fees billed,354554.03,0.0,Not required,
JE1065421,2,2025-04-02,2025-04-01,2100,Trade payables,Liability,CC-400,SYS-BATCH,System,Professional fees billed,0.0,354554.03,Not required,
JE1065518,1,2025-04-02,2025-04-01,1200,Trade receivables,Asset,CC-100,U013,Manual,Service invoice raised,93721.34,0.0,Not required,
JE1065518,2,2025-04-02,2025-04-01,4110,Revenue - service income,Income,CC-100,U013,Manual,Service invoice raised,0.0,93721.34,Not required,
JE1065530,1,2025-04-02,2025-04-02,1200,Trade receivables,Asset,CC-400,SYS-BATCH,System,Sales invoice raised,851661.44,0.0,Approved,A002
JE1065530,2,2025-04-02,2025-04-02,4100,Revenue - product sales,Income,CC-400,SYS-BATCH,System,Sales invoice raised,0.0,851661.44,Approved,A002
JE1065594,1,2025-04-02,2025-04-01,5100,Cost of materials consumed,Expense,CC-600,SYS-BATCH,System,Purchase of raw material,676767.84,0.0,Approved,A002
JE1065594,2,2025-04-02,2025-04-01,2100,Trade payables,Liability,CC-600,SYS-BATCH,System,Purchase of raw material,0.0,676767.84,Approved,A002
JE1065854,1,2025-04-02,2025-04-01,1110,Bank - current account,Asset,CC-200,U015,Manual,Customer receipt,241941.41,0.0,Not required,
JE1065854,2,2025-04-02,2025-04-01,1200,Trade receivables,Asset,CC-200,U015,Manual,Customer receipt,0.0,241941.41,Not required,
JE1066296,1,2025-04-02,2025-04-01,2100,Trade payables,Liability,CC-500,SYS-BATCH,System,Supplier payment,571522.38,0.0,Approved,A003
JE1066296,2,2025-04-02,2025-04-01,1110,Bank - current account,Asset,CC-500,SYS-BATCH,System,Supplier payment,0.0,571522.38,Approved,A003
JE1066369,1,2025-04-02,2025-04-01,5200,Employee benefit expense,Expense,CC-500,SYS-BATCH,System,Payroll for the month,2599354.19,0.0,Approved,A002
JE1066369,2,2025-04-02,2025-04-01,2120,Provision for employee benefits,Liability,CC-500,SYS-BATCH,System,Payroll for the month,0.0,2599354.19,Approved,A002
JE1066459,1,2025-04-02,2025-04-02,1200,Trade receivables,Asset,CC-400,U018,Manual,Sales invoice raised,727520.39,0.0,Approved,A001
JE1066459,2,2025-04-02,2025-04-02,4100,Revenue - product sales,Income,CC-400,U018,Manual,Sales invoice raised,0.0,727520.39,Approved,A001
JE1066498,1,2025-04-02,2025-04-02,1110,Bank - current account,Asset,CC-300,SYS-BATCH,System,Customer receipt,752370.42,0.0,Approved,A002
JE1066498,2,2025-04-02,2025-04-02,1200,Trade receivables,Asset,CC-300,SYS-BATCH,System,Customer receipt,0.0,752370.42,Approved,A002
JE1066682,1,2025-04-02,2025-04-02,2100,Trade payables,Liability,CC-100,SYS-BATCH,System,Supplier payment,140450.83,0.0,Not required,
JE1066682,2,2025-04-02,2025-04-02,1110,Bank - current account,Asset,CC-100,SYS-BATCH,System,Supplier payment,0.0,140450.83,Not required,
JE1066794,1,2025-04-02,2025-04-01,5340,Legal and professional fees,Expense,CC-500,U021,Manual,Professional fees billed,241154.99,0.0,Not required,
JE1066794,2,2025-04-02,2025-04-01,2100,Trade payables,Liability,CC-500,U021,Manual,Professional fees billed,0.0,241154.99,Not required,
JE1067049,1,2025-04-02,2025-04-02,5330,Travel and conveyance,Expense,CC-300,SYS-BATCH,System,Travel reimbursement,53600.96,0.0,Not required,
JE1067049,2,2025-04-02,2025-04-02,1110,Bank - current account,Asset,CC-300,SYS-BATCH,System,Travel reimbursement,0.0,53600.96,Not required,
JE1067285,1,2025-04-02,2025-04-02,1200,Trade receivables,Asset,CC-300,SYS-BATCH,System,Sales invoice raised,546258.15,0.0,Approved,A001
JE1067285,2,2025-04-02,2025-04-02,4100,Revenue - product sales,Income,CC-300,SYS-BATCH,System,Sales invoice raised,0.0,546258.15,Approved,A001
JE1067363,1,2025-04-02,2025-04-01,1200,Trade receivables,Asset,CC-200,U005,Manual,Sales invoice raised,743145.84,0.0,Approved,A002
JE1067363,2,2025-04-02,2025-04-01,4100,Revenue - product sales,Income,CC-200,U005,Manual,Sales invoice raised,0.0,743145.84,Approved,A002
JE1067418,1,2025-04-02,2025-04-02,5310,Power and fuel,Expense,CC-400,SYS-BATCH,System,Electricity charges,37624.51,0.0,Not required,
JE1067418,2,2025-04-02,2025-04-02,2110,Accrued expenses,Liability,CC-400,SYS-BATCH,System,Electricity charges,0.0,37624.51,Not required,
JE1068189,1,2025-04-02,2025-04-01,5400,Depreciation and amortisation,Expense,CC-200,SYS-BATCH,System,Depreciation charge,333115.53,0.0,Not required,
JE1068189,2,2025-04-02,2025-04-01,1510,Accumulated depreciation,Asset,CC-200,SYS-BATCH,System,Depreciation charge,0.0,333115.53,Not required,
JE1068663,1,2025-04-02,2025-04-02,5200,Employee benefit expense,Expense,CC-100,SYS-BATCH,System,Payroll for the month,1044193.92,0.0,Approved,A003
JE1068663,2,2025-04-02,2025-04-02,2120,Provision for employee benefits,Liability,CC-100,SYS-BATCH,System,Payroll for the month,0.0,1044193.92,Approved,A003
JE1069204,1,2025-04-02,2025-04-01,1600,Input GST receivable,Asset,CC-100,SYS-BATCH,System,GST input booked,5169.7,0.0,Not required,
JE1069204,2,2025-04-02,2025-04-01,2100,Trade payables,Liability,CC-100,SYS-BATCH,System,GST input booked,0.0,5169.7,Not required,
JE1069775,1,2025-04-02,2025-04-01,2100,Trade payables,Liability,CC-500,SYS-BATCH,System,Supplier payment,191063.48,0.0,Not required,
JE1069775,2,2025-04-02,2025-04-01,1110,Bank - current account,Asset,CC-500,SYS-BATCH,System,Supplier payment,0.0,191063.48,Not required,
JE1069861,1,2025-04-02,2025-04-02,5100,Cost of materials consumed,Expense,CC-200,SYS-BATCH,System,Purchase of raw material,676602.6,0.0,Approved,A001
JE1069861,2,2025-04-02,2025-04-02,2100,Trade payables,Liability,CC-200,SYS-BATCH,System,Purchase of raw material,0.0,676602.6,Approved,A001
JE1070056,1,2025-04-02,2025-04-01,1200,Trade receivables,Asset,CC-600,SYS-BATCH,System,Sales invoice raised,296857.14,0.0,Not required,
JE1070056,2,2025-04-02,2025-04-01,4100,Revenue - product sales,Income,CC-600,SYS-BATCH,System,Sales invoice raised,0.0,296857.14,Not required,
JE1070060,1,2025-04-02,2025-04-02,5100,Cost of materials consumed,Expense,CC-500,SYS-BATCH,System,Purchase of raw material,218306.98,0.0,Not required,
JE1070060,2,2025-04-02,2025-04-02,2100,Trade payables,Liability,CC-500,SYS-BATCH,System,Purchase of raw material,0.0,218306.98,Not required,
JE1071063,1,2025-04-02,2025-04-02,1200,Trade receivables,Asset,CC-600,SYS-BATCH,System,Sales invoice raised,62453.52,0.0,Not required,
JE1071063,2,2025-04-02,2025-04-02,4100,Revenue - product sales,Income,CC-600,SYS-BATCH,System,Sales invoice raised,0.0,62453.52,Not required,
JE1071111,1,2025-04-02,2025-04-01,1200,Trade receivables,Asset,CC-200,U017,Manual,Sales invoice raised,129072.63,0.0,Not required,
JE1071111,2,2025-04-02,2025-04-01,4100,Revenue - product sales,Income,CC-200,U017,Manual,Sales invoice raised,0.0,129072.63,Not required,
JE1071143,1,2025-04-02,2025-04-01,5400,Depreciation and amortisation,Expense,CC-100,SYS-BATCH,System,Depreciation charge,587879.06,0.0,Approved,A001
JE1071143,2,2025-04-02,2025-04-01,1510,Accumulated depreciation,Asset,CC-100,SYS-BATCH,System,Depreciation charge,0.0,587879.06,Approved,A001
JE1071350,1,2025-04-02,2025-04-02,1200,Trade receivables,Asset,CC-600,U016,Manual,Sales invoice raised,348341.42,0.0,Not required,
JE1071350,2,2025-04-02,2025-04-02,4100,Revenue - product sales,Income,CC-600,U016,Manual,Sales invoice raised,0.0,348341.42,Not required,
JE1071621,1,2025-04-02,2025-04-01,5340,Legal and professional fees,Expense,CC-400,SYS-BATCH,System,Professional fees billed,172432.22,0.0,Not required,
JE1071621,2,2025-04-02,2025-04-01,2100,Trade payables,Liability,CC-400,SYS-BATCH,System,Professional fees billed,0.0,172432.22,Not required,
JE1071631,1,2025-04-02,2025-04-01,1600,Input GST receivable,Asset,CC-300,SYS-BATCH,System,GST input booked,9875.44,0.0,Not required,
JE1071631,2,2025-04-02,2025-04-01,2100,Trade payables,Liability,CC-300,SYS-BATCH,System,GST input booked,0.0,9875.44,Not required,
JE1071941,1,2025-04-02,2025-04-02,1600,Input GST receivable,Asset,CC-400,SYS-BATCH,System,GST input booked,90350.4,0.0,Not required,
JE1071941,2,2025-04-02,2025-04-02,2100,Trade payables,Liability,CC-400,SYS-BATCH,System,GST input booked,0.0,90350.4,Not required,
JE1072803,1,2025-04-02,2025-04-01,5100,Cost of materials consumed,Expense,CC-600,SYS-BATCH,System,Purchase of raw material,14702.42,0.0,Not required,
JE1072803,2,2025-04-02,2025-04-01,2100,Trade payables,Liability,CC-600,SYS-BATCH,System,Purchase of raw material,0.0,14702.42,Not required,
JE1072842,1,2025-04-02,2025-04-02,5100,Cost of materials consumed,Expense,CC-100,SYS-BATCH,System,Purchase of raw material,73602.48,0.0,Not required,
JE1072842,2,2025-04-02,2025-04-02,2100,Trade payables,Liability,CC-100,SYS-BATCH,System,Purchase of raw material,0.0,73602.48,Not required,
JE1073249,1,2025-04-02,2025-04-01,1200,Trade receivables,Asset,CC-500,SYS-BATCH,System,Sales invoice raised,277848.06,0.0,Not required,
JE1073249,2,2025-04-02,2025-04-01,4100,Revenue - product sales,Income,CC-500,SYS-BATCH,System,Sales invoice raised,0.0,277848.06,Not required,
JE1073282,1,2025-04-02,2025-04-02,1110,Bank - current account,Asset,CC-400,SYS-BATCH,System,Customer receipt,131756.8,0.0,Not required,
JE1073282,2,2025-04-02,2025-04-02,1200,Trade receivables,Asset,CC-400,SYS-BATCH,System,Customer receipt,0.0,131756.8,Not required,
JE1073292,1,2025-04-02,2025-04-01,1110,Bank - current account,Asset,CC-600,SYS-BATCH,System,Customer receipt,118153.34,0.0,Not required,
JE1073292,2,2025-04-02,2025-04-01,1200,Trade receivables,Asset,CC-600,SYS-BATCH,System,Customer receipt,0.0,118153.34,Not required,
JE1073382,1,2025-04-02,2025-04-02,1200,Trade receivables,Asset,CC-500,SYS-BATCH,System,Service invoice raised,204031.88,0.0,Not required,
JE1073382,2,2025-04-02,2025-04-02,4110,Revenue - service income,Income,CC-500,SYS-BATCH,System,Service invoice raised,0.0,204031.88,Not required,
JE1073778,1,2025-04-02,2025-04-01,5200,Employee benefit expense,Expense,CC-300,U004,Manual,Payroll for the month,443996.13,0.0,Not required,
JE1073778,2,2025-04-02,2025-04-01,2120,Provision for employee benefits,Liability,CC-300,U004,Manual,Payroll for the month,0.0,443996.13,Not required,
JE1073892,1,2025-04-02,2025-04-02,2100,Trade payables,Liability,CC-100,SYS-BATCH,System,Supplier payment,521071.88,0.0,Approved,A002
JE1073892,2,2025-04-02,2025-04-02,1110,Bank - current account,Asset,CC-100,SYS-BATCH,System,Supplier payment,0.0,521071.88,Approved,A002
JE1073913,1,2025-04-02,2025-04-02,1200,Trade receivables,Asset,CC-600,SYS-BATCH,System,Service invoice raised,364165.09,0.0,Not required,
JE1073913,2,2025-04-02,2025-04-02,4110,Revenue - service income,Income,CC-600,SYS-BATCH,System,Service invoice raised,0.0,364165.09,Not required,
JE1073930,1,2025-04-02,2025-04-02,2100,Trade payables,Liability,CC-200,SYS-BATCH,System,Supplier payment,161893.54,0.0,Not required,
JE1073930,2,2025-04-02,2025-04-02,1110,Bank - current account,Asset,CC-200,SYS-BATCH,System,Supplier payment,0.0,161893.54,Not required,
JE1074035,1,2025-04-02,2025-04-01,5100,Cost of materials consumed,Expense,CC-400,SYS-BATCH,System,Purchase of raw material,376509.6,0.0,Not required,
JE1074035,2,2025-04-02,2025-04-01,2100,Trade payables,Liability,CC-400,SYS-BATCH,System,Purchase of raw material,0.0,376509.6,Not required,
JE1074343,1,2025-04-02,2025-04-01,5370,Communication expense,Expense,CC-100,SYS-BATCH,System,Telephone and internet,45330.17,0.0,Not required,
JE1074343,2,2025-04-02,2025-04-01,2110,Accrued expenses,Liability,CC-100,SYS-BATCH,System,Telephone and internet,0.0,45330.17,Not required,
JE1074363,1,2025-04-02,2025-04-01,5300,Rent expense,Expense,CC-300,SYS-BATCH,System,Rent for the period,196524.21,0.0,Not required,
JE1074363,2,2025-04-02,2025-04-01,2110,Accrued expenses,Liability,CC-300,SYS-BATCH,System,Rent for the period,0.0,196524.21,Not required,
JE1074659,1,2025-04-02,2025-04-02,5100,Cost of materials consumed,Expense,CC-300,SYS-BATCH,System,Purchase of raw material,203609.38,0.0,Not required,
JE1074659,2,2025-04-02,2025-04-02,2100,Trade payables,Liability,CC-300,SYS-BATCH,System,Purchase of raw material,0.0,203609.38,Not required,
JE1075543,1,2025-04-02,2025-04-01,5330,Travel and conveyance,Expense,CC-400,SYS-BATCH,System,Travel reimbursement,85341.49,0.0,Not required,
JE1075543,2,2025-04-02,2025-04-01,1110,Bank - current account,Asset,CC-400,SYS-BATCH,System,Travel reimbursement,0.0,85341.49,Not required,
JE1075740,1,2025-04-02,2025-04-02,1200,Trade receivables,Asset,CC-400,SYS-BATCH,System,Sales invoice raised,653072.04,0.0,Approved,A003
JE1075740,2,2025-04-02,2025-04-02,4100,Revenue - product sales,Income,CC-400,SYS-BATCH,System,Sales invoice raised,0.0,653072.04,Approved,A003
JE1075769,1,2025-04-02,2025-04-02,1200,Trade receivables,Asset,CC-100,SYS-BATCH,System,Service invoice raised,25131.57,0.0,Not required,
JE1075769,2,2025-04-02,2025-04-02,4110,Revenue - service income,Income,CC-100,SYS-BATCH,System,Service invoice raised,0.0,25131.57,Not required,
JE1076060,1,2025-04-02,2025-04-02,5320,Repairs and maintenance,Expense,CC-300,SYS-BATCH,System,Repairs and upkeep,67041.1,0.0,Not required,
JE1076060,2,2025-04-02,2025-04-02,2100,Trade payables,Liability,CC-300,SYS-BATCH,System,Repairs and upkeep,0.0,67041.1,Not required,
JE1076408,1,2025-04-02,2025-04-02,1110,Bank - current account,Asset,CC-600,SYS-BATCH,System,Customer receipt,749749.18,0.0,Approved,A003
JE1076408,2,2025-04-02,2025-04-02,1200,Trade receivables,Asset,CC-600,SYS-BATCH,System,Customer receipt,0.0,749749.18,Approved,A003
JE1076433,1,2025-04-02,2025-04-01,5320,Repairs and maintenance,Expense,CC-400,SYS-BATCH,System,Repairs and upkeep,8200.35,0.0,Not required,
JE1076433,2,2025-04-02,2025-04-01,2100,Trade payables,Liability,CC-400,SYS-BATCH,System,Repairs and upkeep,0.0,8200.35,Not required,
JE1076558,1,2025-04-02,2025-04-01,5340,Legal and professional fees,Expense,CC-100,SYS-BATCH,System,Professional fees billed,128120.86,0.0,Not required,
JE1076558,2,2025-04-02,2025-04-01,2100,Trade payables,Liability,CC-100,SYS-BATCH,System,Professional fees billed,0.0,128120.86,Not required,
JE1077116,1,2025-04-02,2025-04-01,1110,Bank - current account,Asset,CC-500,SYS-BATCH,System,Customer receipt,427642.67,0.0,Not required,
JE1077116,2,2025-04-02,2025-04-01,1200,Trade receivables,Asset,CC-500,SYS-BATCH,System,Customer receipt,0.0,427642.67,Not required,
JE1077239,1,2025-04-02,2025-04-02,1200,Trade receivables,Asset,CC-100,SYS-BATCH,System,Service invoice raised,60641.46,0.0,Not required,
JE1077239,2,2025-04-02,2025-04-02,4110,Revenue - service income,Income,CC-100,SYS-BATCH,System,Service invoice raised,0.0,60641.46,Not required,
JE1077499,1,2025-04-02,2025-04-02,5310,Power and fuel,Expense,CC-500,SYS-BATCH,System,Electricity charges,59006.47,0.0,Not required,
JE1077499,2,2025-04-02,2025-04-02,2110,Accrued expenses,Liability,CC-500,SYS-BATCH,System,Electricity charges,0.0,59006.47,Not required,
JE1077775,1,2025-04-02,2025-04-02,5310,Power and fuel,Expense,CC-100,SYS-BATCH,System,Electricity charges,77162.86,0.0,Not required,
JE1077775,2,2025-04-02,2025-04-02,2110,Accrued expenses,Liability,CC-100,SYS-BATCH,System,Electricity charges,0.0,77162.86,Not required,
JE1077978,1,2025-04-02,2025-04-02,1410,Advance to suppliers,Asset,CC-500,SYS-BATCH,System,Advance to supplier,314651.56,0.0,Not required,
JE1077978,2,2025-04-02,2025-04-02,1110,Bank - current account,Asset,CC-500,SYS-BATCH,System,Advance to supplier,0.0,314651.56,Not required,
JE1078223,1,2025-04-02,2025-04-01,1200,Trade receivables,Asset,CC-600,SYS-BATCH,System,Sales invoice raised,245895.77,0.0,Not required,
JE1078223,2,2025-04-02,2025-04-01,4100,Revenue - product sales,Income,CC-600,SYS-BATCH,System,Sales invoice raised,0.0,245895.77,Not required,
JE1078234,1,2025-04-02,2025-04-02,1110,Bank - current account,Asset,CC-200,U006,Manual,Customer receipt,125884.85,0.0,Not required,
JE1078234,2,2025-04-02,2025-04-02,1200,Trade receivables,Asset,CC-200,U006,Manual,Customer receipt,0.0,125884.85,Not required,
JE1078332,1,2025-04-02,2025-04-01,1600,Input GST receivable,Asset,CC-300,SYS-BATCH,System,GST input booked,45268.83,0.0,Not required,
JE1078332,2,2025-04-02,2025-04-01,2100,Trade payables,Liability,CC-300,SYS-BATCH,System,GST input booked,0.0,45268.83,Not required,
JE1078716,1,2025-04-02,2025-04-02,5400,Depreciation and amortisation,Expense,CC-100,SYS-BATCH,System,Depreciation charge,792276.84,0.0,Approved,A002
JE1078716,2,2025-04-02,2025-04-02,1510,Accumulated depreciation,Asset,CC-100,SYS-BATCH,System,Depreciation charge,0.0,792276.84,Approved,A002
JE1078932,1,2025-04-02,2025-04-01,1200,Trade receivables,Asset,CC-100,SYS-BATCH,System,Service invoice raised,309417.66,0.0,Not required,
JE1078932,2,2025-04-02,2025-04-01,4110,Revenue - service income,Income,CC-100,SYS-BATCH,System,Service invoice raised,0.0,309417.66,Not required,
JE1079085,1,2025-04-02,2025-04-01,1200,Trade receivables,Asset,CC-400,U009,Manual,GST output booked,129482.15,0.0,Not required,
JE1079085,2,2025-04-02,2025-04-01,2200,Output GST payable,Liability,CC-400,U009,Manual,GST output booked,0.0,129482.15,Not required,
JE1079160,1,2025-04-02,2025-04-02,5200,Employee benefit expense,Expense,CC-100,SYS-BATCH,System,Payroll for the month,2221115.16,0.0,Approved,A003
JE1079160,2,2025-04-02,2025-04-02,2120,Provision for employee benefits,Liability,CC-100,SYS-BATCH,System,Payroll for the month,0.0,2221115.16,Approved,A003
JE1079168,1,2025-04-02,2025-04-02,1200,Trade receivables,Asset,CC-300,SYS-BATCH,System,Sales invoice raised,34278.59,0.0,Not required,
JE1079168,2,2025-04-02,2025-04-02,4100,Revenue - product sales,Income,CC-300,SYS-BATCH,System,Sales invoice raised,0.0,34278.59,Not required,
JE1080243,1,2025-04-02,2025-04-02,2100,Trade payables,Liability,CC-600,SYS-BATCH,System,Supplier payment,446162.11,0.0,Not required,
JE1080243,2,2025-04-02,2025-04-02,1110,Bank - current account,Asset,CC-600,SYS-BATCH,System,Supplier payment,0.0,446162.11,Not required,
JE1080509,1,2025-04-02,2025-04-02,5100,Cost of materials consumed,Expense,CC-500,SYS-BATCH,System,Purchase of raw material,296784.19,0.0,Not required,
JE1080509,2,2025-04-02,2025-04-02,2100,Trade payables,Liability,CC-500,SYS-BATCH,System,Purchase of raw material,0.0,296784.19,Not required,
JE1081222,1,2025-04-02,2025-04-02,5350,Advertisement and marketing,Expense,CC-300,SYS-BATCH,System,Marketing spend,494706.09,0.0,Not required,
JE1081222,2,2025-04-02,2025-04-02,2100,Trade payables,Liability,CC-300,SYS-BATCH,System,Marketing spend,0.0,494706.09,Not required,
JE1081301,1,2025-04-02,2025-04-02,5500,Finance cost,Expense,CC-300,SYS-BATCH,System,Interest on borrowings,428127.96,0.0,Not required,
JE1081301,2,2025-04-02,2025-04-02,2310,Interest accrued but not due,Liability,CC-300,SYS-BATCH,System,Interest on borrowings,0.0,428127.96,Not required,
JE1081543,1,2025-04-02,2025-04-02,5100,Cost of materials consumed,Expense,CC-200,SYS-BATCH,System,Purchase of raw material,298721.63,0.0,Not required,
JE1081543,2,2025-04-02,2025-04-02,2100,Trade payables,Liability,CC-200,SYS-BATCH,System,Purchase of raw material,0.0,298721.63,Not required,
JE1081641,1,2025-04-02,2025-04-01,5500,Finance cost,Expense,CC-400,SYS-BATCH,System,Interest on borrowings,326269.01,0.0,Not required,
JE1081641,2,2025-04-02,2025-04-01,2310,Interest accrued but not due,Liability,CC-400,SYS-BATCH,System,Interest on borrowings,0.0,326269.01,Not required,
JE1081796,1,2025-04-02,2025-04-01,2100,Trade payables,Liability,CC-100,U016,Manual,Supplier payment,382117.95,0.0,Not required,
JE1081796,2,2025-04-02,2025-04-01,1110,Bank - current account,Asset,CC-100,U016,Manual,Supplier payment,0.0,382117.95,Not required,
JE1082061,1,2025-04-02,2025-04-01,5200,Employee benefit expense,Expense,CC-100,SYS-BATCH,System,Payroll for the month,1630046.28,0.0,Approved,A001
JE1082061,2,2025-04-02,2025-04-01,2120,Provision for employee benefits,Liability,CC-100,SYS-BATCH,System,Payroll for the month,0.0,1630046.28,Approved,A001
JE1082381,1,2025-04-02,2025-04-01,1200,Trade receivables,Asset,CC-400,SYS-BATCH,System,Sales invoice raised,882751.72,0.0,Approved,A002
JE1082381,2,2025-04-02,2025-04-01,4100,Revenue - product sales,Income,CC-400,SYS-BATCH,System,Sales invoice raised,0.0,882751.72,Approved,A002
JE1082484,1,2025-04-02,2025-04-02,1200,Trade receivables,Asset,CC-600,SYS-BATCH,System,Sales invoice raised,530976.06,0.0,Approved,A001
JE1082484,2,2025-04-02,2025-04-02,4100,Revenue - product sales,Income,CC-600,SYS-BATCH,System,Sales invoice raised,0.0,530976.06,Approved,A001
JE1082941,1,2025-04-02,2025-04-01,5100,Cost of materials consumed,Expense,CC-500,SYS-BATCH,System,Purchase of raw material,14780.59,0.0,Not required,
JE1082941,2,2025-04-02,2025-04-01,2100,Trade payables,Liability,CC-500,SYS-BATCH,System,Purchase of raw material,0.0,14780.59,Not required,
JE1083111,1,2025-04-02,2025-04-01,1200,Trade receivables,Asset,CC-400,SYS-BATCH,System,GST output booked,128298.81,0.0,Not required,
JE1083111,2,2025-04-02,2025-04-01,2200,Output GST payable,Liability,CC-400,SYS-BATCH,System,GST output booked,0.0,128298.81,Not required,
JE1083388,1,2025-04-02,2025-04-01,5380,Printing and stationery,Expense,CC-600,SYS-BATCH,System,Stationery purchase,13794.06,0.0,Not required,
JE1083388,2,2025-04-02,2025-04-01,2100,Trade payables,Liability,CC-600,SYS-BATCH,System,Stationery purchase,0.0,13794.06,Not required,
JE1083429,1,2025-04-02,2025-04-01,1200,Trade receivables,Asset,CC-400,SYS-BATCH,System,Sales invoice raised,225380.82,0.0,Not required,
JE1083429,2,2025-04-02,2025-04-01,4100,Revenue - product sales,Income,CC-400,SYS-BATCH,System,Sales invoice raised,0.0,225380.82,Not required,
JE1083554,1,2025-04-02,2025-04-02,2100,Trade payables,Liability,CC-600,U019,Manual,TDS deducted on payment,14488.33,0.0,Not required,
JE1083554,2,2025-04-02,2025-04-02,2210,TDS payable,Liability,CC-600,U019,Manual,TDS deducted on payment,0.0,14488.33,Not required,
JE1083623,1,2025-04-02,2025-04-01,5210,Contract staff cost,Expense,CC-500,SYS-BATCH,System,Contract staff billing,104534.61,0.0,Not required,
JE1083623,2,2025-04-02,2025-04-01,2100,Trade payables,Liability,CC-500,SYS-BATCH,System,Contract staff billing,0.0,104534.61,Not required,
JE1083692,1,2025-04-02,2025-04-02,2100,Trade payables,Liability,CC-300,U009,Manual,TDS deducted on payment,6489.46,0.0,Not required,
JE1083692,2,2025-04-02,2025-04-02,2210,TDS payable,Liability,CC-300,U009,Manual,TDS deducted on payment,0.0,6489.46,Not required,
JE1000253,1,2025-04-03,2025-04-03,1600,Input GST receivable,Asset,CC-600,SYS-BATCH,System,GST input booked,86438.31,0.0,Not required,
JE1000253,2,2025-04-03,2025-04-03,2100,Trade payables,Liability,CC-600,SYS-BATCH,System,GST input booked,0.0,86438.31,Not required,
JE1000450,1,2025-04-03,2025-04-03,1110,Bank - current account,Asset,CC-300,SYS-BATCH,System,Customer receipt,501626.39,0.0,Approved,A001
JE1000450,2,2025-04-03,2025-04-03,1200,Trade receivables,Asset,CC-300,SYS-BATCH,System,Customer receipt,0.0,501626.39,Approved,A001
JE1000518,1,2025-04-03,2025-04-02,5370,Communication expense,Expense,CC-100,SYS-BATCH,System,Telephone and internet,36456.08,0.0,Not required,
JE1000518,2,2025-04-03,2025-04-02,2110,Accrued expenses,Liability,CC-100,SYS-BATCH,System,Telephone and internet,0.0,36456.08,Not required,
JE1000694,1,2025-04-03,2025-04-01,1200,Trade receivables,Asset,CC-300,U007,Manual,Service invoice raised,59162.37,0.0,Not required,
JE1000694,2,2025-04-03,2025-04-01,4110,Revenue - service income,Income,CC-300,U007,Manual,Service invoice raised,0.0,59162.37,Not required,
JE1001217,1,2025-04-03,2025-04-03,5380,Printing and stationery,Expense,CC-100,U012,Manual,Stationery purchase,4717.65,0.0,Not required,
JE1001217,2,2025-04-03,2025-04-03,2100,Trade payables,Liability,CC-100,U012,Manual,Stationery purchase,0.0,4717.65,Not required,
JE1001419,1,2025-04-03,2025-04-01,5330,Travel and conveyance,Expense,CC-500,U013,Manual,Travel reimbursement,41327.51,0.0,Not required,
JE1001419,2,2025-04-03,2025-04-01,1110,Bank - current account,Asset,CC-500,U013,Manual,Travel reimbursement,0.0,41327.51,Not required,
JE1001477,1,2025-04-03,2025-04-02,1200,Trade receivables,Asset,CC-200,U001,Manual,Sales invoice raised,733762.15,0.0,Approved,A003
JE1001477,2,2025-04-03,2025-04-02,4100,Revenue - product sales,Income,CC-200,U001,Manual,Sales invoice raised,0.0,733762.15,Approved,A003
JE1002094,1,2025-04-03,2025-04-02,1200,Trade receivables,Asset,CC-400,SYS-BATCH,System,Sales invoice raised,834989.08,0.0,Approved,A002
JE1002094,2,2025-04-03,2025-04-02,4100,Revenue - product sales,Income,CC-400,SYS-BATCH,System,Sales invoice raised,0.0,834989.08,Approved,A002
JE1002107,1,2025-04-03,2025-04-03,2100,Trade payables,Liability,CC-400,SYS-BATCH,System,Supplier payment,428453.8,0.0,Not required,
JE1002107,2,2025-04-03,2025-04-03,1110,Bank - current account,Asset,CC-400,SYS-BATCH,System,Supplier payment,0.0,428453.8,Not required,
JE1002213,1,2025-04-03,2025-04-02,5340,Legal and professional fees,Expense,CC-400,SYS-BATCH,System,Professional fees billed,318526.11,0.0,Not required,
JE1002213,2,2025-04-03,2025-04-02,2100,Trade payables,Liability,CC-400,SYS-BATCH,System,Professional fees billed,0.0,318526.11,Not required,
JE1002383,1,2025-04-03,2025-04-02,1200,Trade receivables,Asset,CC-300,U017,Manual,Sales invoice raised,69691.42,0.0,Not required,
JE1002383,2,2025-04-03,2025-04-02,4100,Revenue - product sales,Income,CC-300,U017,Manual,Sales invoice raised,0.0,69691.42,Not required,
JE1002421,1,2025-04-03,2025-04-03,1200,Trade receivables,Asset,CC-400,SYS-BATCH,System,Service invoice raised,418243.73,0.0,Not required,
JE1002421,2,2025-04-03,2025-04-03,4110,Revenue - service income,Income,CC-400,SYS-BATCH,System,Service invoice raised,0.0,418243.73,Not required,
JE1002935,1,2025-04-03,2025-04-01,1200,Trade receivables,Asset,CC-600,SYS-BATCH,System,Sales invoice raised,311841.84,0.0,Not required,
JE1002935,2,2025-04-03,2025-04-01,4100,Revenue - product sales,Income,CC-600,SYS-BATCH,System,Sales invoice raised,0.0,311841.84,Not required,
JE1003108,1,2025-04-03,2025-04-01,1200,Trade receivables,Asset,CC-300,SYS-BATCH,System,Sales invoice raised,715001.55,0.0,Approved,A002
JE1003108,2,2025-04-03,2025-04-01,4100,Revenue - product sales,Income,CC-300,SYS-BATCH,System,Sales invoice raised,0.0,715001.55,Approved,A002
JE1003111,1,2025-04-03,2025-04-02,1110,Bank - current account,Asset,CC-300,U001,Manual,Customer receipt,249761.57,0.0,Not required,
JE1003111,2,2025-04-03,2025-04-02,1200,Trade receivables,Asset,CC-300,U001,Manual,Customer receipt,0.0,249761.57,Not required,
JE1003306,1,2025-04-03,2025-04-01,1200,Trade receivables,Asset,CC-400,SYS-BATCH,System,Sales invoice raised,110725.89,0.0,Not required,
JE1003306,2,2025-04-03,2025-04-01,4100,Revenue - product sales,Income,CC-400,SYS-BATCH,System,Sales invoice raised,0.0,110725.89,Not required,
JE1003314,1,2025-04-03,2025-04-02,1200,Trade receivables,Asset,CC-300,SYS-BATCH,System,Sales invoice raised,95691.33,0.0,Not required,
JE1003314,2,2025-04-03,2025-04-02,4100,Revenue - product sales,Income,CC-300,SYS-BATCH,System,Sales invoice raised,0.0,95691.33,Not required,
JE1003421,1,2025-04-03,2025-04-03,2100,Trade payables,Liability,CC-200,SYS-BATCH,System,Supplier payment,241383.72,0.0,Not required,
JE1003421,2,2025-04-03,2025-04-03,1110,Bank - current account,Asset,CC-200,SYS-BATCH,System,Supplier payment,0.0,241383.72,Not required,
JE1004547,1,2025-04-03,2025-04-03,2100,Trade payables,Liability,CC-200,SYS-BATCH,System,Supplier payment,537611.67,0.0,Approved,A002
JE1004547,2,2025-04-03,2025-04-03,1110,Bank - current account,Asset,CC-200,SYS-BATCH,System,Supplier payment,0.0,537611.67,Approved,A002
JE1004665,1,2025-04-03,2025-04-02,5320,Repairs and maintenance,Expense,CC-300,U011,Manual,Repairs and upkeep,149647.3,0.0,Not required,
JE1004665,2,2025-04-03,2025-04-02,2100,Trade payables,Liability,CC-300,U011,Manual,Repairs and upkeep,0.0,149647.3,Not required,
JE1004699,1,2025-04-03,2025-04-03,5330,Travel and conveyance,Expense,CC-300,U020,Manual,Travel reimbursement,70016.82,0.0,Not required,
JE1004699,2,2025-04-03,2025-04-03,1110,Bank - current account,Asset,CC-300,U020,Manual,Travel reimbursement,0.0,70016.82,Not required,
JE1004739,1,2025-04-03,2025-04-03,1200,Trade receivables,Asset,CC-400,SYS-BATCH,System,Sales invoice raised,238054.05,0.0,Not required,
JE1004739,2,2025-04-03,2025-04-03,4100,Revenue - product sales,Income,CC-400,SYS-BATCH,System,Sales invoice raised,0.0,238054.05,Not required,
JE1004752,1,2025-04-03,2025-04-01,1110,Bank - current account,Asset,CC-100,SYS-BATCH,System,Customer receipt,758568.81,0.0,Approved,A003
JE1004752,2,2025-04-03,2025-04-01,1200,Trade receivables,Asset,CC-100,SYS-BATCH,System,Customer receipt,0.0,758568.81,Approved,A003
JE1004778,1,2025-04-03,2025-04-03,5100,Cost of materials consumed,Expense,CC-200,SYS-BATCH,System,Purchase of raw material,570458.28,0.0,Approved,A003
JE1004778,2,2025-04-03,2025-04-03,2100,Trade payables,Liability,CC-200,SYS-BATCH,System,Purchase of raw material,0.0,570458.28,Approved,A003
JE1005212,1,2025-04-03,2025-04-01,5300,Rent expense,Expense,CC-300,U018,Manual,Rent for the period,127091.37,0.0,Not required,
JE1005212,2,2025-04-03,2025-04-01,2110,Accrued expenses,Liability,CC-300,U018,Manual,Rent for the period,0.0,127091.37,Not required,
JE1005403,1,2025-04-03,2025-04-03,1110,Bank - current account,Asset,CC-300,SYS-BATCH,System,Customer receipt,280492.59,0.0,Not required,
JE1005403,2,2025-04-03,2025-04-03,1200,Trade receivables,Asset,CC-300,SYS-BATCH,System,Customer receipt,0.0,280492.59,Not required,
JE1005715,1,2025-04-03,2025-04-01,1200,Trade receivables,Asset,CC-400,SYS-BATCH,System,Sales invoice raised,328532.36,0.0,Not required,
JE1005715,2,2025-04-03,2025-04-01,4100,Revenue - product sales,Income,CC-400,SYS-BATCH,System,Sales invoice raised,0.0,328532.36,Not required,
JE1005803,1,2025-04-03,2025-04-01,5330,Travel and conveyance,Expense,CC-100,SYS-BATCH,System,Travel reimbursement,44644.44,0.0,Not required,
JE1005803,2,2025-04-03,2025-04-01,1110,Bank - current account,Asset,CC-100,SYS-BATCH,System,Travel reimbursement,0.0,44644.44,Not required,
JE1005890,1,2025-04-03,2025-04-02,5200,Employee benefit expense,Expense,CC-100,SYS-BATCH,System,Payroll for the month,1426960.58,0.0,Approved,A002
JE1005890,2,2025-04-03,2025-04-02,2120,Provision for employee benefits,Liability,CC-100,SYS-BATCH,System,Payroll for the month,0.0,1426960.58,Approved,A002
JE1006210,1,2025-04-03,2025-04-03,2100,Trade payables,Liability,CC-600,SYS-BATCH,System,Supplier payment,208105.49,0.0,Not required,
JE1006210,2,2025-04-03,2025-04-03,1110,Bank - current account,Asset,CC-600,SYS-BATCH,System,Supplier payment,0.0,208105.49,Not required,
JE1006330,1,2025-04-03,2025-04-03,2100,Trade payables,Liability,CC-300,U010,Manual,TDS deducted on payment,4426.1,0.0,Not required,
JE1006330,2,2025-04-03,2025-04-03,2210,TDS payable,Liability,CC-300,U010,Manual,TDS deducted on payment,0.0,4426.1,Not required,
JE1006891,1,2025-04-03,2025-04-01,1410,Advance to suppliers,Asset,CC-600,SYS-BATCH,System,Advance to supplier,87716.07,0.0,Not required,
JE1006891,2,2025-04-03,2025-04-01,1110,Bank - current account,Asset,CC-600,SYS-BATCH,System,Advance to supplier,0.0,87716.07,Not required,
JE1006945,1,2025-04-03,2025-04-02,2100,Trade payables,Liability,CC-100,U021,Manual,Supplier payment,657232.17,0.0,Approved,A001
JE1006945,2,2025-04-03,2025-04-02,1110,Bank - current account,Asset,CC-100,U021,Manual,Supplier payment,0.0,657232.17,Approved,A001
JE1007125,1,2025-04-03,2025-04-03,1200,Trade receivables,Asset,CC-200,U009,Manual,Sales invoice raised,770747.29,0.0,Approved,A003
JE1007125,2,2025-04-03,2025-04-03,4100,Revenue - product sales,Income,CC-200,U009,Manual,Sales invoice raised,0.0,770747.29,Approved,A003
JE1007142,1,2025-04-03,2025-04-02,1110,Bank - current account,Asset,CC-500,SYS-BATCH,System,Customer receipt,765072.52,0.0,Approved,A002
JE1007142,2,2025-04-03,2025-04-02,1200,Trade receivables,Asset,CC-500,SYS-BATCH,System,Customer receipt,0.0,765072.52,Approved,A002
JE1007753,1,2025-04-03,2025-04-03,1110,Bank - current account,Asset,CC-500,SYS-BATCH,System,Customer receipt,46342.49,0.0,Not required,
JE1007753,2,2025-04-03,2025-04-03,1200,Trade receivables,Asset,CC-500,SYS-BATCH,System,Customer receipt,0.0,46342.49,Not required,
JE1007970,1,2025-04-03,2025-04-01,2100,Trade payables,Liability,CC-300,U001,Manual,Supplier payment,680231.87,0.0,Approved,A003
JE1007970,2,2025-04-03,2025-04-01,1110,Bank - current account,Asset,CC-300,U001,Manual,Supplier payment,0.0,680231.87,Approved,A003
JE1008571,1,2025-04-03,2025-04-02,1110,Bank - current account,Asset,CC-100,SYS-BATCH,System,Customer receipt,458305.02,0.0,Not required,
JE1008571,2,2025-04-03,2025-04-02,1200,Trade receivables,Asset,CC-100,SYS-BATCH,System,Customer receipt,0.0,458305.02,Not required,
JE1008764,1,2025-04-03,2025-04-03,5100,Cost of materials consumed,Expense,CC-600,SYS-BATCH,System,Purchase of raw material,397866.54,0.0,Not required,
JE1008764,2,2025-04-03,2025-04-03,2100,Trade payables,Liability,CC-600,SYS-BATCH,System,Purchase of raw material,0.0,397866.54,Not required,
JE1009049,1,2025-04-03,2025-04-01,5200,Employee benefit expense,Expense,CC-300,SYS-BATCH,System,Payroll for the month,1344054.74,0.0,Approved,A001
JE1009049,2,2025-04-03,2025-04-01,2120,Provision for employee benefits,Liability,CC-300,SYS-BATCH,System,Payroll for the month,0.0,1344054.74,Approved,A001
JE1009755,1,2025-04-03,2025-04-01,1600,Input GST receivable,Asset,CC-200,SYS-BATCH,System,GST input booked,115973.47,0.0,Not required,
JE1009755,2,2025-04-03,2025-04-01,2100,Trade payables,Liability,CC-200,SYS-BATCH,System,GST input booked,0.0,115973.47,Not required,
JE1009761,1,2025-04-03,2025-04-03,1200,Trade receivables,Asset,CC-200,U014,Manual,Sales invoice raised,806057.12,0.0,Approved,A003
JE1009761,2,2025-04-03,2025-04-03,4100,Revenue - product sales,Income,CC-200,U014,Manual,Sales invoice raised,0.0,806057.12,Approved,A003
JE1010656,1,2025-04-03,2025-04-01,2100,Trade payables,Liability,CC-400,SYS-BATCH,System,Supplier payment,60086.86,0.0,Not required,
JE1010656,2,2025-04-03,2025-04-01,1110,Bank - current account,Asset,CC-400,SYS-BATCH,System,Supplier payment,0.0,60086.86,Not required,
JE1010839,1,2025-04-03,2025-04-03,1200,Trade receivables,Asset,CC-100,SYS-BATCH,System,Service invoice raised,598735.0,0.0,Approved,A003
JE1010839,2,2025-04-03,2025-04-03,4110,Revenue - service income,Income,CC-100,SYS-BATCH,System,Service invoice raised,0.0,598735.0,Approved,A003
JE1011382,1,2025-04-03,2025-04-02,5340,Legal and professional fees,Expense,CC-300,SYS-BATCH,System,Professional fees billed,333253.62,0.0,Not required,
JE1011382,2,2025-04-03,2025-04-02,2100,Trade payables,Liability,CC-300,SYS-BATCH,System,Professional fees billed,0.0,333253.62,Not required,
JE1011651,1,2025-04-03,2025-04-03,5100,Cost of materials consumed,Expense,CC-400,SYS-BATCH,System,Purchase of raw material,553654.43,0.0,Approved,A002
JE1011651,2,2025-04-03,2025-04-03,2100,Trade payables,Liability,CC-400,SYS-BATCH,System,Purchase of raw material,0.0,553654.43,Approved,A002
JE1011669,1,2025-04-03,2025-04-03,5320,Repairs and maintenance,Expense,CC-400,U009,Manual,Repairs and upkeep,40587.48,0.0,Not required,
JE1011669,2,2025-04-03,2025-04-03,2100,Trade payables,Liability,CC-400,U009,Manual,Repairs and upkeep,0.0,40587.48,Not required,
JE1011737,1,2025-04-03,2025-04-03,5330,Travel and conveyance,Expense,CC-300,SYS-BATCH,System,Travel reimbursement,6152.63,0.0,Not required,
JE1011737,2,2025-04-03,2025-04-03,1110,Bank - current account,Asset,CC-300,SYS-BATCH,System,Travel reimbursement,0.0,6152.63,Not required,
JE1011790,1,2025-04-03,2025-04-01,1110,Bank - current account,Asset,CC-200,SYS-BATCH,System,Customer receipt,776502.97,0.0,Approved,A002
JE1011790,2,2025-04-03,2025-04-01,1200,Trade receivables,Asset,CC-200,SYS-BATCH,System,Customer receipt,0.0,776502.97,Approved,A002
JE1011902,1,2025-04-03,2025-04-02,2100,Trade payables,Liability,CC-100,U016,Manual,Supplier payment,154079.42,0.0,Not required,
JE1011902,2,2025-04-03,2025-04-02,1110,Bank - current account,Asset,CC-100,U016,Manual,Supplier payment,0.0,154079.42,Not required,
JE1011951,1,2025-04-03,2025-04-03,1110,Bank - current account,Asset,CC-600,SYS-BATCH,System,Customer receipt,672357.12,0.0,Approved,A003
JE1011951,2,2025-04-03,2025-04-03,1200,Trade receivables,Asset,CC-600,SYS-BATCH,System,Customer receipt,0.0,672357.12,Approved,A003
JE1012022,1,2025-04-03,2025-04-01,1200,Trade receivables,Asset,CC-400,U014,Manual,Sales invoice raised,717068.66,0.0,Approved,A001
JE1012022,2,2025-04-03,2025-04-01,4100,Revenue - product sales,Income,CC-400,U014,Manual,Sales invoice raised,0.0,717068.66,Approved,A001
JE1012283,1,2025-04-03,2025-04-03,1110,Bank - current account,Asset,CC-100,SYS-BATCH,System,Bank interest credited,40380.7,0.0,Not required,
JE1012283,2,2025-04-03,2025-04-03,4300,Interest income,Income,CC-100,SYS-BATCH,System,Bank interest credited,0.0,40380.7,Not required,
JE1013006,1,2025-04-03,2025-04-02,5340,Legal and professional fees,Expense,CC-600,SYS-BATCH,System,Professional fees billed,114119.43,0.0,Not required,
JE1013006,2,2025-04-03,2025-04-02,2100,Trade payables,Liability,CC-600,SYS-BATCH,System,Professional fees billed,0.0,114119.43,Not required,
JE1013102,1,2025-04-03,2025-04-03,1200,Trade receivables,Asset,CC-300,SYS-BATCH,System,Sales invoice raised,565920.05,0.0,Approved,A001
JE1013102,2,2025-04-03,2025-04-03,4100,Revenue - product sales,Income,CC-300,SYS-BATCH,System,Sales invoice raised,0.0,565920.05,Approved,A001
JE1013194,1,2025-04-03,2025-04-03,1200,Trade receivables,Asset,CC-600,SYS-BATCH,System,GST output booked,148387.35,0.0,Not required,
JE1013194,2,2025-04-03,2025-04-03,2200,Output GST payable,Liability,CC-600,SYS-BATCH,System,GST output booked,0.0,148387.35,Not required,
JE1013237,1,2025-04-03,2025-04-02,5340,Legal and professional fees,Expense,CC-100,SYS-BATCH,System,Professional fees billed,270808.54,0.0,Not required,
JE1013237,2,2025-04-03,2025-04-02,2100,Trade payables,Liability,CC-100,SYS-BATCH,System,Professional fees billed,0.0,270808.54,Not required,
JE1013456,1,2025-04-03,2025-04-03,1110,Bank - current account,Asset,CC-200,SYS-BATCH,System,Customer receipt,742316.57,0.0,Approved,A001
JE1013456,2,2025-04-03,2025-04-03,1200,Trade receivables,Asset,CC-200,SYS-BATCH,System,Customer receipt,0.0,742316.57,Approved,A001
JE1013596,1,2025-04-03,2025-04-01,5340,Legal and professional fees,Expense,CC-500,SYS-BATCH,System,Professional fees billed,307898.67,0.0,Not required,
JE1013596,2,2025-04-03,2025-04-01,2100,Trade payables,Liability,CC-500,SYS-BATCH,System,Professional fees billed,0.0,307898.67,Not required,
JE1014154,1,2025-04-03,2025-04-03,5200,Employee benefit expense,Expense,CC-200,SYS-BATCH,System,Payroll for the month,2995464.76,0.0,Approved,A003
JE1014154,2,2025-04-03,2025-04-03,2120,Provision for employee benefits,Liability,CC-200,SYS-BATCH,System,Payroll for the month,0.0,2995464.76,Approved,A003
JE1014502,1,2025-04-03,2025-04-03,5400,Depreciation and amortisation,Expense,CC-100,SYS-BATCH,System,Depreciation charge,634401.38,0.0,Approved,A001
JE1014502,2,2025-04-03,2025-04-03,1510,Accumulated depreciation,Asset,CC-100,SYS-BATCH,System,Depreciation charge,0.0,634401.38,Approved,A001
JE1014515,1,2025-04-03,2025-04-03,5300,Rent expense,Expense,CC-200,U019,Manual,Rent for the period,140983.45,0.0,Not required,
JE1014515,2,2025-04-03,2025-04-03,2110,Accrued expenses,Liability,CC-200,U019,Manual,Rent for the period,0.0,140983.45,Not required,
JE1015077,1,2025-04-03,2025-04-02,2100,Trade payables,Liability,CC-400,U016,Manual,Supplier payment,659387.78,0.0,Approved,A001
JE1015077,2,2025-04-03,2025-04-02,1110,Bank - current account,Asset,CC-400,U016,Manual,Supplier payment,0.0,659387.78,Approved,A001
JE1015299,1,2025-04-03,2025-04-02,1110,Bank - current account,Asset,CC-200,SYS-BATCH,System,Customer receipt,220977.09,0.0,Not required,
JE1015299,2,2025-04-03,2025-04-02,1200,Trade receivables,Asset,CC-200,SYS-BATCH,System,Customer receipt,0.0,220977.09,Not required,
JE1016072,1,2025-04-03,2025-04-02,5320,Repairs and maintenance,Expense,CC-500,SYS-BATCH,System,Repairs and upkeep,124961.59,0.0,Not required,
JE1016072,2,2025-04-03,2025-04-02,2100,Trade payables,Liability,CC-500,SYS-BATCH,System,Repairs and upkeep,0.0,124961.59,Not required,
JE1016259,1,2025-04-03,2025-04-01,1110,Bank - current account,Asset,CC-500,SYS-BATCH,System,Customer receipt,297213.37,0.0,Not required,
JE1016259,2,2025-04-03,2025-04-01,1200,Trade receivables,Asset,CC-500,SYS-BATCH,System,Customer receipt,0.0,297213.37,Not required,
JE1016594,1,2025-04-03,2025-04-03,2100,Trade payables,Liability,CC-500,SYS-BATCH,System,TDS deducted on payment,19005.83,0.0,Not required,
JE1016594,2,2025-04-03,2025-04-03,2210,TDS payable,Liability,CC-500,SYS-BATCH,System,TDS deducted on payment,0.0,19005.83,Not required,
JE1016974,1,2025-04-03,2025-04-02,1110,Bank - current account,Asset,CC-600,SYS-BATCH,System,Bank interest credited,87056.63,0.0,Not required,
JE1016974,2,2025-04-03,2025-04-02,4300,Interest income,Income,CC-600,SYS-BATCH,System,Bank interest credited,0.0,87056.63,Not required,
JE1017323,1,2025-04-03,2025-04-01,5300,Rent expense,Expense,CC-600,U014,Manual,Rent for the period,122684.31,0.0,Not required,
JE1017323,2,2025-04-03,2025-04-01,2110,Accrued expenses,Liability,CC-600,U014,Manual,Rent for the period,0.0,122684.31,Not required,
JE1017939,1,2025-04-03,2025-04-02,2100,Trade payables,Liability,CC-300,SYS-BATCH,System,Supplier payment,249852.3,0.0,Not required,
JE1017939,2,2025-04-03,2025-04-02,1110,Bank - current account,Asset,CC-300,SYS-BATCH,System,Supplier payment,0.0,249852.3,Not required,
JE1017998,1,2025-04-03,2025-04-02,5340,Legal and professional fees,Expense,CC-300,SYS-BATCH,System,Professional fees billed,145045.01,0.0,Not required,
JE1017998,2,2025-04-03,2025-04-02,2100,Trade payables,Liability,CC-300,SYS-BATCH,System,Professional fees billed,0.0,145045.01,Not required,
JE1018282,1,2025-04-03,2025-04-03,1200,Trade receivables,Asset,CC-100,U009,Manual,Sales invoice raised,285430.28,0.0,Not required,
JE1018282,2,2025-04-03,2025-04-03,4100,Revenue - product sales,Income,CC-100,U009,Manual,Sales invoice raised,0.0,285430.28,Not required,
JE1018301,1,2025-04-03,2025-04-02,5320,Repairs and maintenance,Expense,CC-200,SYS-BATCH,System,Repairs and upkeep,92740.73,0.0,Not required,
JE1018301,2,2025-04-03,2025-04-02,2100,Trade payables,Liability,CC-200,SYS-BATCH,System,Repairs and upkeep,0.0,92740.73,Not required,
JE1018533,1,2025-04-03,2025-04-01,1600,Input GST receivable,Asset,CC-300,SYS-BATCH,System,GST input booked,117948.65,0.0,Not required,
JE1018533,2,2025-04-03,2025-04-01,2100,Trade payables,Liability,CC-300,SYS-BATCH,System,GST input booked,0.0,117948.65,Not required,
JE1018806,1,2025-04-03,2025-04-01,5360,Insurance,Expense,CC-200,U020,Manual,Insurance premium,42689.43,0.0,Not required,
JE1018806,2,2025-04-03,2025-04-01,1400,Prepaid expenses,Asset,CC-200,U020,Manual,Insurance premium,0.0,42689.43,Not required,
JE1018839,1,2025-04-03,2025-04-01,2100,Trade payables,Liability,CC-600,U015,Manual,Supplier payment,141655.41,0.0,Not required,
JE1018839,2,2025-04-03,2025-04-01,1110,Bank - current account,Asset,CC-600,U015,Manual,Supplier payment,0.0,141655.41,Not required,
JE1019005,1,2025-04-03,2025-04-03,5100,Cost of materials consumed,Expense,CC-300,SYS-BATCH,System,Purchase of raw material,576787.22,0.0,Approved,A003
JE1019005,2,2025-04-03,2025-04-03,2100,Trade payables,Liability,CC-300,SYS-BATCH,System,Purchase of raw material,0.0,576787.22,Approved,A003
JE1019259,1,2025-04-03,2025-04-01,5360,Insurance,Expense,CC-200,SYS-BATCH,System,Insurance premium,189352.26,0.0,Not required,
JE1019259,2,2025-04-03,2025-04-01,1400,Prepaid expenses,Asset,CC-200,SYS-BATCH,System,Insurance premium,0.0,189352.26,Not required,
JE1019410,1,2025-04-03,2025-04-02,2100,Trade payables,Liability,CC-400,U001,Manual,Supplier payment,322430.76,0.0,Not required,
JE1019410,2,2025-04-03,2025-04-02,1110,Bank - current account,Asset,CC-400,U001,Manual,Supplier payment,0.0,322430.76,Not required,
JE1019535,1,2025-04-03,2025-04-02,5310,Power and fuel,Expense,CC-400,U012,Manual,Electricity charges,256725.42,0.0,Not required,
JE1019535,2,2025-04-03,2025-04-02,2110,Accrued expenses,Liability,CC-400,U012,Manual,Electricity charges,0.0,256725.42,Not required,
JE1019684,1,2025-04-03,2025-04-03,1410,Advance to suppliers,Asset,CC-600,SYS-BATCH,System,Advance to supplier,155260.52,0.0,Not required,
JE1019684,2,2025-04-03,2025-04-03,1110,Bank - current account,Asset,CC-600,SYS-BATCH,System,Advance to supplier,0.0,155260.52,Not required,
JE1019931,1,2025-04-03,2025-04-02,2100,Trade payables,Liability,CC-200,U001,Manual,Supplier payment,158302.67,0.0,Not required,
JE1019931,2,2025-04-03,2025-04-02,1110,Bank - current account,Asset,CC-200,U001,Manual,Supplier payment,0.0,158302.67,Not required,
JE1020204,1,2025-04-03,2025-04-01,1200,Trade receivables,Asset,CC-300,SYS-BATCH,System,Sales invoice raised,564165.29,0.0,Approved,A002
JE1020204,2,2025-04-03,2025-04-01,4100,Revenue - product sales,Income,CC-300,SYS-BATCH,System,Sales invoice raised,0.0,564165.29,Approved,A002
JE1020514,1,2025-04-03,2025-04-02,1200,Trade receivables,Asset,CC-100,SYS-BATCH,System,Service invoice raised,195698.3,0.0,Not required,
JE1020514,2,2025-04-03,2025-04-02,4110,Revenue - service income,Income,CC-100,SYS-BATCH,System,Service invoice raised,0.0,195698.3,Not required,
JE1020987,1,2025-04-03,2025-04-03,1200,Trade receivables,Asset,CC-500,SYS-BATCH,System,Service invoice raised,560220.54,0.0,Approved,A001
JE1020987,2,2025-04-03,2025-04-03,4110,Revenue - service income,Income,CC-500,SYS-BATCH,System,Service invoice raised,0.0,560220.54,Approved,A001
JE1021066,1,2025-04-03,2025-04-03,1200,Trade receivables,Asset,CC-600,SYS-BATCH,System,Sales invoice raised,868301.36,0.0,Approved,A003
JE1021066,2,2025-04-03,2025-04-03,4100,Revenue - product sales,Income,CC-600,SYS-BATCH,System,Sales invoice raised,0.0,868301.36,Approved,A003
JE1021166,1,2025-04-03,2025-04-01,5350,Advertisement and marketing,Expense,CC-600,U014,Manual,Marketing spend,391268.41,0.0,Not required,
JE1021166,2,2025-04-03,2025-04-01,2100,Trade payables,Liability,CC-600,U014,Manual,Marketing spend,0.0,391268.41,Not required,
JE1021167,1,2025-04-03,2025-04-03,1200,Trade receivables,Asset,CC-100,SYS-BATCH,System,GST output booked,123094.1,0.0,Not required,
JE1021167,2,2025-04-03,2025-04-03,2200,Output GST payable,Liability,CC-100,SYS-BATCH,System,GST output booked,0.0,123094.1,Not required,
JE1021765,1,2025-04-03,2025-04-03,5360,Insurance,Expense,CC-200,SYS-BATCH,System,Insurance premium,249814.11,0.0,Not required,
JE1021765,2,2025-04-03,2025-04-03,1400,Prepaid expenses,Asset,CC-200,SYS-BATCH,System,Insurance premium,0.0,249814.11,Not required,
JE1021842,1,2025-04-03,2025-04-01,1200,Trade receivables,Asset,CC-600,SYS-BATCH,System,Service invoice raised,495322.76,0.0,Not required,
JE1021842,2,2025-04-03,2025-04-01,4110,Revenue - service income,Income,CC-600,SYS-BATCH,System,Service invoice raised,0.0,495322.76,Not required,
JE1022488,1,2025-04-03,2025-04-02,5380,Printing and stationery,Expense,CC-200,U010,Manual,Stationery purchase,6043.17,0.0,Not required,
JE1022488,2,2025-04-03,2025-04-02,2100,Trade payables,Liability,CC-200,U010,Manual,Stationery purchase,0.0,6043.17,Not required,
JE1022741,1,2025-04-03,2025-04-01,5200,Employee benefit expense,Expense,CC-300,SYS-BATCH,System,Payroll for the month,2976846.9,0.0,Approved,A001
JE1022741,2,2025-04-03,2025-04-01,2120,Provision for employee benefits,Liability,CC-300,SYS-BATCH,System,Payroll for the month,0.0,2976846.9,Approved,A001
JE1022850,1,2025-04-03,2025-04-02,1200,Trade receivables,Asset,CC-200,SYS-BATCH,System,Service invoice raised,595039.39,0.0,Approved,A001
JE1022850,2,2025-04-03,2025-04-02,4110,Revenue - service income,Income,CC-200,SYS-BATCH,System,Service invoice raised,0.0,595039.39,Approved,A001
JE1022865,1,2025-04-03,2025-04-01,1110,Bank - current account,Asset,CC-500,SYS-BATCH,System,Bank interest credited,74779.04,0.0,Not required,
JE1022865,2,2025-04-03,2025-04-01,4300,Interest income,Income,CC-500,SYS-BATCH,System,Bank interest credited,0.0,74779.04,Not required,
JE1023018,1,2025-04-03,2025-04-03,1200,Trade receivables,Asset,CC-300,SYS-BATCH,System,Sales invoice raised,735390.21,0.0,Approved,A002
JE1023018,2,2025-04-03,2025-04-03,4100,Revenue - product sales,Income,CC-300,SYS-BATCH,System,Sales invoice raised,0.0,735390.21,Approved,A002
JE1023211,1,2025-04-03,2025-04-01,1200,Trade receivables,Asset,CC-400,SYS-BATCH,System,Sales invoice raised,349874.43,0.0,Not required,
JE1023211,2,2025-04-03,2025-04-01,4100,Revenue - product sales,Income,CC-400,SYS-BATCH,System,Sales invoice raised,0.0,349874.43,Not required,
JE1023770,1,2025-04-03,2025-04-02,1600,Input GST receivable,Asset,CC-500,SYS-BATCH,System,GST input booked,92246.69,0.0,Not required,
JE1023770,2,2025-04-03,2025-04-02,2100,Trade payables,Liability,CC-500,SYS-BATCH,System,GST input booked,0.0,92246.69,Not required,
JE1024220,1,2025-04-03,2025-04-03,2100,Trade payables,Liability,CC-500,SYS-BATCH,System,Supplier payment,274546.24,0.0,Not required,
JE1024220,2,2025-04-03,2025-04-03,1110,Bank - current account,Asset,CC-500,SYS-BATCH,System,Supplier payment,0.0,274546.24,Not required,
JE1024468,1,2025-04-03,2025-04-03,2100,Trade payables,Liability,CC-600,SYS-BATCH,System,TDS deducted on payment,32330.7,0.0,Not required,
JE1024468,2,2025-04-03,2025-04-03,2210,TDS payable,Liability,CC-600,SYS-BATCH,System,TDS deducted on payment,0.0,32330.7,Not required,
JE1024568,1,2025-04-03,2025-04-03,2100,Trade payables,Liability,CC-300,SYS-BATCH,System,Supplier payment,291468.37,0.0,Not required,
JE1024568,2,2025-04-03,2025-04-03,1110,Bank - current account,Asset,CC-300,SYS-BATCH,System,Supplier payment,0.0,291468.37,Not required,
JE1024943,1,2025-04-03,2025-04-02,1200,Trade receivables,Asset,CC-400,SYS-BATCH,System,Sales invoice raised,672296.34,0.0,Approved,A002
JE1024943,2,2025-04-03,2025-04-02,4100,Revenue - product sales,Income,CC-400,SYS-BATCH,System,Sales invoice raised,0.0,672296.34,Approved,A002
JE1025004,1,2025-04-03,2025-04-01,1200,Trade receivables,Asset,CC-400,SYS-BATCH,System,Sales invoice raised,509246.74,0.0,Approved,A002
JE1025004,2,2025-04-03,2025-04-01,4100,Revenue - product sales,Income,CC-400,SYS-BATCH,System,Sales invoice raised,0.0,509246.74,Approved,A002
JE1026286,1,2025-04-03,2025-04-03,5100,Cost of materials consumed,Expense,CC-500,SYS-BATCH,System,Purchase of raw material,508488.57,0.0,Approved,A002
JE1026286,2,2025-04-03,2025-04-03,2100,Trade payables,Liability,CC-500,SYS-BATCH,System,Purchase of raw material,0.0,508488.57,Approved,A002
JE1026605,1,2025-04-03,2025-04-03,1200,Trade receivables,Asset,CC-300,SYS-BATCH,System,Service invoice raised,58047.37,0.0,Not required,
JE1026605,2,2025-04-03,2025-04-03,4110,Revenue - service income,Income,CC-300,SYS-BATCH,System,Service invoice raised,0.0,58047.37,Not required,
JE1026945,1,2025-04-03,2025-04-03,5350,Advertisement and marketing,Expense,CC-600,U021,Manual,Marketing spend,46097.82,0.0,Not required,
JE1026945,2,2025-04-03,2025-04-03,2100,Trade payables,Liability,CC-600,U021,Manual,Marketing spend,0.0,46097.82,Not required,
JE1027315,1,2025-04-03,2025-04-01,1200,Trade receivables,Asset,CC-300,SYS-BATCH,System,Service invoice raised,220727.86,0.0,Not required,
JE1027315,2,2025-04-03,2025-04-01,4110,Revenue - service income,Income,CC-300,SYS-BATCH,System,Service invoice raised,0.0,220727.86,Not required,
JE1027891,1,2025-04-03,2025-04-02,1600,Input GST receivable,Asset,CC-100,SYS-BATCH,System,GST input booked,38055.58,0.0,Not required,
JE1027891,2,2025-04-03,2025-04-02,2100,Trade payables,Liability,CC-100,SYS-BATCH,System,GST input booked,0.0,38055.58,Not required,
JE1027911,1,2025-04-03,2025-04-01,5200,Employee benefit expense,Expense,CC-100,U003,Manual,Payroll for the month,1593985.53,0.0,Approved,A003
JE1027911,2,2025-04-03,2025-04-01,2120,Provision for employee benefits,Liability,CC-100,U003,Manual,Payroll for the month,0.0,1593985.53,Approved,A003
JE1027953,1,2025-04-03,2025-04-02,5370,Communication expense,Expense,CC-200,U021,Manual,Telephone and internet,38127.81,0.0,Not required,
JE1027953,2,2025-04-03,2025-04-02,2110,Accrued expenses,Liability,CC-200,U021,Manual,Telephone and internet,0.0,38127.81,Not required,
JE1027985,1,2025-04-03,2025-04-03,5350,Advertisement and marketing,Expense,CC-400,SYS-BATCH,System,Marketing spend,331927.14,0.0,Not required,
JE1027985,2,2025-04-03,2025-04-03,2100,Trade payables,Liability,CC-400,SYS-BATCH,System,Marketing spend,0.0,331927.14,Not required,
JE1028023,1,2025-04-03,2025-04-02,1200,Trade receivables,Asset,CC-500,SYS-BATCH,System,Service invoice raised,582102.65,0.0,Approved,A003
JE1028023,2,2025-04-03,2025-04-02,4110,Revenue - service income,Income,CC-500,SYS-BATCH,System,Service invoice raised,0.0,582102.65,Approved,A003
JE1028120,1,2025-04-03,2025-04-03,1200,Trade receivables,Asset,CC-600,SYS-BATCH,System,Sales invoice raised,780953.62,0.0,Approved,A003
JE1028120,2,2025-04-03,2025-04-03,4100,Revenue - product sales,Income,CC-600,SYS-BATCH,System,Sales invoice raised,0.0,780953.62,Approved,A003
JE1028252,1,2025-04-03,2025-04-02,5210,Contract staff cost,Expense,CC-400,SYS-BATCH,System,Contract staff billing,129320.12,0.0,Not required,
JE1028252,2,2025-04-03,2025-04-02,2100,Trade payables,Liability,CC-400,SYS-BATCH,System,Contract staff billing,0.0,129320.12,Not required,
JE1028380,1,2025-04-03,2025-04-01,1200,Trade receivables,Asset,CC-100,SYS-BATCH,System,GST output booked,99363.95,0.0,Not required,
JE1028380,2,2025-04-03,2025-04-01,2200,Output GST payable,Liability,CC-100,SYS-BATCH,System,GST output booked,0.0,99363.95,Not required,
JE1028583,1,2025-04-03,2025-04-01,5320,Repairs and maintenance,Expense,CC-400,SYS-BATCH,System,Repairs and upkeep,128025.35,0.0,Not required,
JE1028583,2,2025-04-03,2025-04-01,2100,Trade payables,Liability,CC-400,SYS-BATCH,System,Repairs and upkeep,0.0,128025.35,Not required,
JE1028594,1,2025-04-03,2025-04-03,1200,Trade receivables,Asset,CC-400,SYS-BATCH,System,Service invoice raised,64998.67,0.0,Not required,
JE1028594,2,2025-04-03,2025-04-03,4110,Revenue - service income,Income,CC-400,SYS-BATCH,System,Service invoice raised,0.0,64998.67,Not required,
JE1028999,1,2025-04-03,2025-04-03,1200,Trade receivables,Asset,CC-500,SYS-BATCH,System,Service invoice raised,386349.22,0.0,Not required,
JE1028999,2,2025-04-03,2025-04-03,4110,Revenue - service income,Income,CC-500,SYS-BATCH,System,Service invoice raised,0.0,386349.22,Not required,
JE1029264,1,2025-04-03,2025-04-03,5350,Advertisement and marketing,Expense,CC-500,SYS-BATCH,System,Marketing spend,430389.94,0.0,Not required,
JE1029264,2,2025-04-03,2025-04-03,2100,Trade payables,Liability,CC-500,SYS-BATCH,System,Marketing spend,0.0,430389.94,Not required,
JE1029394,1,2025-04-03,2025-04-03,1200,Trade receivables,Asset,CC-600,SYS-BATCH,System,Service invoice raised,401743.12,0.0,Not required,
JE1029394,2,2025-04-03,2025-04-03,4110,Revenue - service income,Income,CC-600,SYS-BATCH,System,Service invoice raised,0.0,401743.12,Not required,
JE1030470,1,2025-04-03,2025-04-02,5100,Cost of materials consumed,Expense,CC-100,SYS-BATCH,System,Purchase of raw material,481713.33,0.0,Not required,
JE1030470,2,2025-04-03,2025-04-02,2100,Trade payables,Liability,CC-100,SYS-BATCH,System,Purchase of raw material,0.0,481713.33,Not required,
JE1030532,1,2025-04-03,2025-04-01,5200,Employee benefit expense,Expense,CC-400,U014,Manual,Payroll for the month,941568.86,0.0,Approved,A002
JE1030532,2,2025-04-03,2025-04-01,2120,Provision for employee benefits,Liability,CC-400,U014,Manual,Payroll for the month,0.0,941568.86,Approved,A002
JE1030568,1,2025-04-03,2025-04-02,2100,Trade payables,Liability,CC-300,SYS-BATCH,System,Supplier payment,434266.59,0.0,Not required,
JE1030568,2,2025-04-03,2025-04-02,1110,Bank - current account,Asset,CC-300,SYS-BATCH,System,Supplier payment,0.0,434266.59,Not required,
JE1030752,1,2025-04-03,2025-04-03,5300,Rent expense,Expense,CC-200,U012,Manual,Rent for the period,393657.69,0.0,Not required,
JE1030752,2,2025-04-03,2025-04-03,2110,Accrued expenses,Liability,CC-200,U012,Manual,Rent for the period,0.0,393657.69,Not required,
JE1030792,1,2025-04-03,2025-04-03,5200,Employee benefit expense,Expense,CC-200,SYS-BATCH,System,Payroll for the month,1138931.79,0.0,Approved,A003
JE1030792,2,2025-04-03,2025-04-03,2120,Provision for employee benefits,Liability,CC-200,SYS-BATCH,System,Payroll for the month,0.0,1138931.79,Approved,A003
JE1031905,1,2025-04-03,2025-04-03,1200,Trade receivables,Asset,CC-400,SYS-BATCH,System,GST output booked,13199.23,0.0,Not required,
JE1031905,2,2025-04-03,2025-04-03,2200,Output GST payable,Liability,CC-400,SYS-BATCH,System,GST output booked,0.0,13199.23,Not required,
JE1031909,1,2025-04-03,2025-04-01,1110,Bank - current account,Asset,CC-400,SYS-BATCH,System,Customer receipt,357990.35,0.0,Not required,
JE1031909,2,2025-04-03,2025-04-01,1200,Trade receivables,Asset,CC-400,SYS-BATCH,System,Customer receipt,0.0,357990.35,Not required,
JE1031970,1,2025-04-03,2025-04-03,5100,Cost of materials consumed,Expense,CC-600,SYS-BATCH,System,Purchase of raw material,634814.54,0.0,Approved,A001
JE1031970,2,2025-04-03,2025-04-03,2100,Trade payables,Liability,CC-600,SYS-BATCH,System,Purchase of raw material,0.0,634814.54,Approved,A001
JE1032117,1,2025-04-03,2025-04-03,1200,Trade receivables,Asset,CC-500,SYS-BATCH,System,GST output booked,91190.9,0.0,Not required,
JE1032117,2,2025-04-03,2025-04-03,2200,Output GST payable,Liability,CC-500,SYS-BATCH,System,GST output booked,0.0,91190.9,Not required,
JE1032226,1,2025-04-03,2025-04-01,2100,Trade payables,Liability,CC-400,U007,Manual,Supplier payment,395955.41,0.0,Not required,
JE1032226,2,2025-04-03,2025-04-01,1110,Bank - current account,Asset,CC-400,U007,Manual,Supplier payment,0.0,395955.41,Not required,
JE1032773,1,2025-04-03,2025-04-02,5100,Cost of materials consumed,Expense,CC-500,SYS-BATCH,System,Purchase of raw material,310524.42,0.0,Not required,
JE1032773,2,2025-04-03,2025-04-02,2100,Trade payables,Liability,CC-500,SYS-BATCH,System,Purchase of raw material,0.0,310524.42,Not required,
JE1032877,1,2025-04-03,2025-04-03,5500,Finance cost,Expense,CC-100,SYS-BATCH,System,Interest on borrowings,476998.19,0.0,Not required,
JE1032877,2,2025-04-03,2025-04-03,2310,Interest accrued but not due,Liability,CC-100,SYS-BATCH,System,Interest on borrowings,0.0,476998.19,Not required,
JE1033386,1,2025-04-03,2025-04-03,1110,Bank - current account,Asset,CC-300,SYS-BATCH,System,Customer receipt,138995.11,0.0,Not required,
JE1033386,2,2025-04-03,2025-04-03,1200,Trade receivables,Asset,CC-300,SYS-BATCH,System,Customer receipt,0.0,138995.11,Not required,
JE1033589,1,2025-04-03,2025-04-03,1110,Bank - current account,Asset,CC-300,U009,Manual,Customer receipt,651376.84,0.0,Approved,A002
JE1033589,2,2025-04-03,2025-04-03,1200,Trade receivables,Asset,CC-300,U009,Manual,Customer receipt,0.0,651376.84,Approved,A002
JE1033679,1,2025-04-03,2025-04-03,5100,Cost of materials consumed,Expense,CC-100,SYS-BATCH,System,Purchase of raw material,536742.31,0.0,Approved,A003
JE1033679,2,2025-04-03,2025-04-03,2100,Trade payables,Liability,CC-100,SYS-BATCH,System,Purchase of raw material,0.0,536742.31,Approved,A003
JE1033975,1,2025-04-03,2025-04-01,5200,Employee benefit expense,Expense,CC-200,SYS-BATCH,System,Payroll for the month,2208255.01,0.0,Approved,A003
JE1033975,2,2025-04-03,2025-04-01,2120,Provision for employee benefits,Liability,CC-200,SYS-BATCH,System,Payroll for the month,0.0,2208255.01,Approved,A003
JE1034013,1,2025-04-03,2025-04-03,1200,Trade receivables,Asset,CC-500,SYS-BATCH,System,Service invoice raised,318782.88,0.0,Not required,
JE1034013,2,2025-04-03,2025-04-03,4110,Revenue - service income,Income,CC-500,SYS-BATCH,System,Service invoice raised,0.0,318782.88,Not required,
JE1034427,1,2025-04-03,2025-04-03,5310,Power and fuel,Expense,CC-500,SYS-BATCH,System,Electricity charges,178283.66,0.0,Not required,
JE1034427,2,2025-04-03,2025-04-03,2110,Accrued expenses,Liability,CC-500,SYS-BATCH,System,Electricity charges,0.0,178283.66,Not required,
JE1034555,1,2025-04-03,2025-04-01,1200,Trade receivables,Asset,CC-400,U019,Manual,Sales invoice raised,853054.42,0.0,Approved,A001
JE1034555,2,2025-04-03,2025-04-01,4100,Revenue - product sales,Income,CC-400,U019,Manual,Sales invoice raised,0.0,853054.42,Approved,A001
JE1034632,1,2025-04-03,2025-04-02,5330,Travel and conveyance,Expense,CC-200,SYS-BATCH,System,Travel reimbursement,8825.39,0.0,Not required,
JE1034632,2,2025-04-03,2025-04-02,1110,Bank - current account,Asset,CC-200,SYS-BATCH,System,Travel reimbursement,0.0,8825.39,Not required,
JE1035124,1,2025-04-03,2025-04-03,5350,Advertisement and marketing,Expense,CC-100,SYS-BATCH,System,Marketing spend,32637.8,0.0,Not required,
JE1035124,2,2025-04-03,2025-04-03,2100,Trade payables,Liability,CC-100,SYS-BATCH,System,Marketing spend,0.0,32637.8,Not required,
JE1035465,1,2025-04-03,2025-04-03,1200,Trade receivables,Asset,CC-400,SYS-BATCH,System,Sales invoice raised,168157.52,0.0,Not required,
JE1035465,2,2025-04-03,2025-04-03,4100,Revenue - product sales,Income,CC-400,SYS-BATCH,System,Sales invoice raised,0.0,168157.52,Not required,
JE1035569,1,2025-04-03,2025-04-03,5500,Finance cost,Expense,CC-500,SYS-BATCH,System,Interest on borrowings,649786.09,0.0,Approved,A003
JE1035569,2,2025-04-03,2025-04-03,2310,Interest accrued but not due,Liability,CC-500,SYS-BATCH,System,Interest on borrowings,0.0,649786.09,Approved,A003
JE1035578,1,2025-04-03,2025-04-02,1200,Trade receivables,Asset,CC-500,SYS-BATCH,System,Sales invoice raised,860664.37,0.0,Approved,A001
JE1035578,2,2025-04-03,2025-04-02,4100,Revenue - product sales,Income,CC-500,SYS-BATCH,System,Sales invoice raised,0.0,860664.37,Approved,A001
JE1035897,1,2025-04-03,2025-04-03,5100,Cost of materials consumed,Expense,CC-100,U008,Manual,Purchase of raw material,28987.21,0.0,Not required,
JE1035897,2,2025-04-03,2025-04-03,2100,Trade payables,Liability,CC-100,U008,Manual,Purchase of raw material,0.0,28987.21,Not required,
JE1036031,1,2025-04-03,2025-04-02,5320,Repairs and maintenance,Expense,CC-600,SYS-BATCH,System,Repairs and upkeep,26060.6,0.0,Not required,
JE1036031,2,2025-04-03,2025-04-02,2100,Trade payables,Liability,CC-600,SYS-BATCH,System,Repairs and upkeep,0.0,26060.6,Not required,
JE1036674,1,2025-04-03,2025-04-02,1200,Trade receivables,Asset,CC-200,SYS-BATCH,System,Sales invoice raised,808658.33,0.0,Approved,A002
JE1036674,2,2025-04-03,2025-04-02,4100,Revenue - product sales,Income,CC-200,SYS-BATCH,System,Sales invoice raised,0.0,808658.33,Approved,A002
JE1036708,1,2025-04-03,2025-04-02,1200,Trade receivables,Asset,CC-200,SYS-BATCH,System,Sales invoice raised,115223.4,0.0,Not required,
JE1036708,2,2025-04-03,2025-04-02,4100,Revenue - product sales,Income,CC-200,SYS-BATCH,System,Sales invoice raised,0.0,115223.4,Not required,
JE1037316,1,2025-04-03,2025-04-03,1200,Trade receivables,Asset,CC-300,SYS-BATCH,System,GST output booked,52685.27,0.0,Not required,
JE1037316,2,2025-04-03,2025-04-03,2200,Output GST payable,Liability,CC-300,SYS-BATCH,System,GST output booked,0.0,52685.27,Not required,
JE1037322,1,2025-04-03,2025-04-03,5340,Legal and professional fees,Expense,CC-300,SYS-BATCH,System,Professional fees billed,201595.18,0.0,Not required,
JE1037322,2,2025-04-03,2025-04-03,2100,Trade payables,Liability,CC-300,SYS-BATCH,System,Professional fees billed,0.0,201595.18,Not required,
JE1037627,1,2025-04-03,2025-04-03,5210,Contract staff cost,Expense,CC-200,SYS-BATCH,System,Contract staff billing,281543.68,0.0,Not required,
JE1037627,2,2025-04-03,2025-04-03,2100,Trade payables,Liability,CC-200,SYS-BATCH,System,Contract staff billing,0.0,281543.68,Not required,
JE1038055,1,2025-04-03,2025-04-03,5100,Cost of materials consumed,Expense,CC-200,U001,Manual,Purchase of raw material,308399.15,0.0,Not required,
JE1038055,2,2025-04-03,2025-04-03,2100,Trade payables,Liability,CC-200,U001,Manual,Purchase of raw material,0.0,308399.15,Not required,
JE1038738,1,2025-04-03,2025-04-03,1110,Bank - current account,Asset,CC-500,SYS-BATCH,System,Customer receipt,157165.51,0.0,Not required,
JE1038738,2,2025-04-03,2025-04-03,1200,Trade receivables,Asset,CC-500,SYS-BATCH,System,Customer receipt,0.0,157165.51,Not required,
JE1039406,1,2025-04-03,2025-04-02,1110,Bank - current account,Asset,CC-100,SYS-BATCH,System,Customer receipt,298544.83,0.0,Not required,
JE1039406,2,2025-04-03,2025-04-02,1200,Trade receivables,Asset,CC-100,SYS-BATCH,System,Customer receipt,0.0,298544.83,Not required,
JE1039539,1,2025-04-03,2025-04-03,5330,Travel and conveyance,Expense,CC-400,SYS-BATCH,System,Travel reimbursement,54258.83,0.0,Not required,
JE1039539,2,2025-04-03,2025-04-03,1110,Bank - current account,Asset,CC-400,SYS-BATCH,System,Travel reimbursement,0.0,54258.83,Not required,
JE1039876,1,2025-04-03,2025-04-01,1200,Trade receivables,Asset,CC-300,SYS-BATCH,System,Service invoice raised,573775.34,0.0,Approved,A001
JE1039876,2,2025-04-03,2025-04-01,4110,Revenue - service income,Income,CC-300,SYS-BATCH,System,Service invoice raised,0.0,573775.34,Approved,A001
JE1040482,1,2025-04-03,2025-04-01,1110,Bank - current account,Asset,CC-300,SYS-BATCH,System,Customer receipt,87701.87,0.0,Not required,
JE1040482,2,2025-04-03,2025-04-01,1200,Trade receivables,Asset,CC-300,SYS-BATCH,System,Customer receipt,0.0,87701.87,Not required,
JE1041246,1,2025-04-03,2025-04-01,5300,Rent expense,Expense,CC-300,SYS-BATCH,System,Rent for the period,240561.37,0.0,Not required,
JE1041246,2,2025-04-03,2025-04-01,2110,Accrued expenses,Liability,CC-300,SYS-BATCH,System,Rent for the period,0.0,240561.37,Not required,
JE1041301,1,2025-04-03,2025-04-02,5100,Cost of materials consumed,Expense,CC-400,SYS-BATCH,System,Purchase of raw material,381435.43,0.0,Not required,
JE1041301,2,2025-04-03,2025-04-02,2100,Trade payables,Liability,CC-400,SYS-BATCH,System,Purchase of raw material,0.0,381435.43,Not required,
JE1041353,1,2025-04-03,2025-04-03,1200,Trade receivables,Asset,CC-600,U019,Manual,GST output booked,34604.81,0.0,Not required,
JE1041353,2,2025-04-03,2025-04-03,2200,Output GST payable,Liability,CC-600,U019,Manual,GST output booked,0.0,34604.81,Not required,
JE1041637,1,2025-04-03,2025-04-01,1200,Trade receivables,Asset,CC-600,SYS-BATCH,System,Sales invoice raised,35325.22,0.0,Not required,
JE1041637,2,2025-04-03,2025-04-01,4100,Revenue - product sales,Income,CC-600,SYS-BATCH,System,Sales invoice raised,0.0,35325.22,Not required,
JE1042033,1,2025-04-03,2025-04-01,1110,Bank - current account,Asset,CC-100,SYS-BATCH,System,Customer receipt,566600.07,0.0,Approved,A003
JE1042033,2,2025-04-03,2025-04-01,1200,Trade receivables,Asset,CC-100,SYS-BATCH,System,Customer receipt,0.0,566600.07,Approved,A003
JE1042239,1,2025-04-03,2025-04-02,1200,Trade receivables,Asset,CC-300,SYS-BATCH,System,Sales invoice raised,306787.29,0.0,Not required,
JE1042239,2,2025-04-03,2025-04-02,4100,Revenue - product sales,Income,CC-300,SYS-BATCH,System,Sales invoice raised,0.0,306787.29,Not required,
JE1043170,1,2025-04-03,2025-04-03,5340,Legal and professional fees,Expense,CC-400,SYS-BATCH,System,Professional fees billed,327101.7,0.0,Not required,
JE1043170,2,2025-04-03,2025-04-03,2100,Trade payables,Liability,CC-400,SYS-BATCH,System,Professional fees billed,0.0,327101.7,Not required,
JE1043445,1,2025-04-03,2025-04-01,1200,Trade receivables,Asset,CC-200,SYS-BATCH,System,GST output booked,139485.79,0.0,Not required,
JE1043445,2,2025-04-03,2025-04-01,2200,Output GST payable,Liability,CC-200,SYS-BATCH,System,GST output booked,0.0,139485.79,Not required,
JE1043838,1,2025-04-03,2025-04-01,1200,Trade receivables,Asset,CC-600,SYS-BATCH,System,Sales invoice raised,94333.98,0.0,Not required,
JE1043838,2,2025-04-03,2025-04-01,4100,Revenue - product sales,Income,CC-600,SYS-BATCH,System,Sales invoice raised,0.0,94333.98,Not required,
JE1043865,1,2025-04-03,2025-04-03,1200,Trade receivables,Asset,CC-400,SYS-BATCH,System,Sales invoice raised,705640.84,0.0,Approved,A002
JE1043865,2,2025-04-03,2025-04-03,4100,Revenue - product sales,Income,CC-400,SYS-BATCH,System,Sales invoice raised,0.0,705640.84,Approved,A002
JE1044544,1,2025-04-03,2025-04-03,5210,Contract staff cost,Expense,CC-600,SYS-BATCH,System,Contract staff billing,231392.02,0.0,Not required,
JE1044544,2,2025-04-03,2025-04-03,2100,Trade payables,Liability,CC-600,SYS-BATCH,System,Contract staff billing,0.0,231392.02,Not required,
JE1044790,1,2025-04-03,2025-04-03,5320,Repairs and maintenance,Expense,CC-300,SYS-BATCH,System,Repairs and upkeep,32438.08,0.0,Not required,
JE1044790,2,2025-04-03,2025-04-03,2100,Trade payables,Liability,CC-300,SYS-BATCH,System,Repairs and upkeep,0.0,32438.08,Not required,
JE1045641,1,2025-04-03,2025-04-03,1110,Bank - current account,Asset,CC-500,SYS-BATCH,System,Customer receipt,839054.42,0.0,Approved,A003
JE1045641,2,2025-04-03,2025-04-03,1200,Trade receivables,Asset,CC-500,SYS-BATCH,System,Customer receipt,0.0,839054.42,Approved,A003
JE1046019,1,2025-04-03,2025-04-02,5330,Travel and conveyance,Expense,CC-200,U002,Manual,Travel reimbursement,70986.16,0.0,Not required,
JE1046019,2,2025-04-03,2025-04-02,1110,Bank - current account,Asset,CC-200,U002,Manual,Travel reimbursement,0.0,70986.16,Not required,
JE1046181,1,2025-04-03,2025-04-03,5320,Repairs and maintenance,Expense,CC-400,SYS-BATCH,System,Repairs and upkeep,46469.63,0.0,Not required,
JE1046181,2,2025-04-03,2025-04-03,2100,Trade payables,Liability,CC-400,SYS-BATCH,System,Repairs and upkeep,0.0,46469.63,Not required,
JE1046470,1,2025-04-03,2025-04-03,5330,Travel and conveyance,Expense,CC-500,U009,Manual,Travel reimbursement,36524.12,0.0,Not required,
JE1046470,2,2025-04-03,2025-04-03,1110,Bank - current account,Asset,CC-500,U009,Manual,Travel reimbursement,0.0,36524.12,Not required,
JE1046640,1,2025-04-03,2025-04-03,5200,Employee benefit expense,Expense,CC-400,SYS-BATCH,System,Payroll for the month,1524918.03,0.0,Approved,A001
JE1046640,2,2025-04-03,2025-04-03,2120,Provision for employee benefits,Liability,CC-400,SYS-BATCH,System,Payroll for the month,0.0,1524918.03,Approved,A001
JE1047131,1,2025-04-03,2025-04-03,1110,Bank - current account,Asset,CC-500,SYS-BATCH,System,Customer receipt,503009.05,0.0,Approved,A003
JE1047131,2,2025-04-03,2025-04-03,1200,Trade receivables,Asset,CC-500,SYS-BATCH,System,Customer receipt,0.0,503009.05,Approved,A003
JE1047250,1,2025-04-03,2025-04-01,2100,Trade payables,Liability,CC-600,U018,Manual,TDS deducted on payment,11344.98,0.0,Not required,
JE1047250,2,2025-04-03,2025-04-01,2210,TDS payable,Liability,CC-600,U018,Manual,TDS deducted on payment,0.0,11344.98,Not required,
JE1047420,1,2025-04-03,2025-04-01,5370,Communication expense,Expense,CC-400,SYS-BATCH,System,Telephone and internet,11750.25,0.0,Not required,
JE1047420,2,2025-04-03,2025-04-01,2110,Accrued expenses,Liability,CC-400,SYS-BATCH,System,Telephone and internet,0.0,11750.25,Not required,
JE1047510,1,2025-04-03,2025-04-02,1200,Trade receivables,Asset,CC-400,U011,Manual,GST output booked,144681.68,0.0,Not required,
JE1047510,2,2025-04-03,2025-04-02,2200,Output GST payable,Liability,CC-400,U011,Manual,GST output booked,0.0,144681.68,Not required,
JE1047732,1,2025-04-03,2025-04-02,1110,Bank - current account,Asset,CC-200,SYS-BATCH,System,Bank interest credited,87194.93,0.0,Not required,
JE1047732,2,2025-04-03,2025-04-02,4300,Interest income,Income,CC-200,SYS-BATCH,System,Bank interest credited,0.0,87194.93,Not required,
JE1047780,1,2025-04-03,2025-04-03,5330,Travel and conveyance,Expense,CC-600,U012,Manual,Travel reimbursement,72422.34,0.0,Not required,
JE1047780,2,2025-04-03,2025-04-03,1110,Bank - current account,Asset,CC-600,U012,Manual,Travel reimbursement,0.0,72422.34,Not required,
JE1047941,1,2025-04-03,2025-04-01,5100,Cost of materials consumed,Expense,CC-400,U012,Manual,Purchase of raw material,216470.48,0.0,Not required,
JE1047941,2,2025-04-03,2025-04-01,2100,Trade payables,Liability,CC-400,U012,Manual,Purchase of raw material,0.0,216470.48,Not required,
JE1048527,1,2025-04-03,2025-04-03,5370,Communication expense,Expense,CC-600,SYS-BATCH,System,Telephone and internet,32643.59,0.0,Not required,
JE1048527,2,2025-04-03,2025-04-03,2110,Accrued expenses,Liability,CC-600,SYS-BATCH,System,Telephone and internet,0.0,32643.59,Not required,
JE1048613,1,2025-04-03,2025-04-01,5100,Cost of materials consumed,Expense,CC-400,SYS-BATCH,System,Purchase of raw material,144933.23,0.0,Not required,
JE1048613,2,2025-04-03,2025-04-01,2100,Trade payables,Liability,CC-400,SYS-BATCH,System,Purchase of raw material,0.0,144933.23,Not required,
JE1049515,1,2025-04-03,2025-04-01,1600,Input GST receivable,Asset,CC-400,SYS-BATCH,System,GST input booked,94121.4,0.0,Not required,
JE1049515,2,2025-04-03,2025-04-01,2100,Trade payables,Liability,CC-400,SYS-BATCH,System,GST input booked,0.0,94121.4,Not required,
JE1049654,1,2025-04-03,2025-04-03,1110,Bank - current account,Asset,CC-400,SYS-BATCH,System,Customer receipt,732052.54,0.0,Approved,A002
JE1049654,2,2025-04-03,2025-04-03,1200,Trade receivables,Asset,CC-400,SYS-BATCH,System,Customer receipt,0.0,732052.54,Approved,A002
JE1049693,1,2025-04-03,2025-04-02,1110,Bank - current account,Asset,CC-200,SYS-BATCH,System,Customer receipt,683649.04,0.0,Approved,A002
JE1049693,2,2025-04-03,2025-04-02,1200,Trade receivables,Asset,CC-200,SYS-BATCH,System,Customer receipt,0.0,683649.04,Approved,A002
JE1049989,1,2025-04-03,2025-04-03,5360,Insurance,Expense,CC-300,SYS-BATCH,System,Insurance premium,183085.56,0.0,Not required,
JE1049989,2,2025-04-03,2025-04-03,1400,Prepaid expenses,Asset,CC-300,SYS-BATCH,System,Insurance premium,0.0,183085.56,Not required,
JE1050265,1,2025-04-03,2025-04-03,5320,Repairs and maintenance,Expense,CC-300,SYS-BATCH,System,Repairs and upkeep,69113.92,0.0,Not required,
JE1050265,2,2025-04-03,2025-04-03,2100,Trade payables,Liability,CC-300,SYS-BATCH,System,Repairs and upkeep,0.0,69113.92,Not required,
JE1050958,1,2025-04-03,2025-04-03,5360,Insurance,Expense,CC-600,SYS-BATCH,System,Insurance premium,123668.6,0.0,Not required,
JE1050958,2,2025-04-03,2025-04-03,1400,Prepaid expenses,Asset,CC-600,SYS-BATCH,System,Insurance premium,0.0,123668.6,Not required,
JE1050976,1,2025-04-03,2025-04-01,1410,Advance to suppliers,Asset,CC-500,SYS-BATCH,System,Advance to supplier,261025.93,0.0,Not required,
JE1050976,2,2025-04-03,2025-04-01,1110,Bank - current account,Asset,CC-500,SYS-BATCH,System,Advance to supplier,0.0,261025.93,Not required,
JE1051016,1,2025-04-03,2025-04-03,1110,Bank - current account,Asset,CC-500,SYS-BATCH,System,Customer receipt,596111.83,0.0,Approved,A003
JE1051016,2,2025-04-03,2025-04-03,1200,Trade receivables,Asset,CC-500,SYS-BATCH,System,Customer receipt,0.0,596111.83,Approved,A003
JE1051333,1,2025-04-03,2025-04-03,1200,Trade receivables,Asset,CC-600,SYS-BATCH,System,Sales invoice raised,390245.28,0.0,Not required,
JE1051333,2,2025-04-03,2025-04-03,4100,Revenue - product sales,Income,CC-600,SYS-BATCH,System,Sales invoice raised,0.0,390245.28,Not required,
JE1051369,1,2025-04-03,2025-04-03,5200,Employee benefit expense,Expense,CC-200,SYS-BATCH,System,Payroll for the month,748083.26,0.0,Approved,A003
JE1051369,2,2025-04-03,2025-04-03,2120,Provision for employee benefits,Liability,CC-200,SYS-BATCH,System,Payroll for the month,0.0,748083.26,Approved,A003
JE1051438,1,2025-04-03,2025-04-03,5320,Repairs and maintenance,Expense,CC-600,SYS-BATCH,System,Repairs and upkeep,150965.51,0.0,Not required,
JE1051438,2,2025-04-03,2025-04-03,2100,Trade payables,Liability,CC-600,SYS-BATCH,System,Repairs and upkeep,0.0,150965.51,Not required,
JE1051462,1,2025-04-03,2025-04-01,5380,Printing and stationery,Expense,CC-400,SYS-BATCH,System,Stationery purchase,16513.24,0.0,Not required,
JE1051462,2,2025-04-03,2025-04-01,2100,Trade payables,Liability,CC-400,SYS-BATCH,System,Stationery purchase,0.0,16513.24,Not required,
JE1051538,1,2025-04-03,2025-04-01,2100,Trade payables,Liability,CC-400,SYS-BATCH,System,Supplier payment,239329.84,0.0,Not required,
JE1051538,2,2025-04-03,2025-04-01,1110,Bank - current account,Asset,CC-400,SYS-BATCH,System,Supplier payment,0.0,239329.84,Not required,
JE1052347,1,2025-04-03,2025-04-03,1200,Trade receivables,Asset,CC-500,SYS-BATCH,System,Service invoice raised,571976.99,0.0,Approved,A003
JE1052347,2,2025-04-03,2025-04-03,4110,Revenue - service income,Income,CC-500,SYS-BATCH,System,Service invoice raised,0.0,571976.99,Approved,A003
JE1052369,1,2025-04-03,2025-04-03,2100,Trade payables,Liability,CC-200,SYS-BATCH,System,Supplier payment,508462.0,0.0,Approved,A001
JE1052369,2,2025-04-03,2025-04-03,1110,Bank - current account,Asset,CC-200,SYS-BATCH,System,Supplier payment,0.0,508462.0,Approved,A001
JE1052389,1,2025-04-03,2025-04-03,5380,Printing and stationery,Expense,CC-300,SYS-BATCH,System,Stationery purchase,11857.84,0.0,Not required,
JE1052389,2,2025-04-03,2025-04-03,2100,Trade payables,Liability,CC-300,SYS-BATCH,System,Stationery purchase,0.0,11857.84,Not required,
JE1052636,1,2025-04-03,2025-04-02,1110,Bank - current account,Asset,CC-600,SYS-BATCH,System,Customer receipt,134148.57,0.0,Not required,
JE1052636,2,2025-04-03,2025-04-02,1200,Trade receivables,Asset,CC-600,SYS-BATCH,System,Customer receipt,0.0,134148.57,Not required,
JE1053486,1,2025-04-03,2025-04-03,1200,Trade receivables,Asset,CC-100,SYS-BATCH,System,Sales invoice raised,157703.61,0.0,Not required,
JE1053486,2,2025-04-03,2025-04-03,4100,Revenue - product sales,Income,CC-100,SYS-BATCH,System,Sales invoice raised,0.0,157703.61,Not required,
JE1053565,1,2025-04-03,2025-04-02,5310,Power and fuel,Expense,CC-200,SYS-BATCH,System,Electricity charges,73873.06,0.0,Not required,
JE1053565,2,2025-04-03,2025-04-02,2110,Accrued expenses,Liability,CC-200,SYS-BATCH,System,Electricity charges,0.0,73873.06,Not required,
JE1053968,1,2025-04-03,2025-04-02,5100,Cost of materials consumed,Expense,CC-100,SYS-BATCH,System,Purchase of raw material,657193.42,0.0,Approved,A002
JE1053968,2,2025-04-03,2025-04-02,2100,Trade payables,Liability,CC-100,SYS-BATCH,System,Purchase of raw material,0.0,657193.42,Approved,A002
JE1054373,1,2025-04-03,2025-04-03,1110,Bank - current account,Asset,CC-100,SYS-BATCH,System,Customer receipt,375409.23,0.0,Not required,
JE1054373,2,2025-04-03,2025-04-03,1200,Trade receivables,Asset,CC-100,SYS-BATCH,System,Customer receipt,0.0,375409.23,Not required,
JE1054888,1,2025-04-03,2025-04-02,1200,Trade receivables,Asset,CC-100,SYS-BATCH,System,GST output booked,93709.04,0.0,Not required,
JE1054888,2,2025-04-03,2025-04-02,2200,Output GST payable,Liability,CC-100,SYS-BATCH,System,GST output booked,0.0,93709.04,Not required,
JE1055204,1,2025-04-03,2025-04-02,1110,Bank - current account,Asset,CC-200,SYS-BATCH,System,Customer receipt,733825.35,0.0,Approved,A001
JE1055204,2,2025-04-03,2025-04-02,1200,Trade receivables,Asset,CC-200,SYS-BATCH,System,Customer receipt,0.0,733825.35,Approved,A001
JE1055413,1,2025-04-03,2025-04-03,1200,Trade receivables,Asset,CC-300,SYS-BATCH,System,Sales invoice raised,775090.29,0.0,Approved,A001
JE1055413,2,2025-04-03,2025-04-03,4100,Revenue - product sales,Income,CC-300,SYS-BATCH,System,Sales invoice raised,0.0,775090.29,Approved,A001
JE1055448,1,2025-04-03,2025-04-03,1200,Trade receivables,Asset,CC-100,SYS-BATCH,System,Sales invoice raised,852222.72,0.0,Approved,A002
JE1055448,2,2025-04-03,2025-04-03,4100,Revenue - product sales,Income,CC-100,SYS-BATCH,System,Sales invoice raised,0.0,852222.72,Approved,A002
JE1055509,1,2025-04-03,2025-04-02,1110,Bank - current account,Asset,CC-100,U012,Manual,Customer receipt,824461.26,0.0,Approved,A001
JE1055509,2,2025-04-03,2025-04-02,1200,Trade receivables,Asset,CC-100,U012,Manual,Customer receipt,0.0,824461.26,Approved,A001
JE1055532,1,2025-04-03,2025-04-03,5100,Cost of materials consumed,Expense,CC-500,SYS-BATCH,System,Purchase of raw material,528116.93,0.0,Approved,A002
JE1055532,2,2025-04-03,2025-04-03,2100,Trade payables,Liability,CC-500,SYS-BATCH,System,Purchase of raw material,0.0,528116.93,Approved,A002
JE1055556,1,2025-04-03,2025-04-02,1200,Trade receivables,Asset,CC-400,SYS-BATCH,System,Sales invoice raised,576716.38,0.0,Approved,A003
JE1055556,2,2025-04-03,2025-04-02,4100,Revenue - product sales,Income,CC-400,SYS-BATCH,System,Sales invoice raised,0.0,576716.38,Approved,A003
JE1055674,1,2025-04-03,2025-04-03,1200,Trade receivables,Asset,CC-200,SYS-BATCH,System,Sales invoice raised,31984.77,0.0,Not required,
JE1055674,2,2025-04-03,2025-04-03,4100,Revenue - product sales,Income,CC-200,SYS-BATCH,System,Sales invoice raised,0.0,31984.77,Not required,
JE1055876,1,2025-04-03,2025-04-02,5210,Contract staff cost,Expense,CC-100,U010,Manual,Contract staff billing,78241.67,0.0,Not required,
JE1055876,2,2025-04-03,2025-04-02,2100,Trade payables,Liability,CC-100,U010,Manual,Contract staff billing,0.0,78241.67,Not required,
JE1055908,1,2025-04-03,2025-04-03,1200,Trade receivables,Asset,CC-300,SYS-BATCH,System,Service invoice raised,104290.74,0.0,Not required,
JE1055908,2,2025-04-03,2025-04-03,4110,Revenue - service income,Income,CC-300,SYS-BATCH,System,Service invoice raised,0.0,104290.74,Not required,
JE1055930,1,2025-04-03,2025-04-01,5100,Cost of materials consumed,Expense,CC-400,SYS-BATCH,System,Purchase of raw material,611663.91,0.0,Approved,A003
JE1055930,2,2025-04-03,2025-04-01,2100,Trade payables,Liability,CC-400,SYS-BATCH,System,Purchase of raw material,0.0,611663.91,Approved,A003
JE1055954,1,2025-04-03,2025-04-03,2100,Trade payables,Liability,CC-600,SYS-BATCH,System,Supplier payment,690004.45,0.0,Approved,A001
JE1055954,2,2025-04-03,2025-04-03,1110,Bank - current account,Asset,CC-600,SYS-BATCH,System,Supplier payment,0.0,690004.45,Approved,A001
JE1056268,1,2025-04-03,2025-04-02,1110,Bank - current account,Asset,CC-300,U007,Manual,Customer receipt,315297.32,0.0,Not required,
JE1056268,2,2025-04-03,2025-04-02,1200,Trade receivables,Asset,CC-300,U007,Manual,Customer receipt,0.0,315297.32,Not required,
JE1056362,1,2025-04-03,2025-04-03,2100,Trade payables,Liability,CC-400,SYS-BATCH,System,Supplier payment,225091.53,0.0,Not required,
JE1056362,2,2025-04-03,2025-04-03,1110,Bank - current account,Asset,CC-400,SYS-BATCH,System,Supplier payment,0.0,225091.53,Not required,
JE1056386,1,2025-04-03,2025-04-01,5310,Power and fuel,Expense,CC-400,SYS-BATCH,System,Electricity charges,174251.58,0.0,Not required,
JE1056386,2,2025-04-03,2025-04-01,2110,Accrued expenses,Liability,CC-400,SYS-BATCH,System,Electricity charges,0.0,174251.58,Not required,
JE1057631,1,2025-04-03,2025-04-03,2100,Trade payables,Liability,CC-600,U017,Manual,Supplier payment,51951.65,0.0,Not required,
JE1057631,2,2025-04-03,2025-04-03,1110,Bank - current account,Asset,CC-600,U017,Manual,Supplier payment,0.0,51951.65,Not required,
JE1057680,1,2025-04-03,2025-04-03,5100,Cost of materials consumed,Expense,CC-400,SYS-BATCH,System,Purchase of raw material,524113.02,0.0,Approved,A001
JE1057680,2,2025-04-03,2025-04-03,2100,Trade payables,Liability,CC-400,SYS-BATCH,System,Purchase of raw material,0.0,524113.02,Approved,A001
JE1057756,1,2025-04-03,2025-04-03,1200,Trade receivables,Asset,CC-500,U003,Manual,Service invoice raised,235009.33,0.0,Not required,
JE1057756,2,2025-04-03,2025-04-03,4110,Revenue - service income,Income,CC-500,U003,Manual,Service invoice raised,0.0,235009.33,Not required,
JE1057770,1,2025-04-03,2025-04-03,5310,Power and fuel,Expense,CC-200,SYS-BATCH,System,Electricity charges,245309.12,0.0,Not required,
JE1057770,2,2025-04-03,2025-04-03,2110,Accrued expenses,Liability,CC-200,SYS-BATCH,System,Electricity charges,0.0,245309.12,Not required,
JE1058051,1,2025-04-03,2025-04-03,1110,Bank - current account,Asset,CC-300,SYS-BATCH,System,Customer receipt,691383.29,0.0,Approved,A003
JE1058051,2,2025-04-03,2025-04-03,1200,Trade receivables,Asset,CC-300,SYS-BATCH,System,Customer receipt,0.0,691383.29,Approved,A003
JE1058402,1,2025-04-03,2025-04-02,5210,Contract staff cost,Expense,CC-300,SYS-BATCH,System,Contract staff billing,124452.14,0.0,Not required,
JE1058402,2,2025-04-03,2025-04-02,2100,Trade payables,Liability,CC-300,SYS-BATCH,System,Contract staff billing,0.0,124452.14,Not required,
JE1058501,1,2025-04-03,2025-04-03,5100,Cost of materials consumed,Expense,CC-200,SYS-BATCH,System,Purchase of raw material,364703.82,0.0,Not required,
JE1058501,2,2025-04-03,2025-04-03,2100,Trade payables,Liability,CC-200,SYS-BATCH,System,Purchase of raw material,0.0,364703.82,Not required,
JE1058665,1,2025-04-03,2025-04-03,1200,Trade receivables,Asset,CC-400,SYS-BATCH,System,Sales invoice raised,102835.84,0.0,Not required,
JE1058665,2,2025-04-03,2025-04-03,4100,Revenue - product sales,Income,CC-400,SYS-BATCH,System,Sales invoice raised,0.0,102835.84,Not required,
JE1059221,1,2025-04-03,2025-04-03,5100,Cost of materials consumed,Expense,CC-400,SYS-BATCH,System,Purchase of raw material,107138.86,0.0,Not required,
JE1059221,2,2025-04-03,2025-04-03,2100,Trade payables,Liability,CC-400,SYS-BATCH,System,Purchase of raw material,0.0,107138.86,Not required,
JE1059245,1,2025-04-03,2025-04-02,5100,Cost of materials consumed,Expense,CC-600,SYS-BATCH,System,Purchase of raw material,60363.87,0.0,Not required,
JE1059245,2,2025-04-03,2025-04-02,2100,Trade payables,Liability,CC-600,SYS-BATCH,System,Purchase of raw material,0.0,60363.87,Not required,
JE1059633,1,2025-04-03,2025-04-02,2100,Trade payables,Liability,CC-100,SYS-BATCH,System,Supplier payment,389095.89,0.0,Not required,
JE1059633,2,2025-04-03,2025-04-02,1110,Bank - current account,Asset,CC-100,SYS-BATCH,System,Supplier payment,0.0,389095.89,Not required,
JE1059885,1,2025-04-03,2025-04-03,5400,Depreciation and amortisation,Expense,CC-600,U004,Manual,Depreciation charge,716819.75,0.0,Approved,A001
JE1059885,2,2025-04-03,2025-04-03,1510,Accumulated depreciation,Asset,CC-600,U004,Manual,Depreciation charge,0.0,716819.75,Approved,A001
JE1060134,1,2025-04-03,2025-04-03,1110,Bank - current account,Asset,CC-500,SYS-BATCH,System,Customer receipt,712417.67,0.0,Approved,A002
JE1060134,2,2025-04-03,2025-04-03,1200,Trade receivables,Asset,CC-500,SYS-BATCH,System,Customer receipt,0.0,712417.67,Approved,A002
JE1060141,1,2025-04-03,2025-04-02,5100,Cost of materials consumed,Expense,CC-200,SYS-BATCH,System,Purchase of raw material,259529.52,0.0,Not required,
JE1060141,2,2025-04-03,2025-04-02,2100,Trade payables,Liability,CC-200,SYS-BATCH,System,Purchase of raw material,0.0,259529.52,Not required,
JE1060650,1,2025-04-03,2025-04-03,1200,Trade receivables,Asset,CC-200,SYS-BATCH,System,Sales invoice raised,131372.07,0.0,Not required,
JE1060650,2,2025-04-03,2025-04-03,4100,Revenue - product sales,Income,CC-200,SYS-BATCH,System,Sales invoice raised,0.0,131372.07,Not required,
JE1060838,1,2025-04-03,2025-04-03,2100,Trade payables,Liability,CC-600,SYS-BATCH,System,Supplier payment,77293.18,0.0,Not required,
JE1060838,2,2025-04-03,2025-04-03,1110,Bank - current account,Asset,CC-600,SYS-BATCH,System,Supplier payment,0.0,77293.18,Not required,
JE1061701,1,2025-04-03,2025-04-02,5340,Legal and professional fees,Expense,CC-100,SYS-BATCH,System,Professional fees billed,114833.06,0.0,Not required,
JE1061701,2,2025-04-03,2025-04-02,2100,Trade payables,Liability,CC-100,SYS-BATCH,System,Professional fees billed,0.0,114833.06,Not required,
JE1061879,1,2025-04-03,2025-04-03,2100,Trade payables,Liability,CC-200,SYS-BATCH,System,Supplier payment,396560.1,0.0,Not required,
JE1061879,2,2025-04-03,2025-04-03,1110,Bank - current account,Asset,CC-200,SYS-BATCH,System,Supplier payment,0.0,396560.1,Not required,
JE1062164,1,2025-04-03,2025-04-01,5400,Depreciation and amortisation,Expense,CC-100,SYS-BATCH,System,Depreciation charge,560917.3,0.0,Approved,A001
JE1062164,2,2025-04-03,2025-04-01,1510,Accumulated depreciation,Asset,CC-100,SYS-BATCH,System,Depreciation charge,0.0,560917.3,Approved,A001
JE1062217,1,2025-04-03,2025-04-03,2100,Trade payables,Liability,CC-300,SYS-BATCH,System,Supplier payment,582381.3,0.0,Approved,A002
JE1062217,2,2025-04-03,2025-04-03,1110,Bank - current account,Asset,CC-300,SYS-BATCH,System,Supplier payment,0.0,582381.3,Approved,A002
JE1062566,1,2025-04-03,2025-04-01,1110,Bank - current account,Asset,CC-400,SYS-BATCH,System,Customer receipt,316657.02,0.0,Not required,
JE1062566,2,2025-04-03,2025-04-01,1200,Trade receivables,Asset,CC-400,SYS-BATCH,System,Customer receipt,0.0,316657.02,Not required,
JE1063044,1,2025-04-03,2025-04-01,1110,Bank - current account,Asset,CC-200,SYS-BATCH,System,Customer receipt,347926.63,0.0,Not required,
JE1063044,2,2025-04-03,2025-04-01,1200,Trade receivables,Asset,CC-200,SYS-BATCH,System,Customer receipt,0.0,347926.63,Not required,
JE1063516,1,2025-04-03,2025-04-01,5200,Employee benefit expense,Expense,CC-300,SYS-BATCH,System,Payroll for the month,2295793.03,0.0,Approved,A003
JE1063516,2,2025-04-03,2025-04-01,2120,Provision for employee benefits,Liability,CC-300,SYS-BATCH,System,Payroll for the month,0.0,2295793.03,Approved,A003
JE1063523,1,2025-04-03,2025-04-03,2100,Trade payables,Liability,CC-200,SYS-BATCH,System,Supplier payment,222199.72,0.0,Not required,
JE1063523,2,2025-04-03,2025-04-03,1110,Bank - current account,Asset,CC-200,SYS-BATCH,System,Supplier payment,0.0,222199.72,Not required,
JE1063738,1,2025-04-03,2025-04-01,1200,Trade receivables,Asset,CC-200,SYS-BATCH,System,Service invoice raised,77047.61,0.0,Not required,
JE1063738,2,2025-04-03,2025-04-01,4110,Revenue - service income,Income,CC-200,SYS-BATCH,System,Service invoice raised,0.0,77047.61,Not required,
JE1063903,1,2025-04-03,2025-04-01,5100,Cost of materials consumed,Expense,CC-300,SYS-BATCH,System,Purchase of raw material,507061.8,0.0,Approved,A001
JE1063903,2,2025-04-03,2025-04-01,2100,Trade payables,Liability,CC-300,SYS-BATCH,System,Purchase of raw material,0.0,507061.8,Approved,A001
JE1064622,1,2025-04-03,2025-04-02,5100,Cost of materials consumed,Expense,CC-500,SYS-BATCH,System,Purchase of raw material,74892.65,0.0,Not required,
JE1064622,2,2025-04-03,2025-04-02,2100,Trade payables,Liability,CC-500,SYS-BATCH,System,Purchase of raw material,0.0,74892.65,Not required,
JE1064667,1,2025-04-03,2025-04-03,5340,Legal and professional fees,Expense,CC-400,SYS-BATCH,System,Professional fees billed,287610.87,0.0,Not required,
JE1064667,2,2025-04-03,2025-04-03,2100,Trade payables,Liability,CC-400,SYS-BATCH,System,Professional fees billed,0.0,287610.87,Not required,
JE1064870,1,2025-04-03,2025-04-02,1200,Trade receivables,Asset,CC-400,SYS-BATCH,System,Service invoice raised,375651.11,0.0,Not required,
JE1064870,2,2025-04-03,2025-04-02,4110,Revenue - service income,Income,CC-400,SYS-BATCH,System,Service invoice raised,0.0,375651.11,Not required,
JE1064932,1,2025-04-03,2025-04-03,2100,Trade payables,Liability,CC-100,SYS-BATCH,System,TDS deducted on payment,29040.84,0.0,Not required,
JE1064932,2,2025-04-03,2025-04-03,2210,TDS payable,Liability,CC-100,SYS-BATCH,System,TDS deducted on payment,0.0,29040.84,Not required,
JE1064950,1,2025-04-03,2025-04-03,2100,Trade payables,Liability,CC-300,U005,Manual,Supplier payment,475669.94,0.0,Not required,
JE1064950,2,2025-04-03,2025-04-03,1110,Bank - current account,Asset,CC-300,U005,Manual,Supplier payment,0.0,475669.94,Not required,
JE1065237,1,2025-04-03,2025-04-03,1200,Trade receivables,Asset,CC-100,SYS-BATCH,System,Service invoice raised,45180.49,0.0,Not required,
JE1065237,2,2025-04-03,2025-04-03,4110,Revenue - service income,Income,CC-100,SYS-BATCH,System,Service invoice raised,0.0,45180.49,Not required,
JE1065271,1,2025-04-03,2025-04-03,1600,Input GST receivable,Asset,CC-500,U020,Manual,GST input booked,55875.88,0.0,Not required,
JE1065271,2,2025-04-03,2025-04-03,2100,Trade payables,Liability,CC-500,U020,Manual,GST input booked,0.0,55875.88,Not required,
JE1065296,1,2025-04-03,2025-04-02,5380,Printing and stationery,Expense,CC-600,SYS-BATCH,System,Stationery purchase,2737.71,0.0,Not required,
JE1065296,2,2025-04-03,2025-04-02,2100,Trade payables,Liability,CC-600,SYS-BATCH,System,Stationery purchase,0.0,2737.71,Not required,
JE1065516,1,2025-04-03,2025-04-01,5360,Insurance,Expense,CC-100,SYS-BATCH,System,Insurance premium,284737.02,0.0,Not required,
JE1065516,2,2025-04-03,2025-04-01,1400,Prepaid expenses,Asset,CC-100,SYS-BATCH,System,Insurance premium,0.0,284737.02,Not required,
JE1065545,1,2025-04-03,2025-04-03,2100,Trade payables,Liability,CC-600,SYS-BATCH,System,TDS deducted on payment,19562.98,0.0,Not required,
JE1065545,2,2025-04-03,2025-04-03,2210,TDS payable,Liability,CC-600,SYS-BATCH,System,TDS deducted on payment,0.0,19562.98,Not required,
JE1065821,1,2025-04-03,2025-04-02,5340,Legal and professional fees,Expense,CC-300,SYS-BATCH,System,Professional fees billed,330172.12,0.0,Not required,
JE1065821,2,2025-04-03,2025-04-02,2100,Trade payables,Liability,CC-300,SYS-BATCH,System,Professional fees billed,0.0,330172.12,Not required,
JE1065878,1,2025-04-03,2025-04-01,5310,Power and fuel,Expense,CC-300,SYS-BATCH,System,Electricity charges,73861.5,0.0,Not required,
JE1065878,2,2025-04-03,2025-04-01,2110,Accrued expenses,Liability,CC-300,SYS-BATCH,System,Electricity charges,0.0,73861.5,Not required,
JE1065980,1,2025-04-03,2025-04-03,1410,Advance to suppliers,Asset,CC-300,U013,Manual,Advance to supplier,396339.13,0.0,Not required,
JE1065980,2,2025-04-03,2025-04-03,1110,Bank - current account,Asset,CC-300,U013,Manual,Advance to supplier,0.0,396339.13,Not required,
JE1066227,1,2025-04-03,2025-04-03,5100,Cost of materials consumed,Expense,CC-400,U015,Manual,Purchase of raw material,52556.37,0.0,Not required,
JE1066227,2,2025-04-03,2025-04-03,2100,Trade payables,Liability,CC-400,U015,Manual,Purchase of raw material,0.0,52556.37,Not required,
JE1066636,1,2025-04-03,2025-04-03,5100,Cost of materials consumed,Expense,CC-500,SYS-BATCH,System,Purchase of raw material,29942.84,0.0,Not required,
JE1066636,2,2025-04-03,2025-04-03,2100,Trade payables,Liability,CC-500,SYS-BATCH,System,Purchase of raw material,0.0,29942.84,Not required,
JE1066917,1,2025-04-03,2025-04-01,2100,Trade payables,Liability,CC-200,SYS-BATCH,System,Supplier payment,352034.97,0.0,Not required,
JE1066917,2,2025-04-03,2025-04-01,1110,Bank - current account,Asset,CC-200,SYS-BATCH,System,Supplier payment,0.0,352034.97,Not required,
JE1066925,1,2025-04-03,2025-04-03,1110,Bank - current account,Asset,CC-300,SYS-BATCH,System,Customer receipt,680427.32,0.0,Approved,A001
JE1066925,2,2025-04-03,2025-04-03,1200,Trade receivables,Asset,CC-300,SYS-BATCH,System,Customer receipt,0.0,680427.32,Approved,A001
JE1067096,1,2025-04-03,2025-04-02,2100,Trade payables,Liability,CC-500,U005,Manual,Supplier payment,394936.41,0.0,Not required,
JE1067096,2,2025-04-03,2025-04-02,1110,Bank - current account,Asset,CC-500,U005,Manual,Supplier payment,0.0,394936.41,Not required,
JE1067101,1,2025-04-03,2025-04-02,5200,Employee benefit expense,Expense,CC-100,SYS-BATCH,System,Payroll for the month,703466.42,0.0,Approved,A001
JE1067101,2,2025-04-03,2025-04-02,2120,Provision for employee benefits,Liability,CC-100,SYS-BATCH,System,Payroll for the month,0.0,703466.42,Approved,A001
JE1067417,1,2025-04-03,2025-04-03,1200,Trade receivables,Asset,CC-600,U020,Manual,Sales invoice raised,557467.24,0.0,Approved,A003
JE1067417,2,2025-04-03,2025-04-03,4100,Revenue - product sales,Income,CC-600,U020,Manual,Sales invoice raised,0.0,557467.24,Approved,A003
JE1067518,1,2025-04-03,2025-04-03,1600,Input GST receivable,Asset,CC-600,SYS-BATCH,System,GST input booked,95349.09,0.0,Not required,
JE1067518,2,2025-04-03,2025-04-03,2100,Trade payables,Liability,CC-600,SYS-BATCH,System,GST input booked,0.0,95349.09,Not required,
JE1067839,1,2025-04-03,2025-04-03,5330,Travel and conveyance,Expense,CC-400,SYS-BATCH,System,Travel reimbursement,73866.03,0.0,Not required,
JE1067839,2,2025-04-03,2025-04-03,1110,Bank - current account,Asset,CC-400,SYS-BATCH,System,Travel reimbursement,0.0,73866.03,Not required,
JE1068214,1,2025-04-03,2025-04-03,5330,Travel and conveyance,Expense,CC-400,SYS-BATCH,System,Travel reimbursement,75733.95,0.0,Not required,
JE1068214,2,2025-04-03,2025-04-03,1110,Bank - current account,Asset,CC-400,SYS-BATCH,System,Travel reimbursement,0.0,75733.95,Not required,
JE1068314,1,2025-04-03,2025-04-01,2100,Trade payables,Liability,CC-400,U005,Manual,TDS deducted on payment,48514.34,0.0,Not required,
JE1068314,2,2025-04-03,2025-04-01,2210,TDS payable,Liability,CC-400,U005,Manual,TDS deducted on payment,0.0,48514.34,Not required,
JE1068598,1,2025-04-03,2025-04-03,1110,Bank - current account,Asset,CC-300,SYS-BATCH,System,Customer receipt,66667.06,0.0,Not required,
JE1068598,2,2025-04-03,2025-04-03,1200,Trade receivables,Asset,CC-300,SYS-BATCH,System,Customer receipt,0.0,66667.06,Not required,
JE1068936,1,2025-04-03,2025-04-02,5350,Advertisement and marketing,Expense,CC-100,SYS-BATCH,System,Marketing spend,333129.27,0.0,Not required,
JE1068936,2,2025-04-03,2025-04-02,2100,Trade payables,Liability,CC-100,SYS-BATCH,System,Marketing spend,0.0,333129.27,Not required,
JE1069575,1,2025-04-03,2025-04-03,1110,Bank - current account,Asset,CC-500,SYS-BATCH,System,Customer receipt,568733.85,0.0,Approved,A001
JE1069575,2,2025-04-03,2025-04-03,1200,Trade receivables,Asset,CC-500,SYS-BATCH,System,Customer receipt,0.0,568733.85,Approved,A001
JE1069642,1,2025-04-03,2025-04-03,1200,Trade receivables,Asset,CC-100,U014,Manual,Service invoice raised,404736.83,0.0,Not required,
JE1069642,2,2025-04-03,2025-04-03,4110,Revenue - service income,Income,CC-100,U014,Manual,Service invoice raised,0.0,404736.83,Not required,
JE1070173,1,2025-04-03,2025-04-03,1600,Input GST receivable,Asset,CC-100,U020,Manual,GST input booked,119797.34,0.0,Not required,
JE1070173,2,2025-04-03,2025-04-03,2100,Trade payables,Liability,CC-100,U020,Manual,GST input booked,0.0,119797.34,Not required,
JE1070515,1,2025-04-03,2025-04-01,1200,Trade receivables,Asset,CC-200,U012,Manual,GST output booked,92771.54,0.0,Not required,
JE1070515,2,2025-04-03,2025-04-01,2200,Output GST payable,Liability,CC-200,U012,Manual,GST output booked,0.0,92771.54,Not required,
JE1071389,1,2025-04-03,2025-04-01,5370,Communication expense,Expense,CC-100,SYS-BATCH,System,Telephone and internet,38156.83,0.0,Not required,
JE1071389,2,2025-04-03,2025-04-01,2110,Accrued expenses,Liability,CC-100,SYS-BATCH,System,Telephone and internet,0.0,38156.83,Not required,
JE1071412,1,2025-04-03,2025-04-03,5100,Cost of materials consumed,Expense,CC-300,SYS-BATCH,System,Purchase of raw material,172501.5,0.0,Not required,
JE1071412,2,2025-04-03,2025-04-03,2100,Trade payables,Liability,CC-300,SYS-BATCH,System,Purchase of raw material,0.0,172501.5,Not required,
JE1071533,1,2025-04-03,2025-04-03,5340,Legal and professional fees,Expense,CC-300,SYS-BATCH,System,Professional fees billed,191009.0,0.0,Not required,
JE1071533,2,2025-04-03,2025-04-03,2100,Trade payables,Liability,CC-300,SYS-BATCH,System,Professional fees billed,0.0,191009.0,Not required,
JE1071658,1,2025-04-03,2025-04-03,5210,Contract staff cost,Expense,CC-100,SYS-BATCH,System,Contract staff billing,338862.78,0.0,Not required,
JE1071658,2,2025-04-03,2025-04-03,2100,Trade payables,Liability,CC-100,SYS-BATCH,System,Contract staff billing,0.0,338862.78,Not required,
JE1071790,1,2025-04-03,2025-04-03,5500,Finance cost,Expense,CC-300,U004,Manual,Interest on borrowings,340756.39,0.0,Not required,
JE1071790,2,2025-04-03,2025-04-03,2310,Interest accrued but not due,Liability,CC-300,U004,Manual,Interest on borrowings,0.0,340756.39,Not required,
JE1071933,1,2025-04-03,2025-04-03,5500,Finance cost,Expense,CC-600,SYS-BATCH,System,Interest on borrowings,344348.83,0.0,Not required,
JE1071933,2,2025-04-03,2025-04-03,2310,Interest accrued but not due,Liability,CC-600,SYS-BATCH,System,Interest on borrowings,0.0,344348.83,Not required,
JE1071970,1,2025-04-03,2025-04-01,5100,Cost of materials consumed,Expense,CC-300,SYS-BATCH,System,Purchase of raw material,160564.33,0.0,Not required,
JE1071970,2,2025-04-03,2025-04-01,2100,Trade payables,Liability,CC-300,SYS-BATCH,System,Purchase of raw material,0.0,160564.33,Not required,
JE1072175,1,2025-04-03,2025-04-01,5320,Repairs and maintenance,Expense,CC-500,SYS-BATCH,System,Repairs and upkeep,8307.28,0.0,Not required,
JE1072175,2,2025-04-03,2025-04-01,2100,Trade payables,Liability,CC-500,SYS-BATCH,System,Repairs and upkeep,0.0,8307.28,Not required,
JE1072234,1,2025-04-03,2025-04-03,5210,Contract staff cost,Expense,CC-100,SYS-BATCH,System,Contract staff billing,289901.22,0.0,Not required,
JE1072234,2,2025-04-03,2025-04-03,2100,Trade payables,Liability,CC-100,SYS-BATCH,System,Contract staff billing,0.0,289901.22,Not required,
JE1072441,1,2025-04-03,2025-04-01,2100,Trade payables,Liability,CC-100,SYS-BATCH,System,Supplier payment,186921.93,0.0,Not required,
JE1072441,2,2025-04-03,2025-04-01,1110,Bank - current account,Asset,CC-100,SYS-BATCH,System,Supplier payment,0.0,186921.93,Not required,
JE1072464,1,2025-04-03,2025-04-03,2100,Trade payables,Liability,CC-400,SYS-BATCH,System,TDS deducted on payment,19149.43,0.0,Not required,
JE1072464,2,2025-04-03,2025-04-03,2210,TDS payable,Liability,CC-400,SYS-BATCH,System,TDS deducted on payment,0.0,19149.43,Not required,
JE1072766,1,2025-04-03,2025-04-02,5310,Power and fuel,Expense,CC-100,SYS-BATCH,System,Electricity charges,206503.84,0.0,Not required,
JE1072766,2,2025-04-03,2025-04-02,2110,Accrued expenses,Liability,CC-100,SYS-BATCH,System,Electricity charges,0.0,206503.84,Not required,
JE1072775,1,2025-04-03,2025-04-03,5100,Cost of materials consumed,Expense,CC-200,SYS-BATCH,System,Purchase of raw material,464196.37,0.0,Not required,
JE1072775,2,2025-04-03,2025-04-03,2100,Trade payables,Liability,CC-200,SYS-BATCH,System,Purchase of raw material,0.0,464196.37,Not required,
JE1073368,1,2025-04-03,2025-04-02,1110,Bank - current account,Asset,CC-500,U010,Manual,Customer receipt,271840.4,0.0,Not required,
JE1073368,2,2025-04-03,2025-04-02,1200,Trade receivables,Asset,CC-500,U010,Manual,Customer receipt,0.0,271840.4,Not required,
JE1073442,1,2025-04-03,2025-04-01,2100,Trade payables,Liability,CC-600,SYS-BATCH,System,Supplier payment,524270.11,0.0,Approved,A003
JE1073442,2,2025-04-03,2025-04-01,1110,Bank - current account,Asset,CC-600,SYS-BATCH,System,Supplier payment,0.0,524270.11,Approved,A003
JE1073888,1,2025-04-03,2025-04-03,1200,Trade receivables,Asset,CC-200,U002,Manual,Sales invoice raised,358113.8,0.0,Not required,
JE1073888,2,2025-04-03,2025-04-03,4100,Revenue - product sales,Income,CC-200,U002,Manual,Sales invoice raised,0.0,358113.8,Not required,
JE1073931,1,2025-04-03,2025-04-03,1200,Trade receivables,Asset,CC-300,U021,Manual,Sales invoice raised,236457.07,0.0,Not required,
JE1073931,2,2025-04-03,2025-04-03,4100,Revenue - product sales,Income,CC-300,U021,Manual,Sales invoice raised,0.0,236457.07,Not required,
JE1074164,1,2025-04-03,2025-04-03,5210,Contract staff cost,Expense,CC-200,SYS-BATCH,System,Contract staff billing,61288.98,0.0,Not required,
JE1074164,2,2025-04-03,2025-04-03,2100,Trade payables,Liability,CC-200,SYS-BATCH,System,Contract staff billing,0.0,61288.98,Not required,
JE1074214,1,2025-04-03,2025-04-01,5310,Power and fuel,Expense,CC-100,SYS-BATCH,System,Electricity charges,72702.54,0.0,Not required,
JE1074214,2,2025-04-03,2025-04-01,2110,Accrued expenses,Liability,CC-100,SYS-BATCH,System,Electricity charges,0.0,72702.54,Not required,
JE1075437,1,2025-04-03,2025-04-01,1200,Trade receivables,Asset,CC-400,SYS-BATCH,System,Sales invoice raised,888255.03,0.0,Approved,A002
JE1075437,2,2025-04-03,2025-04-01,4100,Revenue - product sales,Income,CC-400,SYS-BATCH,System,Sales invoice raised,0.0,888255.03,Approved,A002
JE1075472,1,2025-04-03,2025-04-03,1200,Trade receivables,Asset,CC-200,SYS-BATCH,System,Sales invoice raised,730045.73,0.0,Approved,A001
JE1075472,2,2025-04-03,2025-04-03,4100,Revenue - product sales,Income,CC-200,SYS-BATCH,System,Sales invoice raised,0.0,730045.73,Approved,A001
JE1075585,1,2025-04-03,2025-04-03,1200,Trade receivables,Asset,CC-400,SYS-BATCH,System,Service invoice raised,583581.1,0.0,Approved,A002
JE1075585,2,2025-04-03,2025-04-03,4110,Revenue - service income,Income,CC-400,SYS-BATCH,System,Service invoice raised,0.0,583581.1,Approved,A002
JE1075898,1,2025-04-03,2025-04-01,2100,Trade payables,Liability,CC-300,SYS-BATCH,System,Supplier payment,633616.76,0.0,Approved,A003
JE1075898,2,2025-04-03,2025-04-01,1110,Bank - current account,Asset,CC-300,SYS-BATCH,System,Supplier payment,0.0,633616.76,Approved,A003
JE1075999,1,2025-04-03,2025-04-03,5100,Cost of materials consumed,Expense,CC-200,SYS-BATCH,System,Purchase of raw material,249867.4,0.0,Not required,
JE1075999,2,2025-04-03,2025-04-03,2100,Trade payables,Liability,CC-200,SYS-BATCH,System,Purchase of raw material,0.0,249867.4,Not required,
JE1076308,1,2025-04-03,2025-04-03,5330,Travel and conveyance,Expense,CC-200,SYS-BATCH,System,Travel reimbursement,15427.81,0.0,Not required,
JE1076308,2,2025-04-03,2025-04-03,1110,Bank - current account,Asset,CC-200,SYS-BATCH,System,Travel reimbursement,0.0,15427.81,Not required,
JE1076395,1,2025-04-03,2025-04-01,1200,Trade receivables,Asset,CC-200,SYS-BATCH,System,Sales invoice raised,470124.12,0.0,Not required,
JE1076395,2,2025-04-03,2025-04-01,4100,Revenue - product sales,Income,CC-200,SYS-BATCH,System,Sales invoice raised,0.0,470124.12,Not required,
JE1076404,1,2025-04-03,2025-04-01,5330,Travel and conveyance,Expense,CC-100,SYS-BATCH,System,Travel reimbursement,21046.44,0.0,Not required,
JE1076404,2,2025-04-03,2025-04-01,1110,Bank - current account,Asset,CC-100,SYS-BATCH,System,Travel reimbursement,0.0,21046.44,Not required,
JE1076591,1,2025-04-03,2025-04-02,1200,Trade receivables,Asset,CC-500,SYS-BATCH,System,Sales invoice raised,339984.68,0.0,Not required,
JE1076591,2,2025-04-03,2025-04-02,4100,Revenue - product sales,Income,CC-500,SYS-BATCH,System,Sales invoice raised,0.0,339984.68,Not required,
JE1076662,1,2025-04-03,2025-04-03,1200,Trade receivables,Asset,CC-300,SYS-BATCH,System,Sales invoice raised,203082.83,0.0,Not required,
JE1076662,2,2025-04-03,2025-04-03,4100,Revenue - product sales,Income,CC-300,SYS-BATCH,System,Sales invoice raised,0.0,203082.83,Not required,
JE1077056,1,2025-04-03,2025-04-01,5330,Travel and conveyance,Expense,CC-200,SYS-BATCH,System,Travel reimbursement,13669.64,0.0,Not required,
JE1077056,2,2025-04-03,2025-04-01,1110,Bank - current account,Asset,CC-200,SYS-BATCH,System,Travel reimbursement,0.0,13669.64,Not required,
JE1077101,1,2025-04-03,2025-04-02,2100,Trade payables,Liability,CC-300,SYS-BATCH,System,Supplier payment,270850.98,0.0,Not required,
JE1077101,2,2025-04-03,2025-04-02,1110,Bank - current account,Asset,CC-300,SYS-BATCH,System,Supplier payment,0.0,270850.98,Not required,
JE1077115,1,2025-04-03,2025-04-02,1200,Trade receivables,Asset,CC-500,SYS-BATCH,System,Service invoice raised,357862.31,0.0,Not required,
JE1077115,2,2025-04-03,2025-04-02,4110,Revenue - service income,Income,CC-500,SYS-BATCH,System,Service invoice raised,0.0,357862.31,Not required,
JE1077198,1,2025-04-03,2025-04-02,5380,Printing and stationery,Expense,CC-600,SYS-BATCH,System,Stationery purchase,28533.11,0.0,Not required,
JE1077198,2,2025-04-03,2025-04-02,2100,Trade payables,Liability,CC-600,SYS-BATCH,System,Stationery purchase,0.0,28533.11,Not required,
JE1077495,1,2025-04-03,2025-04-02,5100,Cost of materials consumed,Expense,CC-200,U010,Manual,Purchase of raw material,342155.18,0.0,Not required,
JE1077495,2,2025-04-03,2025-04-02,2100,Trade payables,Liability,CC-200,U010,Manual,Purchase of raw material,0.0,342155.18,Not required,
JE1077577,1,2025-04-03,2025-04-01,5300,Rent expense,Expense,CC-500,SYS-BATCH,System,Rent for the period,346145.28,0.0,Not required,
JE1077577,2,2025-04-03,2025-04-01,2110,Accrued expenses,Liability,CC-500,SYS-BATCH,System,Rent for the period,0.0,346145.28,Not required,
JE1077664,1,2025-04-03,2025-04-03,5330,Travel and conveyance,Expense,CC-400,SYS-BATCH,System,Travel reimbursement,82357.25,0.0,Not required,
JE1077664,2,2025-04-03,2025-04-03,1110,Bank - current account,Asset,CC-400,SYS-BATCH,System,Travel reimbursement,0.0,82357.25,Not required,
JE1078183,1,2025-04-03,2025-04-01,1200,Trade receivables,Asset,CC-200,SYS-BATCH,System,Service invoice raised,564936.21,0.0,Approved,A001
JE1078183,2,2025-04-03,2025-04-01,4110,Revenue - service income,Income,CC-200,SYS-BATCH,System,Service invoice raised,0.0,564936.21,Approved,A001
JE1078197,1,2025-04-03,2025-04-02,5360,Insurance,Expense,CC-500,SYS-BATCH,System,Insurance premium,153217.81,0.0,Not required,
JE1078197,2,2025-04-03,2025-04-02,1400,Prepaid expenses,Asset,CC-500,SYS-BATCH,System,Insurance premium,0.0,153217.81,Not required,
JE1078501,1,2025-04-03,2025-04-03,5300,Rent expense,Expense,CC-400,SYS-BATCH,System,Rent for the period,216257.27,0.0,Not required,
JE1078501,2,2025-04-03,2025-04-03,2110,Accrued expenses,Liability,CC-400,SYS-BATCH,System,Rent for the period,0.0,216257.27,Not required,
JE1078774,1,2025-04-03,2025-04-03,2100,Trade payables,Liability,CC-500,SYS-BATCH,System,Supplier payment,611556.28,0.0,Approved,A003
JE1078774,2,2025-04-03,2025-04-03,1110,Bank - current account,Asset,CC-500,SYS-BATCH,System,Supplier payment,0.0,611556.28,Approved,A003
JE1078813,1,2025-04-03,2025-04-03,2100,Trade payables,Liability,CC-200,SYS-BATCH,System,Supplier payment,256699.95,0.0,Not required,
JE1078813,2,2025-04-03,2025-04-03,1110,Bank - current account,Asset,CC-200,SYS-BATCH,System,Supplier payment,0.0,256699.95,Not required,
JE1078933,1,2025-04-03,2025-04-03,1200,Trade receivables,Asset,CC-100,SYS-BATCH,System,Sales invoice raised,831024.06,0.0,Approved,A003
JE1078933,2,2025-04-03,2025-04-03,4100,Revenue - product sales,Income,CC-100,SYS-BATCH,System,Sales invoice raised,0.0,831024.06,Approved,A003
JE1079446,1,2025-04-03,2025-04-02,1110,Bank - current account,Asset,CC-100,SYS-BATCH,System,Customer receipt,634249.56,0.0,Approved,A003
JE1079446,2,2025-04-03,2025-04-02,1200,Trade receivables,Asset,CC-100,SYS-BATCH,System,Customer receipt,0.0,634249.56,Approved,A003
JE1079572,1,2025-04-03,2025-04-01,1200,Trade receivables,Asset,CC-600,SYS-BATCH,System,Sales invoice raised,438169.38,0.0,Not required,
JE1079572,2,2025-04-03,2025-04-01,4100,Revenue - product sales,Income,CC-600,SYS-BATCH,System,Sales invoice raised,0.0,438169.38,Not required,
JE1079619,1,2025-04-03,2025-04-03,1600,Input GST receivable,Asset,CC-100,SYS-BATCH,System,GST input booked,52449.92,0.0,Not required,
JE1079619,2,2025-04-03,2025-04-03,2100,Trade payables,Liability,CC-100,SYS-BATCH,System,GST input booked,0.0,52449.92,Not required,
JE1080009,1,2025-04-03,2025-04-01,1200,Trade receivables,Asset,CC-300,SYS-BATCH,System,Service invoice raised,38991.27,0.0,Not required,
JE1080009,2,2025-04-03,2025-04-01,4110,Revenue - service income,Income,CC-300,SYS-BATCH,System,Service invoice raised,0.0,38991.27,Not required,
JE1080029,1,2025-04-03,2025-04-02,1110,Bank - current account,Asset,CC-300,SYS-BATCH,System,Customer receipt,895913.19,0.0,Approved,A003
JE1080029,2,2025-04-03,2025-04-02,1200,Trade receivables,Asset,CC-300,SYS-BATCH,System,Customer receipt,0.0,895913.19,Approved,A003
JE1080084,1,2025-04-03,2025-04-01,1200,Trade receivables,Asset,CC-600,SYS-BATCH,System,Sales invoice raised,404736.28,0.0,Not required,
JE1080084,2,2025-04-03,2025-04-01,4100,Revenue - product sales,Income,CC-600,SYS-BATCH,System,Sales invoice raised,0.0,404736.28,Not required,
JE1080114,1,2025-04-03,2025-04-02,5330,Travel and conveyance,Expense,CC-100,SYS-BATCH,System,Travel reimbursement,15842.39,0.0,Not required,
JE1080114,2,2025-04-03,2025-04-02,1110,Bank - current account,Asset,CC-100,SYS-BATCH,System,Travel reimbursement,0.0,15842.39,Not required,
JE1080214,1,2025-04-03,2025-04-03,1410,Advance to suppliers,Asset,CC-300,SYS-BATCH,System,Advance to supplier,106790.59,0.0,Not required,
JE1080214,2,2025-04-03,2025-04-03,1110,Bank - current account,Asset,CC-300,SYS-BATCH,System,Advance to supplier,0.0,106790.59,Not required,
JE1080310,1,2025-04-03,2025-04-01,5330,Travel and conveyance,Expense,CC-300,SYS-BATCH,System,Travel reimbursement,3013.47,0.0,Not required,
JE1080310,2,2025-04-03,2025-04-01,1110,Bank - current account,Asset,CC-300,SYS-BATCH,System,Travel reimbursement,0.0,3013.47,Not required,
JE1080374,1,2025-04-03,2025-04-01,5350,Advertisement and marketing,Expense,CC-100,SYS-BATCH,System,Marketing spend,59087.65,0.0,Not required,
JE1080374,2,2025-04-03,2025-04-01,2100,Trade payables,Liability,CC-100,SYS-BATCH,System,Marketing spend,0.0,59087.65,Not required,
JE1080468,1,2025-04-03,2025-04-03,5340,Legal and professional fees,Expense,CC-400,SYS-BATCH,System,Professional fees billed,102414.37,0.0,Not required,
JE1080468,2,2025-04-03,2025-04-03,2100,Trade payables,Liability,CC-400,SYS-BATCH,System,Professional fees billed,0.0,102414.37,Not required,
JE1080535,1,2025-04-03,2025-04-03,1200,Trade receivables,Asset,CC-100,SYS-BATCH,System,Sales invoice raised,146071.05,0.0,Not required,
JE1080535,2,2025-04-03,2025-04-03,4100,Revenue - product sales,Income,CC-100,SYS-BATCH,System,Sales invoice raised,0.0,146071.05,Not required,
JE1080611,1,2025-04-03,2025-04-03,5370,Communication expense,Expense,CC-500,SYS-BATCH,System,Telephone and internet,10153.88,0.0,Not required,
JE1080611,2,2025-04-03,2025-04-03,2110,Accrued expenses,Liability,CC-500,SYS-BATCH,System,Telephone and internet,0.0,10153.88,Not required,
JE1081269,1,2025-04-03,2025-04-02,5340,Legal and professional fees,Expense,CC-500,SYS-BATCH,System,Professional fees billed,100515.35,0.0,Not required,
JE1081269,2,2025-04-03,2025-04-02,2100,Trade payables,Liability,CC-500,SYS-BATCH,System,Professional fees billed,0.0,100515.35,Not required,
JE1081601,1,2025-04-03,2025-04-01,5210,Contract staff cost,Expense,CC-100,SYS-BATCH,System,Contract staff billing,202543.13,0.0,Not required,
JE1081601,2,2025-04-03,2025-04-01,2100,Trade payables,Liability,CC-100,SYS-BATCH,System,Contract staff billing,0.0,202543.13,Not required,
JE1081737,1,2025-04-03,2025-04-01,5500,Finance cost,Expense,CC-100,SYS-BATCH,System,Interest on borrowings,626625.26,0.0,Approved,A001
JE1081737,2,2025-04-03,2025-04-01,2310,Interest accrued but not due,Liability,CC-100,SYS-BATCH,System,Interest on borrowings,0.0,626625.26,Approved,A001
JE1081963,1,2025-04-03,2025-04-02,2100,Trade payables,Liability,CC-400,SYS-BATCH,System,Supplier payment,258664.2,0.0,Not required,
JE1081963,2,2025-04-03,2025-04-02,1110,Bank - current account,Asset,CC-400,SYS-BATCH,System,Supplier payment,0.0,258664.2,Not required,
JE1082503,1,2025-04-03,2025-04-02,5200,Employee benefit expense,Expense,CC-400,SYS-BATCH,System,Payroll for the month,1911320.75,0.0,Approved,A001
JE1082503,2,2025-04-03,2025-04-02,2120,Provision for employee benefits,Liability,CC-400,SYS-BATCH,System,Payroll for the month,0.0,1911320.75,Approved,A001
JE1082837,1,2025-04-03,2025-04-03,1110,Bank - current account,Asset,CC-200,SYS-BATCH,System,Customer receipt,31020.5,0.0,Not required,
JE1082837,2,2025-04-03,2025-04-03,1200,Trade receivables,Asset,CC-200,SYS-BATCH,System,Customer receipt,0.0,31020.5,Not required,
JE1082910,1,2025-04-03,2025-04-01,5210,Contract staff cost,Expense,CC-600,SYS-BATCH,System,Contract staff billing,163707.62,0.0,Not required,
JE1082910,2,2025-04-03,2025-04-01,2100,Trade payables,Liability,CC-600,SYS-BATCH,System,Contract staff billing,0.0,163707.62,Not required,
JE1000330,1,2025-04-04,2025-04-02,5320,Repairs and maintenance,Expense,CC-500,SYS-BATCH,System,Repairs and upkeep,39227.27,0.0,Not required,
JE1000330,2,2025-04-04,2025-04-02,2100,Trade payables,Liability,CC-500,SYS-BATCH,System,Repairs and upkeep,0.0,39227.27,Not required,
JE1000357,1,2025-04-04,2025-04-01,1600,Input GST receivable,Asset,CC-100,SYS-BATCH,System,GST input booked,66614.87,0.0,Not required,
JE1000357,2,2025-04-04,2025-04-01,2100,Trade payables,Liability,CC-100,SYS-BATCH,System,GST input booked,0.0,66614.87,Not required,
JE1000515,1,2025-04-04,2025-04-04,1200,Trade receivables,Asset,CC-400,SYS-BATCH,System,Sales invoice raised,589706.96,0.0,Approved,A003
JE1000515,2,2025-04-04,2025-04-04,4100,Revenue - product sales,Income,CC-400,SYS-BATCH,System,Sales invoice raised,0.0,589706.96,Approved,A003
JE1000927,1,2025-04-04,2025-04-03,5100,Cost of materials consumed,Expense,CC-500,U012,Manual,Purchase of raw material,293010.49,0.0,Not required,
JE1000927,2,2025-04-04,2025-04-03,2100,Trade payables,Liability,CC-500,U012,Manual,Purchase of raw material,0.0,293010.49,Not required,
JE1001785,1,2025-04-04,2025-04-04,5320,Repairs and maintenance,Expense,CC-200,SYS-BATCH,System,Repairs and upkeep,124541.75,0.0,Not required,
JE1001785,2,2025-04-04,2025-04-04,2100,Trade payables,Liability,CC-200,SYS-BATCH,System,Repairs and upkeep,0.0,124541.75,Not required,
JE1001936,1,2025-04-04,2025-04-04,5310,Power and fuel,Expense,CC-600,SYS-BATCH,System,Electricity charges,163077.04,0.0,Not required,
JE1001936,2,2025-04-04,2025-04-04,2110,Accrued expenses,Liability,CC-600,SYS-BATCH,System,Electricity charges,0.0,163077.04,Not required,
JE1001953,1,2025-04-04,2025-04-04,1200,Trade receivables,Asset,CC-500,SYS-BATCH,System,Service invoice raised,380984.37,0.0,Not required,
JE1001953,2,2025-04-04,2025-04-04,4110,Revenue - service income,Income,CC-500,SYS-BATCH,System,Service invoice raised,0.0,380984.37,Not required,
JE1002011,1,2025-04-04,2025-04-03,1200,Trade receivables,Asset,CC-300,SYS-BATCH,System,GST output booked,148284.21,0.0,Not required,
JE1002011,2,2025-04-04,2025-04-03,2200,Output GST payable,Liability,CC-300,SYS-BATCH,System,GST output booked,0.0,148284.21,Not required,
JE1002132,1,2025-04-04,2025-04-04,2100,Trade payables,Liability,CC-100,SYS-BATCH,System,Supplier payment,471283.87,0.0,Not required,
JE1002132,2,2025-04-04,2025-04-04,1110,Bank - current account,Asset,CC-100,SYS-BATCH,System,Supplier payment,0.0,471283.87,Not required,
JE1002796,1,2025-04-04,2025-04-03,1110,Bank - current account,Asset,CC-400,SYS-BATCH,System,Customer receipt,281378.75,0.0,Not required,
JE1002796,2,2025-04-04,2025-04-03,1200,Trade receivables,Asset,CC-400,SYS-BATCH,System,Customer receipt,0.0,281378.75,Not required,
JE1002963,1,2025-04-04,2025-04-04,5100,Cost of materials consumed,Expense,CC-600,SYS-BATCH,System,Purchase of raw material,11816.61,0.0,Not required,
JE1002963,2,2025-04-04,2025-04-04,2100,Trade payables,Liability,CC-600,SYS-BATCH,System,Purchase of raw material,0.0,11816.61,Not required,
JE1003659,1,2025-04-04,2025-04-04,1110,Bank - current account,Asset,CC-400,SYS-BATCH,System,Customer receipt,282554.85,0.0,Not required,
JE1003659,2,2025-04-04,2025-04-04,1200,Trade receivables,Asset,CC-400,SYS-BATCH,System,Customer receipt,0.0,282554.85,Not required,
JE1003909,1,2025-04-04,2025-04-04,1200,Trade receivables,Asset,CC-100,SYS-BATCH,System,Service invoice raised,320286.57,0.0,Not required,
JE1003909,2,2025-04-04,2025-04-04,4110,Revenue - service income,Income,CC-100,SYS-BATCH,System,Service invoice raised,0.0,320286.57,Not required,
JE1004016,1,2025-04-04,2025-04-04,1110,Bank - current account,Asset,CC-300,SYS-BATCH,System,Customer receipt,243954.79,0.0,Not required,
JE1004016,2,2025-04-04,2025-04-04,1200,Trade receivables,Asset,CC-300,SYS-BATCH,System,Customer receipt,0.0,243954.79,Not required,
JE1004116,1,2025-04-04,2025-04-03,1200,Trade receivables,Asset,CC-400,SYS-BATCH,System,Sales invoice raised,840323.31,0.0,Approved,A001
JE1004116,2,2025-04-04,2025-04-03,4100,Revenue - product sales,Income,CC-400,SYS-BATCH,System,Sales invoice raised,0.0,840323.31,Approved,A001
JE1004653,1,2025-04-04,2025-04-01,1200,Trade receivables,Asset,CC-500,SYS-BATCH,System,GST output booked,13303.68,0.0,Not required,
JE1004653,2,2025-04-04,2025-04-01,2200,Output GST payable,Liability,CC-500,SYS-BATCH,System,GST output booked,0.0,13303.68,Not required,
JE1004690,1,2025-04-04,2025-04-03,5200,Employee benefit expense,Expense,CC-500,SYS-BATCH,System,Payroll for the month,2961021.44,0.0,Approved,A002
JE1004690,2,2025-04-04,2025-04-03,2120,Provision for employee benefits,Liability,CC-500,SYS-BATCH,System,Payroll for the month,0.0,2961021.44,Approved,A002
JE1005037,1,2025-04-04,2025-04-04,5350,Advertisement and marketing,Expense,CC-100,SYS-BATCH,System,Marketing spend,82240.69,0.0,Not required,
JE1005037,2,2025-04-04,2025-04-04,2100,Trade payables,Liability,CC-100,SYS-BATCH,System,Marketing spend,0.0,82240.69,Not required,
JE1005266,1,2025-04-04,2025-04-03,5300,Rent expense,Expense,CC-300,SYS-BATCH,System,Rent for the period,348006.48,0.0,Not required,
JE1005266,2,2025-04-04,2025-04-03,2110,Accrued expenses,Liability,CC-300,SYS-BATCH,System,Rent for the period,0.0,348006.48,Not required,
JE1005741,1,2025-04-04,2025-04-04,5210,Contract staff cost,Expense,CC-200,SYS-BATCH,System,Contract staff billing,222860.05,0.0,Not required,
JE1005741,2,2025-04-04,2025-04-04,2100,Trade payables,Liability,CC-200,SYS-BATCH,System,Contract staff billing,0.0,222860.05,Not required,
JE1006172,1,2025-04-04,2025-04-04,5100,Cost of materials consumed,Expense,CC-400,SYS-BATCH,System,Purchase of raw material,168075.7,0.0,Not required,
JE1006172,2,2025-04-04,2025-04-04,2100,Trade payables,Liability,CC-400,SYS-BATCH,System,Purchase of raw material,0.0,168075.7,Not required,
JE1006341,1,2025-04-04,2025-04-04,1200,Trade receivables,Asset,CC-100,SYS-BATCH,System,Sales invoice raised,773379.07,0.0,Approved,A003
JE1006341,2,2025-04-04,2025-04-04,4100,Revenue - product sales,Income,CC-100,SYS-BATCH,System,Sales invoice raised,0.0,773379.07,Approved,A003
JE1006356,1,2025-04-04,2025-04-04,1200,Trade receivables,Asset,CC-400,SYS-BATCH,System,Service invoice raised,299387.47,0.0,Not required,
JE1006356,2,2025-04-04,2025-04-04,4110,Revenue - service income,Income,CC-400,SYS-BATCH,System,Service invoice raised,0.0,299387.47,Not required,
JE1006597,1,2025-04-04,2025-04-02,1200,Trade receivables,Asset,CC-300,SYS-BATCH,System,GST output booked,31305.95,0.0,Not required,
JE1006597,2,2025-04-04,2025-04-02,2200,Output GST payable,Liability,CC-300,SYS-BATCH,System,GST output booked,0.0,31305.95,Not required,
JE1006773,1,2025-04-04,2025-04-04,5200,Employee benefit expense,Expense,CC-300,SYS-BATCH,System,Payroll for the month,3037015.85,0.0,Approved,A001
JE1006773,2,2025-04-04,2025-04-04,2120,Provision for employee benefits,Liability,CC-300,SYS-BATCH,System,Payroll for the month,0.0,3037015.85,Approved,A001
JE1007431,1,2025-04-04,2025-04-04,5310,Power and fuel,Expense,CC-200,U001,Manual,Electricity charges,234134.33,0.0,Not required,
JE1007431,2,2025-04-04,2025-04-04,2110,Accrued expenses,Liability,CC-200,U001,Manual,Electricity charges,0.0,234134.33,Not required,
JE1007524,1,2025-04-04,2025-04-04,5330,Travel and conveyance,Expense,CC-100,SYS-BATCH,System,Travel reimbursement,3891.71,0.0,Not required,
JE1007524,2,2025-04-04,2025-04-04,1110,Bank - current account,Asset,CC-100,SYS-BATCH,System,Travel reimbursement,0.0,3891.71,Not required,
JE1007585,1,2025-04-04,2025-04-03,5300,Rent expense,Expense,CC-600,SYS-BATCH,System,Rent for the period,358284.26,0.0,Not required,
JE1007585,2,2025-04-04,2025-04-03,2110,Accrued expenses,Liability,CC-600,SYS-BATCH,System,Rent for the period,0.0,358284.26,Not required,
JE1007860,1,2025-04-04,2025-04-04,1110,Bank - current account,Asset,CC-300,SYS-BATCH,System,Customer receipt,67445.49,0.0,Not required,
JE1007860,2,2025-04-04,2025-04-04,1200,Trade receivables,Asset,CC-300,SYS-BATCH,System,Customer receipt,0.0,67445.49,Not required,
JE1008099,1,2025-04-04,2025-04-01,5210,Contract staff cost,Expense,CC-100,SYS-BATCH,System,Contract staff billing,266057.96,0.0,Not required,
JE1008099,2,2025-04-04,2025-04-01,2100,Trade payables,Liability,CC-100,SYS-BATCH,System,Contract staff billing,0.0,266057.96,Not required,
JE1008185,1,2025-04-04,2025-04-04,1600,Input GST receivable,Asset,CC-600,SYS-BATCH,System,GST input booked,83485.12,0.0,Not required,
JE1008185,2,2025-04-04,2025-04-04,2100,Trade payables,Liability,CC-600,SYS-BATCH,System,GST input booked,0.0,83485.12,Not required,
JE1009012,1,2025-04-04,2025-04-04,1110,Bank - current account,Asset,CC-300,SYS-BATCH,System,Customer receipt,803309.73,0.0,Approved,A003
JE1009012,2,2025-04-04,2025-04-04,1200,Trade receivables,Asset,CC-300,SYS-BATCH,System,Customer receipt,0.0,803309.73,Approved,A003
JE1009155,1,2025-04-04,2025-04-02,1200,Trade receivables,Asset,CC-600,SYS-BATCH,System,Service invoice raised,58130.17,0.0,Not required,
JE1009155,2,2025-04-04,2025-04-02,4110,Revenue - service income,Income,CC-600,SYS-BATCH,System,Service invoice raised,0.0,58130.17,Not required,
JE1009243,1,2025-04-04,2025-04-04,1200,Trade receivables,Asset,CC-200,SYS-BATCH,System,GST output booked,129078.87,0.0,Not required,
JE1009243,2,2025-04-04,2025-04-04,2200,Output GST payable,Liability,CC-200,SYS-BATCH,System,GST output booked,0.0,129078.87,Not required,
JE1009350,1,2025-04-04,2025-04-03,1200,Trade receivables,Asset,CC-400,SYS-BATCH,System,Sales invoice raised,146860.65,0.0,Not required,
JE1009350,2,2025-04-04,2025-04-03,4100,Revenue - product sales,Income,CC-400,SYS-BATCH,System,Sales invoice raised,0.0,146860.65,Not required,
JE1009839,1,2025-04-04,2025-04-04,1110,Bank - current account,Asset,CC-400,SYS-BATCH,System,Customer receipt,811023.91,0.0,Approved,A002
JE1009839,2,2025-04-04,2025-04-04,1200,Trade receivables,Asset,CC-400,SYS-BATCH,System,Customer receipt,0.0,811023.91,Approved,A002
JE1010273,1,2025-04-04,2025-04-04,2100,Trade payables,Liability,CC-300,SYS-BATCH,System,Supplier payment,570886.49,0.0,Approved,A002
JE1010273,2,2025-04-04,2025-04-04,1110,Bank - current account,Asset,CC-300,SYS-BATCH,System,Supplier payment,0.0,570886.49,Approved,A002
JE1010315,1,2025-04-04,2025-04-03,5370,Communication expense,Expense,CC-500,SYS-BATCH,System,Telephone and internet,26785.14,0.0,Not required,
JE1010315,2,2025-04-04,2025-04-03,2110,Accrued expenses,Liability,CC-500,SYS-BATCH,System,Telephone and internet,0.0,26785.14,Not required,
JE1010634,1,2025-04-04,2025-04-03,5210,Contract staff cost,Expense,CC-300,SYS-BATCH,System,Contract staff billing,45172.86,0.0,Not required,
JE1010634,2,2025-04-04,2025-04-03,2100,Trade payables,Liability,CC-300,SYS-BATCH,System,Contract staff billing,0.0,45172.86,Not required,
JE1010729,1,2025-04-04,2025-04-01,5100,Cost of materials consumed,Expense,CC-600,SYS-BATCH,System,Purchase of raw material,54746.74,0.0,Not required,
JE1010729,2,2025-04-04,2025-04-01,2100,Trade payables,Liability,CC-600,SYS-BATCH,System,Purchase of raw material,0.0,54746.74,Not required,
JE1011167,1,2025-04-04,2025-04-03,1200,Trade receivables,Asset,CC-300,U013,Manual,Sales invoice raised,82815.37,0.0,Not required,
JE1011167,2,2025-04-04,2025-04-03,4100,Revenue - product sales,Income,CC-300,U013,Manual,Sales invoice raised,0.0,82815.37,Not required,
JE1011173,1,2025-04-04,2025-04-04,5320,Repairs and maintenance,Expense,CC-600,SYS-BATCH,System,Repairs and upkeep,127317.19,0.0,Not required,
JE1011173,2,2025-04-04,2025-04-04,2100,Trade payables,Liability,CC-600,SYS-BATCH,System,Repairs and upkeep,0.0,127317.19,Not required,
JE1011241,1,2025-04-04,2025-04-04,1600,Input GST receivable,Asset,CC-400,SYS-BATCH,System,GST input booked,92481.29,0.0,Not required,
JE1011241,2,2025-04-04,2025-04-04,2100,Trade payables,Liability,CC-400,SYS-BATCH,System,GST input booked,0.0,92481.29,Not required,
JE1011325,1,2025-04-04,2025-04-04,2100,Trade payables,Liability,CC-200,SYS-BATCH,System,TDS deducted on payment,48736.62,0.0,Not required,
JE1011325,2,2025-04-04,2025-04-04,2210,TDS payable,Liability,CC-200,SYS-BATCH,System,TDS deducted on payment,0.0,48736.62,Not required,
JE1011491,1,2025-04-04,2025-04-04,5100,Cost of materials consumed,Expense,CC-300,SYS-BATCH,System,Purchase of raw material,300854.16,0.0,Not required,
JE1011491,2,2025-04-04,2025-04-04,2100,Trade payables,Liability,CC-300,SYS-BATCH,System,Purchase of raw material,0.0,300854.16,Not required,
JE1011690,1,2025-04-04,2025-04-02,5400,Depreciation and amortisation,Expense,CC-300,SYS-BATCH,System,Depreciation charge,780306.19,0.0,Approved,A003
JE1011690,2,2025-04-04,2025-04-02,1510,Accumulated depreciation,Asset,CC-300,SYS-BATCH,System,Depreciation charge,0.0,780306.19,Approved,A003
JE1011833,1,2025-04-04,2025-04-04,5100,Cost of materials consumed,Expense,CC-100,SYS-BATCH,System,Purchase of raw material,491192.43,0.0,Not required,
JE1011833,2,2025-04-04,2025-04-04,2100,Trade payables,Liability,CC-100,SYS-BATCH,System,Purchase of raw material,0.0,491192.43,Not required,
JE1011928,1,2025-04-04,2025-04-04,5400,Depreciation and amortisation,Expense,CC-100,SYS-BATCH,System,Depreciation charge,214489.37,0.0,Not required,
JE1011928,2,2025-04-04,2025-04-04,1510,Accumulated depreciation,Asset,CC-100,SYS-BATCH,System,Depreciation charge,0.0,214489.37,Not required,
JE1012761,1,2025-04-04,2025-04-03,1110,Bank - current account,Asset,CC-600,SYS-BATCH,System,Customer receipt,852261.85,0.0,Approved,A002
JE1012761,2,2025-04-04,2025-04-03,1200,Trade receivables,Asset,CC-600,SYS-BATCH,System,Customer receipt,0.0,852261.85,Approved,A002
JE1012956,1,2025-04-04,2025-04-03,5330,Travel and conveyance,Expense,CC-400,SYS-BATCH,System,Travel reimbursement,53845.17,0.0,Not required,
JE1012956,2,2025-04-04,2025-04-03,1110,Bank - current account,Asset,CC-400,SYS-BATCH,System,Travel reimbursement,0.0,53845.17,Not required,
JE1013104,1,2025-04-04,2025-04-04,5360,Insurance,Expense,CC-500,SYS-BATCH,System,Insurance premium,268337.33,0.0,Not required,
JE1013104,2,2025-04-04,2025-04-04,1400,Prepaid expenses,Asset,CC-500,SYS-BATCH,System,Insurance premium,0.0,268337.33,Not required,
JE1013278,1,2025-04-04,2025-04-02,1200,Trade receivables,Asset,CC-100,SYS-BATCH,System,Sales invoice raised,763651.85,0.0,Approved,A001
JE1013278,2,2025-04-04,2025-04-02,4100,Revenue - product sales,Income,CC-100,SYS-BATCH,System,Sales invoice raised,0.0,763651.85,Approved,A001
JE1013671,1,2025-04-04,2025-04-04,5370,Communication expense,Expense,CC-200,SYS-BATCH,System,Telephone and internet,59840.64,0.0,Not required,
JE1013671,2,2025-04-04,2025-04-04,2110,Accrued expenses,Liability,CC-200,SYS-BATCH,System,Telephone and internet,0.0,59840.64,Not required,
JE1013757,1,2025-04-04,2025-04-03,2100,Trade payables,Liability,CC-200,SYS-BATCH,System,Supplier payment,172978.35,0.0,Not required,
JE1013757,2,2025-04-04,2025-04-03,1110,Bank - current account,Asset,CC-200,SYS-BATCH,System,Supplier payment,0.0,172978.35,Not required,
JE1013798,1,2025-04-04,2025-04-04,5310,Power and fuel,Expense,CC-200,SYS-BATCH,System,Electricity charges,119218.42,0.0,Not required,
JE1013798,2,2025-04-04,2025-04-04,2110,Accrued expenses,Liability,CC-200,SYS-BATCH,System,Electricity charges,0.0,119218.42,Not required,
JE1013842,1,2025-04-04,2025-04-04,5200,Employee benefit expense,Expense,CC-600,SYS-BATCH,System,Payroll for the month,629695.03,0.0,Approved,A001
JE1013842,2,2025-04-04,2025-04-04,2120,Provision for employee benefits,Liability,CC-600,SYS-BATCH,System,Payroll for the month,0.0,629695.03,Approved,A001
JE1014466,1,2025-04-04,2025-04-04,5380,Printing and stationery,Expense,CC-600,SYS-BATCH,System,Stationery purchase,4168.8,0.0,Not required,
JE1014466,2,2025-04-04,2025-04-04,2100,Trade payables,Liability,CC-600,SYS-BATCH,System,Stationery purchase,0.0,4168.8,Not required,
JE1014824,1,2025-04-04,2025-04-04,5200,Employee benefit expense,Expense,CC-600,SYS-BATCH,System,Payroll for the month,1064821.71,0.0,Approved,A003
JE1014824,2,2025-04-04,2025-04-04,2120,Provision for employee benefits,Liability,CC-600,SYS-BATCH,System,Payroll for the month,0.0,1064821.71,Approved,A003
JE1014853,1,2025-04-04,2025-04-04,1110,Bank - current account,Asset,CC-100,U005,Manual,Customer receipt,449865.93,0.0,Not required,
JE1014853,2,2025-04-04,2025-04-04,1200,Trade receivables,Asset,CC-100,U005,Manual,Customer receipt,0.0,449865.93,Not required,
JE1014900,1,2025-04-04,2025-04-04,5330,Travel and conveyance,Expense,CC-200,SYS-BATCH,System,Travel reimbursement,21405.28,0.0,Not required,
JE1014900,2,2025-04-04,2025-04-04,1110,Bank - current account,Asset,CC-200,SYS-BATCH,System,Travel reimbursement,0.0,21405.28,Not required,
JE1015319,1,2025-04-04,2025-04-03,5330,Travel and conveyance,Expense,CC-200,SYS-BATCH,System,Travel reimbursement,88544.33,0.0,Not required,
JE1015319,2,2025-04-04,2025-04-03,1110,Bank - current account,Asset,CC-200,SYS-BATCH,System,Travel reimbursement,0.0,88544.33,Not required,
JE1015623,1,2025-04-04,2025-04-02,1200,Trade receivables,Asset,CC-300,U018,Manual,Sales invoice raised,850906.24,0.0,Approved,A001
JE1015623,2,2025-04-04,2025-04-02,4100,Revenue - product sales,Income,CC-300,U018,Manual,Sales invoice raised,0.0,850906.24,Approved,A001
JE1015870,1,2025-04-04,2025-04-04,1110,Bank - current account,Asset,CC-100,SYS-BATCH,System,Customer receipt,663687.69,0.0,Approved,A003
JE1015870,2,2025-04-04,2025-04-04,1200,Trade receivables,Asset,CC-100,SYS-BATCH,System,Customer receipt,0.0,663687.69,Approved,A003
JE1015986,1,2025-04-04,2025-04-03,1110,Bank - current account,Asset,CC-400,SYS-BATCH,System,Customer receipt,443083.72,0.0,Not required,
JE1015986,2,2025-04-04,2025-04-03,1200,Trade receivables,Asset,CC-400,SYS-BATCH,System,Customer receipt,0.0,443083.72,Not required,
JE1016222,1,2025-04-04,2025-04-04,5310,Power and fuel,Expense,CC-500,SYS-BATCH,System,Electricity charges,87174.05,0.0,Not required,
JE1016222,2,2025-04-04,2025-04-04,2110,Accrued expenses,Liability,CC-500,SYS-BATCH,System,Electricity charges,0.0,87174.05,Not required,
JE1016372,1,2025-04-04,2025-04-02,1200,Trade receivables,Asset,CC-200,SYS-BATCH,System,Sales invoice raised,42837.46,0.0,Not required,
JE1016372,2,2025-04-04,2025-04-02,4100,Revenue - product sales,Income,CC-200,SYS-BATCH,System,Sales invoice raised,0.0,42837.46,Not required,
JE1016438,1,2025-04-04,2025-04-04,1410,Advance to suppliers,Asset,CC-600,SYS-BATCH,System,Advance to supplier,380422.73,0.0,Not required,
JE1016438,2,2025-04-04,2025-04-04,1110,Bank - current account,Asset,CC-600,SYS-BATCH,System,Advance to supplier,0.0,380422.73,Not required,
JE1016756,1,2025-04-04,2025-04-03,5100,Cost of materials consumed,Expense,CC-100,SYS-BATCH,System,Purchase of raw material,478737.14,0.0,Not required,
JE1016756,2,2025-04-04,2025-04-03,2100,Trade payables,Liability,CC-100,SYS-BATCH,System,Purchase of raw material,0.0,478737.14,Not required,
JE1016828,1,2025-04-04,2025-04-03,5200,Employee benefit expense,Expense,CC-100,SYS-BATCH,System,Payroll for the month,905329.37,0.0,Approved,A003
JE1016828,2,2025-04-04,2025-04-03,2120,Provision for employee benefits,Liability,CC-100,SYS-BATCH,System,Payroll for the month,0.0,905329.37,Approved,A003
JE1016832,1,2025-04-04,2025-04-03,2100,Trade payables,Liability,CC-400,U019,Manual,Supplier payment,220659.67,0.0,Not required,
JE1016832,2,2025-04-04,2025-04-03,1110,Bank - current account,Asset,CC-400,U019,Manual,Supplier payment,0.0,220659.67,Not required,
JE1016960,1,2025-04-04,2025-04-01,5200,Employee benefit expense,Expense,CC-100,SYS-BATCH,System,Payroll for the month,1859197.62,0.0,Approved,A003
JE1016960,2,2025-04-04,2025-04-01,2120,Provision for employee benefits,Liability,CC-100,SYS-BATCH,System,Payroll for the month,0.0,1859197.62,Approved,A003
JE1017180,1,2025-04-04,2025-04-04,1110,Bank - current account,Asset,CC-500,SYS-BATCH,System,Customer receipt,552964.97,0.0,Approved,A003
JE1017180,2,2025-04-04,2025-04-04,1200,Trade receivables,Asset,CC-500,SYS-BATCH,System,Customer receipt,0.0,552964.97,Approved,A003
JE1017358,1,2025-04-04,2025-04-04,1200,Trade receivables,Asset,CC-600,SYS-BATCH,System,Service invoice raised,533806.36,0.0,Approved,A003
JE1017358,2,2025-04-04,2025-04-04,4110,Revenue - service income,Income,CC-600,SYS-BATCH,System,Service invoice raised,0.0,533806.36,Approved,A003
JE1017604,1,2025-04-04,2025-04-01,1110,Bank - current account,Asset,CC-400,SYS-BATCH,System,Customer receipt,590257.85,0.0,Approved,A001
JE1017604,2,2025-04-04,2025-04-01,1200,Trade receivables,Asset,CC-400,SYS-BATCH,System,Customer receipt,0.0,590257.85,Approved,A001
JE1017608,1,2025-04-04,2025-04-04,5100,Cost of materials consumed,Expense,CC-100,SYS-BATCH,System,Purchase of raw material,219633.41,0.0,Not required,
JE1017608,2,2025-04-04,2025-04-04,2100,Trade payables,Liability,CC-100,SYS-BATCH,System,Purchase of raw material,0.0,219633.41,Not required,
JE1017785,1,2025-04-04,2025-04-01,2100,Trade payables,Liability,CC-600,SYS-BATCH,System,TDS deducted on payment,58872.43,0.0,Not required,
JE1017785,2,2025-04-04,2025-04-01,2210,TDS payable,Liability,CC-600,SYS-BATCH,System,TDS deducted on payment,0.0,58872.43,Not required,
JE1017805,1,2025-04-04,2025-04-03,1200,Trade receivables,Asset,CC-600,SYS-BATCH,System,Sales invoice raised,252985.84,0.0,Not required,
JE1017805,2,2025-04-04,2025-04-03,4100,Revenue - product sales,Income,CC-600,SYS-BATCH,System,Sales invoice raised,0.0,252985.84,Not required,
JE1017969,1,2025-04-04,2025-04-04,5100,Cost of materials consumed,Expense,CC-500,SYS-BATCH,System,Purchase of raw material,234533.95,0.0,Not required,
JE1017969,2,2025-04-04,2025-04-04,2100,Trade payables,Liability,CC-500,SYS-BATCH,System,Purchase of raw material,0.0,234533.95,Not required,
JE1018237,1,2025-04-04,2025-04-01,1200,Trade receivables,Asset,CC-300,SYS-BATCH,System,GST output booked,140566.91,0.0,Not required,
JE1018237,2,2025-04-04,2025-04-01,2200,Output GST payable,Liability,CC-300,SYS-BATCH,System,GST output booked,0.0,140566.91,Not required,
JE1018308,1,2025-04-04,2025-04-04,5330,Travel and conveyance,Expense,CC-500,SYS-BATCH,System,Travel reimbursement,78888.66,0.0,Not required,
JE1018308,2,2025-04-04,2025-04-04,1110,Bank - current account,Asset,CC-500,SYS-BATCH,System,Travel reimbursement,0.0,78888.66,Not required,
JE1018604,1,2025-04-04,2025-04-03,5210,Contract staff cost,Expense,CC-600,SYS-BATCH,System,Contract staff billing,182978.3,0.0,Not required,
JE1018604,2,2025-04-04,2025-04-03,2100,Trade payables,Liability,CC-600,SYS-BATCH,System,Contract staff billing,0.0,182978.3,Not required,
JE1019495,1,2025-04-04,2025-04-03,1200,Trade receivables,Asset,CC-500,U018,Manual,Sales invoice raised,690306.31,0.0,Approved,A002
JE1019495,2,2025-04-04,2025-04-03,4100,Revenue - product sales,Income,CC-500,U018,Manual,Sales invoice raised,0.0,690306.31,Approved,A002
JE1020031,1,2025-04-04,2025-04-04,5340,Legal and professional fees,Expense,CC-400,SYS-BATCH,System,Professional fees billed,166289.59,0.0,Not required,
JE1020031,2,2025-04-04,2025-04-04,2100,Trade payables,Liability,CC-400,SYS-BATCH,System,Professional fees billed,0.0,166289.59,Not required,
JE1020094,1,2025-04-04,2025-04-02,1200,Trade receivables,Asset,CC-300,SYS-BATCH,System,Sales invoice raised,570350.36,0.0,Approved,A002
JE1020094,2,2025-04-04,2025-04-02,4100,Revenue - product sales,Income,CC-300,SYS-BATCH,System,Sales invoice raised,0.0,570350.36,Approved,A002
JE1020214,1,2025-04-04,2025-04-04,1200,Trade receivables,Asset,CC-200,SYS-BATCH,System,Service invoice raised,409862.33,0.0,Not required,
JE1020214,2,2025-04-04,2025-04-04,4110,Revenue - service income,Income,CC-200,SYS-BATCH,System,Service invoice raised,0.0,409862.33,Not required,
JE1020588,1,2025-04-04,2025-04-04,2100,Trade payables,Liability,CC-100,SYS-BATCH,System,Supplier payment,96977.17,0.0,Not required,
JE1020588,2,2025-04-04,2025-04-04,1110,Bank - current account,Asset,CC-100,SYS-BATCH,System,Supplier payment,0.0,96977.17,Not required,
JE1020658,1,2025-04-04,2025-04-04,1200,Trade receivables,Asset,CC-100,SYS-BATCH,System,Sales invoice raised,802546.35,0.0,Approved,A003
JE1020658,2,2025-04-04,2025-04-04,4100,Revenue - product sales,Income,CC-100,SYS-BATCH,System,Sales invoice raised,0.0,802546.35,Approved,A003
JE1021251,1,2025-04-04,2025-04-04,5100,Cost of materials consumed,Expense,CC-100,U017,Manual,Purchase of raw material,249130.92,0.0,Not required,
JE1021251,2,2025-04-04,2025-04-04,2100,Trade payables,Liability,CC-100,U017,Manual,Purchase of raw material,0.0,249130.92,Not required,
JE1021759,1,2025-04-04,2025-04-04,1110,Bank - current account,Asset,CC-600,SYS-BATCH,System,Customer receipt,35155.59,0.0,Not required,
JE1021759,2,2025-04-04,2025-04-04,1200,Trade receivables,Asset,CC-600,SYS-BATCH,System,Customer receipt,0.0,35155.59,Not required,
JE1021800,1,2025-04-04,2025-04-04,1110,Bank - current account,Asset,CC-500,SYS-BATCH,System,Customer receipt,509022.59,0.0,Approved,A002
JE1021800,2,2025-04-04,2025-04-04,1200,Trade receivables,Asset,CC-500,SYS-BATCH,System,Customer receipt,0.0,509022.59,Approved,A002
JE1021945,1,2025-04-04,2025-04-02,5320,Repairs and maintenance,Expense,CC-300,SYS-BATCH,System,Repairs and upkeep,55539.72,0.0,Not required,
JE1021945,2,2025-04-04,2025-04-02,2100,Trade payables,Liability,CC-300,SYS-BATCH,System,Repairs and upkeep,0.0,55539.72,Not required,
JE1022169,1,2025-04-04,2025-04-02,1200,Trade receivables,Asset,CC-500,SYS-BATCH,System,Service invoice raised,96473.89,0.0,Not required,
JE1022169,2,2025-04-04,2025-04-02,4110,Revenue - service income,Income,CC-500,SYS-BATCH,System,Service invoice raised,0.0,96473.89,Not required,
JE1022335,1,2025-04-04,2025-04-01,1200,Trade receivables,Asset,CC-400,SYS-BATCH,System,Sales invoice raised,379129.91,0.0,Not required,
JE1022335,2,2025-04-04,2025-04-01,4100,Revenue - product sales,Income,CC-400,SYS-BATCH,System,Sales invoice raised,0.0,379129.91,Not required,
JE1023571,1,2025-04-04,2025-04-02,5330,Travel and conveyance,Expense,CC-300,SYS-BATCH,System,Travel reimbursement,58898.13,0.0,Not required,
JE1023571,2,2025-04-04,2025-04-02,1110,Bank - current account,Asset,CC-300,SYS-BATCH,System,Travel reimbursement,0.0,58898.13,Not required,
JE1023696,1,2025-04-04,2025-04-01,1200,Trade receivables,Asset,CC-100,SYS-BATCH,System,Service invoice raised,74082.96,0.0,Not required,
JE1023696,2,2025-04-04,2025-04-01,4110,Revenue - service income,Income,CC-100,SYS-BATCH,System,Service invoice raised,0.0,74082.96,Not required,
JE1023794,1,2025-04-04,2025-04-04,1410,Advance to suppliers,Asset,CC-400,U012,Manual,Advance to supplier,392385.87,0.0,Not required,
JE1023794,2,2025-04-04,2025-04-04,1110,Bank - current account,Asset,CC-400,U012,Manual,Advance to supplier,0.0,392385.87,Not required,
JE1024577,1,2025-04-04,2025-04-04,5100,Cost of materials consumed,Expense,CC-100,SYS-BATCH,System,Purchase of raw material,62889.22,0.0,Not required,
JE1024577,2,2025-04-04,2025-04-04,2100,Trade payables,Liability,CC-100,SYS-BATCH,System,Purchase of raw material,0.0,62889.22,Not required,
JE1024855,1,2025-04-04,2025-04-03,1110,Bank - current account,Asset,CC-200,U003,Manual,Customer receipt,111768.02,0.0,Not required,
JE1024855,2,2025-04-04,2025-04-03,1200,Trade receivables,Asset,CC-200,U003,Manual,Customer receipt,0.0,111768.02,Not required,
JE1025365,1,2025-04-04,2025-04-04,1200,Trade receivables,Asset,CC-400,SYS-BATCH,System,Sales invoice raised,682159.42,0.0,Approved,A003
JE1025365,2,2025-04-04,2025-04-04,4100,Revenue - product sales,Income,CC-400,SYS-BATCH,System,Sales invoice raised,0.0,682159.42,Approved,A003
JE1025601,1,2025-04-04,2025-04-03,1200,Trade receivables,Asset,CC-600,SYS-BATCH,System,Sales invoice raised,79785.38,0.0,Not required,
JE1025601,2,2025-04-04,2025-04-03,4100,Revenue - product sales,Income,CC-600,SYS-BATCH,System,Sales invoice raised,0.0,79785.38,Not required,
JE1025752,1,2025-04-04,2025-04-04,5370,Communication expense,Expense,CC-100,SYS-BATCH,System,Telephone and internet,10843.38,0.0,Not required,
JE1025752,2,2025-04-04,2025-04-04,2110,Accrued expenses,Liability,CC-100,SYS-BATCH,System,Telephone and internet,0.0,10843.38,Not required,
JE1025797,1,2025-04-04,2025-04-01,1110,Bank - current account,Asset,CC-200,SYS-BATCH,System,Customer receipt,17156.45,0.0,Not required,
JE1025797,2,2025-04-04,2025-04-01,1200,Trade receivables,Asset,CC-200,SYS-BATCH,System,Customer receipt,0.0,17156.45,Not required,
JE1025832,1,2025-04-04,2025-04-02,1200,Trade receivables,Asset,CC-100,SYS-BATCH,System,GST output booked,118886.41,0.0,Not required,
JE1025832,2,2025-04-04,2025-04-02,2200,Output GST payable,Liability,CC-100,SYS-BATCH,System,GST output booked,0.0,118886.41,Not required,
JE1026236,1,2025-04-04,2025-04-02,2100,Trade payables,Liability,CC-500,SYS-BATCH,System,Supplier payment,364711.54,0.0,Not required,
JE1026236,2,2025-04-04,2025-04-02,1110,Bank - current account,Asset,CC-500,SYS-BATCH,System,Supplier payment,0.0,364711.54,Not required,
JE1026338,1,2025-04-04,2025-04-04,2100,Trade payables,Liability,CC-200,U012,Manual,Supplier payment,149691.61,0.0,Not required,
JE1026338,2,2025-04-04,2025-04-04,1110,Bank - current account,Asset,CC-200,U012,Manual,Supplier payment,0.0,149691.61,Not required,
JE1026685,1,2025-04-04,2025-04-02,5500,Finance cost,Expense,CC-100,SYS-BATCH,System,Interest on borrowings,56027.58,0.0,Not required,
JE1026685,2,2025-04-04,2025-04-02,2310,Interest accrued but not due,Liability,CC-100,SYS-BATCH,System,Interest on borrowings,0.0,56027.58,Not required,
JE1026746,1,2025-04-04,2025-04-04,5210,Contract staff cost,Expense,CC-300,SYS-BATCH,System,Contract staff billing,339609.6,0.0,Not required,
JE1026746,2,2025-04-04,2025-04-04,2100,Trade payables,Liability,CC-300,SYS-BATCH,System,Contract staff billing,0.0,339609.6,Not required,
JE1026938,1,2025-04-04,2025-04-04,5200,Employee benefit expense,Expense,CC-300,SYS-BATCH,System,Payroll for the month,2189349.84,0.0,Approved,A003
JE1026938,2,2025-04-04,2025-04-04,2120,Provision for employee benefits,Liability,CC-300,SYS-BATCH,System,Payroll for the month,0.0,2189349.84,Approved,A003
JE1027419,1,2025-04-04,2025-04-04,1600,Input GST receivable,Asset,CC-600,SYS-BATCH,System,GST input booked,21925.45,0.0,Not required,
JE1027419,2,2025-04-04,2025-04-04,2100,Trade payables,Liability,CC-600,SYS-BATCH,System,GST input booked,0.0,21925.45,Not required,
JE1027496,1,2025-04-04,2025-04-02,1600,Input GST receivable,Asset,CC-200,SYS-BATCH,System,GST input booked,9890.07,0.0,Not required,
JE1027496,2,2025-04-04,2025-04-02,2100,Trade payables,Liability,CC-200,SYS-BATCH,System,GST input booked,0.0,9890.07,Not required,
JE1027558,1,2025-04-04,2025-04-03,1110,Bank - current account,Asset,CC-400,SYS-BATCH,System,Customer receipt,698424.71,0.0,Approved,A003
JE1027558,2,2025-04-04,2025-04-03,1200,Trade receivables,Asset,CC-400,SYS-BATCH,System,Customer receipt,0.0,698424.71,Approved,A003
JE1027658,1,2025-04-04,2025-04-04,1600,Input GST receivable,Asset,CC-300,SYS-BATCH,System,GST input booked,106869.21,0.0,Not required,
JE1027658,2,2025-04-04,2025-04-04,2100,Trade payables,Liability,CC-300,SYS-BATCH,System,GST input booked,0.0,106869.21,Not required,
JE1027694,1,2025-04-04,2025-04-01,1110,Bank - current account,Asset,CC-300,SYS-BATCH,System,Customer receipt,128343.09,0.0,Not required,
JE1027694,2,2025-04-04,2025-04-01,1200,Trade receivables,Asset,CC-300,SYS-BATCH,System,Customer receipt,0.0,128343.09,Not required,
JE1027731,1,2025-04-04,2025-04-03,1110,Bank - current account,Asset,CC-200,SYS-BATCH,System,Customer receipt,373423.11,0.0,Not required,
JE1027731,2,2025-04-04,2025-04-03,1200,Trade receivables,Asset,CC-200,SYS-BATCH,System,Customer receipt,0.0,373423.11,Not required,
JE1027778,1,2025-04-04,2025-04-03,1110,Bank - current account,Asset,CC-600,SYS-BATCH,System,Customer receipt,641440.17,0.0,Approved,A002
JE1027778,2,2025-04-04,2025-04-03,1200,Trade receivables,Asset,CC-600,SYS-BATCH,System,Customer receipt,0.0,641440.17,Approved,A002
JE1028008,1,2025-04-04,2025-04-04,1110,Bank - current account,Asset,CC-300,SYS-BATCH,System,Customer receipt,738426.68,0.0,Approved,A001
JE1028008,2,2025-04-04,2025-04-04,1200,Trade receivables,Asset,CC-300,SYS-BATCH,System,Customer receipt,0.0,738426.68,Approved,A001
JE1028061,1,2025-04-04,2025-04-04,1410,Advance to suppliers,Asset,CC-600,SYS-BATCH,System,Advance to supplier,243711.46,0.0,Not required,
JE1028061,2,2025-04-04,2025-04-04,1110,Bank - current account,Asset,CC-600,SYS-BATCH,System,Advance to supplier,0.0,243711.46,Not required,
JE1028084,1,2025-04-04,2025-04-04,2100,Trade payables,Liability,CC-100,SYS-BATCH,System,Supplier payment,145378.42,0.0,Not required,
JE1028084,2,2025-04-04,2025-04-04,1110,Bank - current account,Asset,CC-100,SYS-BATCH,System,Supplier payment,0.0,145378.42,Not required,
JE1028216,1,2025-04-04,2025-04-01,2100,Trade payables,Liability,CC-100,SYS-BATCH,System,Supplier payment,215108.39,0.0,Not required,
JE1028216,2,2025-04-04,2025-04-01,1110,Bank - current account,Asset,CC-100,SYS-BATCH,System,Supplier payment,0.0,215108.39,Not required,
JE1028909,1,2025-04-04,2025-04-04,5200,Employee benefit expense,Expense,CC-400,SYS-BATCH,System,Payroll for the month,1264572.18,0.0,Approved,A003
JE1028909,2,2025-04-04,2025-04-04,2120,Provision for employee benefits,Liability,CC-400,SYS-BATCH,System,Payroll for the month,0.0,1264572.18,Approved,A003
JE1029129,1,2025-04-04,2025-04-04,5210,Contract staff cost,Expense,CC-100,SYS-BATCH,System,Contract staff billing,198043.91,0.0,Not required,
JE1029129,2,2025-04-04,2025-04-04,2100,Trade payables,Liability,CC-100,SYS-BATCH,System,Contract staff billing,0.0,198043.91,Not required,
JE1029148,1,2025-04-04,2025-04-04,5320,Repairs and maintenance,Expense,CC-500,SYS-BATCH,System,Repairs and upkeep,38161.62,0.0,Not required,
JE1029148,2,2025-04-04,2025-04-04,2100,Trade payables,Liability,CC-500,SYS-BATCH,System,Repairs and upkeep,0.0,38161.62,Not required,
JE1029188,1,2025-04-04,2025-04-04,1200,Trade receivables,Asset,CC-600,SYS-BATCH,System,Sales invoice raised,883844.22,0.0,Approved,A001
JE1029188,2,2025-04-04,2025-04-04,4100,Revenue - product sales,Income,CC-600,SYS-BATCH,System,Sales invoice raised,0.0,883844.22,Approved,A001
JE1029208,1,2025-04-04,2025-04-04,1110,Bank - current account,Asset,CC-100,SYS-BATCH,System,Bank interest credited,30391.32,0.0,Not required,
JE1029208,2,2025-04-04,2025-04-04,4300,Interest income,Income,CC-100,SYS-BATCH,System,Bank interest credited,0.0,30391.32,Not required,
JE1029268,1,2025-04-04,2025-04-03,1110,Bank - current account,Asset,CC-400,SYS-BATCH,System,Customer receipt,338315.76,0.0,Not required,
JE1029268,2,2025-04-04,2025-04-03,1200,Trade receivables,Asset,CC-400,SYS-BATCH,System,Customer receipt,0.0,338315.76,Not required,
JE1029583,1,2025-04-04,2025-04-03,1200,Trade receivables,Asset,CC-300,SYS-BATCH,System,Service invoice raised,534050.45,0.0,Approved,A003
JE1029583,2,2025-04-04,2025-04-03,4110,Revenue - service income,Income,CC-300,SYS-BATCH,System,Service invoice raised,0.0,534050.45,Approved,A003
JE1029632,1,2025-04-04,2025-04-01,5200,Employee benefit expense,Expense,CC-100,U014,Manual,Payroll for the month,767018.0,0.0,Approved,A003
JE1029632,2,2025-04-04,2025-04-01,2120,Provision for employee benefits,Liability,CC-100,U014,Manual,Payroll for the month,0.0,767018.0,Approved,A003
JE1029756,1,2025-04-04,2025-04-03,5100,Cost of materials consumed,Expense,CC-400,SYS-BATCH,System,Purchase of raw material,263250.79,0.0,Not required,
JE1029756,2,2025-04-04,2025-04-03,2100,Trade payables,Liability,CC-400,SYS-BATCH,System,Purchase of raw material,0.0,263250.79,Not required,
JE1030195,1,2025-04-04,2025-04-04,1110,Bank - current account,Asset,CC-300,SYS-BATCH,System,Customer receipt,878512.58,0.0,Approved,A002
JE1030195,2,2025-04-04,2025-04-04,1200,Trade receivables,Asset,CC-300,SYS-BATCH,System,Customer receipt,0.0,878512.58,Approved,A002
JE1030385,1,2025-04-04,2025-04-01,2100,Trade payables,Liability,CC-200,SYS-BATCH,System,Supplier payment,676626.15,0.0,Approved,A002
JE1030385,2,2025-04-04,2025-04-01,1110,Bank - current account,Asset,CC-200,SYS-BATCH,System,Supplier payment,0.0,676626.15,Approved,A002
JE1030574,1,2025-04-04,2025-04-04,1110,Bank - current account,Asset,CC-200,SYS-BATCH,System,Customer receipt,870170.68,0.0,Approved,A002
JE1030574,2,2025-04-04,2025-04-04,1200,Trade receivables,Asset,CC-200,SYS-BATCH,System,Customer receipt,0.0,870170.68,Approved,A002
JE1030929,1,2025-04-04,2025-04-01,1110,Bank - current account,Asset,CC-300,U001,Manual,Customer receipt,492803.35,0.0,Not required,
JE1030929,2,2025-04-04,2025-04-01,1200,Trade receivables,Asset,CC-300,U001,Manual,Customer receipt,0.0,492803.35,Not required,
JE1031259,1,2025-04-04,2025-04-04,1200,Trade receivables,Asset,CC-300,SYS-BATCH,System,Service invoice raised,468345.25,0.0,Not required,
JE1031259,2,2025-04-04,2025-04-04,4110,Revenue - service income,Income,CC-300,SYS-BATCH,System,Service invoice raised,0.0,468345.25,Not required,
JE1031323,1,2025-04-04,2025-04-04,1200,Trade receivables,Asset,CC-300,SYS-BATCH,System,Service invoice raised,62211.15,0.0,Not required,
JE1031323,2,2025-04-04,2025-04-04,4110,Revenue - service income,Income,CC-300,SYS-BATCH,System,Service invoice raised,0.0,62211.15,Not required,
JE1031633,1,2025-04-04,2025-04-03,1200,Trade receivables,Asset,CC-100,SYS-BATCH,System,Sales invoice raised,434717.77,0.0,Not required,
JE1031633,2,2025-04-04,2025-04-03,4100,Revenue - product sales,Income,CC-100,SYS-BATCH,System,Sales invoice raised,0.0,434717.77,Not required,
JE1032131,1,2025-04-04,2025-04-04,5100,Cost of materials consumed,Expense,CC-600,U018,Manual,Purchase of raw material,39934.75,0.0,Not required,
JE1032131,2,2025-04-04,2025-04-04,2100,Trade payables,Liability,CC-600,U018,Manual,Purchase of raw material,0.0,39934.75,Not required,
JE1032144,1,2025-04-04,2025-04-04,1200,Trade receivables,Asset,CC-200,SYS-BATCH,System,Service invoice raised,377086.17,0.0,Not required,
JE1032144,2,2025-04-04,2025-04-04,4110,Revenue - service income,Income,CC-200,SYS-BATCH,System,Service invoice raised,0.0,377086.17,Not required,
JE1032438,1,2025-04-04,2025-04-04,1200,Trade receivables,Asset,CC-300,U012,Manual,Sales invoice raised,376147.9,0.0,Not required,
JE1032438,2,2025-04-04,2025-04-04,4100,Revenue - product sales,Income,CC-300,U012,Manual,Sales invoice raised,0.0,376147.9,Not required,
JE1032727,1,2025-04-04,2025-04-04,1200,Trade receivables,Asset,CC-600,SYS-BATCH,System,Sales invoice raised,562498.74,0.0,Approved,A003
JE1032727,2,2025-04-04,2025-04-04,4100,Revenue - product sales,Income,CC-600,SYS-BATCH,System,Sales invoice raised,0.0,562498.74,Approved,A003
JE1033030,1,2025-04-04,2025-04-04,5100,Cost of materials consumed,Expense,CC-400,SYS-BATCH,System,Purchase of raw material,54343.26,0.0,Not required,
JE1033030,2,2025-04-04,2025-04-04,2100,Trade payables,Liability,CC-400,SYS-BATCH,System,Purchase of raw material,0.0,54343.26,Not required,
JE1033104,1,2025-04-04,2025-04-01,2100,Trade payables,Liability,CC-300,SYS-BATCH,System,Supplier payment,261163.94,0.0,Not required,
JE1033104,2,2025-04-04,2025-04-01,1110,Bank - current account,Asset,CC-300,SYS-BATCH,System,Supplier payment,0.0,261163.94,Not required,
JE1033420,1,2025-04-04,2025-04-03,1110,Bank - current account,Asset,CC-100,U005,Manual,Customer receipt,399439.47,0.0,Not required,
JE1033420,2,2025-04-04,2025-04-03,1200,Trade receivables,Asset,CC-100,U005,Manual,Customer receipt,0.0,399439.47,Not required,
JE1033543,1,2025-04-04,2025-04-03,5210,Contract staff cost,Expense,CC-100,U020,Manual,Contract staff billing,282723.85,0.0,Not required,
JE1033543,2,2025-04-04,2025-04-03,2100,Trade payables,Liability,CC-100,U020,Manual,Contract staff billing,0.0,282723.85,Not required,
JE1034064,1,2025-04-04,2025-04-03,1200,Trade receivables,Asset,CC-100,SYS-BATCH,System,Service invoice raised,43915.58,0.0,Not required,
JE1034064,2,2025-04-04,2025-04-03,4110,Revenue - service income,Income,CC-100,SYS-BATCH,System,Service invoice raised,0.0,43915.58,Not required,
JE1034431,1,2025-04-04,2025-04-03,5320,Repairs and maintenance,Expense,CC-200,SYS-BATCH,System,Repairs and upkeep,29781.28,0.0,Not required,
JE1034431,2,2025-04-04,2025-04-03,2100,Trade payables,Liability,CC-200,SYS-BATCH,System,Repairs and upkeep,0.0,29781.28,Not required,
JE1035173,1,2025-04-04,2025-04-04,1200,Trade receivables,Asset,CC-100,SYS-BATCH,System,Service invoice raised,239695.48,0.0,Not required,
JE1035173,2,2025-04-04,2025-04-04,4110,Revenue - service income,Income,CC-100,SYS-BATCH,System,Service invoice raised,0.0,239695.48,Not required,
JE1035851,1,2025-04-04,2025-04-04,1110,Bank - current account,Asset,CC-100,U012,Manual,Bank interest credited,77287.34,0.0,Not required,
JE1035851,2,2025-04-04,2025-04-04,4300,Interest income,Income,CC-100,U012,Manual,Bank interest credited,0.0,77287.34,Not required,
JE1035860,1,2025-04-04,2025-04-04,5400,Depreciation and amortisation,Expense,CC-400,SYS-BATCH,System,Depreciation charge,825412.33,0.0,Approved,A001
JE1035860,2,2025-04-04,2025-04-04,1510,Accumulated depreciation,Asset,CC-400,SYS-BATCH,System,Depreciation charge,0.0,825412.33,Approved,A001
JE1035870,1,2025-04-04,2025-04-03,2100,Trade payables,Liability,CC-600,SYS-BATCH,System,Supplier payment,432176.33,0.0,Not required,
JE1035870,2,2025-04-04,2025-04-03,1110,Bank - current account,Asset,CC-600,SYS-BATCH,System,Supplier payment,0.0,432176.33,Not required,
JE1035991,1,2025-04-04,2025-04-04,1200,Trade receivables,Asset,CC-100,SYS-BATCH,System,Sales invoice raised,513228.34,0.0,Approved,A003
JE1035991,2,2025-04-04,2025-04-04,4100,Revenue - product sales,Income,CC-100,SYS-BATCH,System,Sales invoice raised,0.0,513228.34,Approved,A003
JE1036048,1,2025-04-04,2025-04-04,5340,Legal and professional fees,Expense,CC-100,SYS-BATCH,System,Professional fees billed,145887.13,0.0,Not required,
JE1036048,2,2025-04-04,2025-04-04,2100,Trade payables,Liability,CC-100,SYS-BATCH,System,Professional fees billed,0.0,145887.13,Not required,
JE1036486,1,2025-04-04,2025-04-03,5100,Cost of materials consumed,Expense,CC-500,SYS-BATCH,System,Purchase of raw material,591694.25,0.0,Approved,A002
JE1036486,2,2025-04-04,2025-04-03,2100,Trade payables,Liability,CC-500,SYS-BATCH,System,Purchase of raw material,0.0,591694.25,Approved,A002
JE1036690,1,2025-04-04,2025-04-01,5350,Advertisement and marketing,Expense,CC-600,SYS-BATCH,System,Marketing spend,181460.83,0.0,Not required,
JE1036690,2,2025-04-04,2025-04-01,2100,Trade payables,Liability,CC-600,SYS-BATCH,System,Marketing spend,0.0,181460.83,Not required,
JE1037027,1,2025-04-04,2025-04-02,2100,Trade payables,Liability,CC-100,SYS-BATCH,System,TDS deducted on payment,47084.58,0.0,Not required,
JE1037027,2,2025-04-04,2025-04-02,2210,TDS payable,Liability,CC-100,SYS-BATCH,System,TDS deducted on payment,0.0,47084.58,Not required,
JE1037283,1,2025-04-04,2025-04-03,5300,Rent expense,Expense,CC-100,SYS-BATCH,System,Rent for the period,210577.94,0.0,Not required,
JE1037283,2,2025-04-04,2025-04-03,2110,Accrued expenses,Liability,CC-100,SYS-BATCH,System,Rent for the period,0.0,210577.94,Not required,
JE1037324,1,2025-04-04,2025-04-02,1200,Trade receivables,Asset,CC-400,SYS-BATCH,System,Sales invoice raised,652944.57,0.0,Approved,A002
JE1037324,2,2025-04-04,2025-04-02,4100,Revenue - product sales,Income,CC-400,SYS-BATCH,System,Sales invoice raised,0.0,652944.57,Approved,A002
JE1037753,1,2025-04-04,2025-04-04,5200,Employee benefit expense,Expense,CC-300,U019,Manual,Payroll for the month,2464999.87,0.0,Approved,A002
JE1037753,2,2025-04-04,2025-04-04,2120,Provision for employee benefits,Liability,CC-300,U019,Manual,Payroll for the month,0.0,2464999.87,Approved,A002
JE1038037,1,2025-04-04,2025-04-01,5310,Power and fuel,Expense,CC-100,SYS-BATCH,System,Electricity charges,231869.02,0.0,Not required,
JE1038037,2,2025-04-04,2025-04-01,2110,Accrued expenses,Liability,CC-100,SYS-BATCH,System,Electricity charges,0.0,231869.02,Not required,
JE1038388,1,2025-04-04,2025-04-01,2100,Trade payables,Liability,CC-400,U008,Manual,Supplier payment,349907.98,0.0,Not required,
JE1038388,2,2025-04-04,2025-04-01,1110,Bank - current account,Asset,CC-400,U008,Manual,Supplier payment,0.0,349907.98,Not required,
JE1038981,1,2025-04-04,2025-04-03,1200,Trade receivables,Asset,CC-300,SYS-BATCH,System,Sales invoice raised,864067.87,0.0,Approved,A001
JE1038981,2,2025-04-04,2025-04-03,4100,Revenue - product sales,Income,CC-300,SYS-BATCH,System,Sales invoice raised,0.0,864067.87,Approved,A001
JE1039149,1,2025-04-04,2025-04-02,1200,Trade receivables,Asset,CC-200,U013,Manual,Sales invoice raised,50324.67,0.0,Not required,
JE1039149,2,2025-04-04,2025-04-02,4100,Revenue - product sales,Income,CC-200,U013,Manual,Sales invoice raised,0.0,50324.67,Not required,
JE1039798,1,2025-04-04,2025-04-02,1200,Trade receivables,Asset,CC-300,SYS-BATCH,System,Sales invoice raised,29797.7,0.0,Not required,
JE1039798,2,2025-04-04,2025-04-02,4100,Revenue - product sales,Income,CC-300,SYS-BATCH,System,Sales invoice raised,0.0,29797.7,Not required,
JE1039901,1,2025-04-04,2025-04-04,1200,Trade receivables,Asset,CC-600,SYS-BATCH,System,GST output booked,17138.97,0.0,Not required,
JE1039901,2,2025-04-04,2025-04-04,2200,Output GST payable,Liability,CC-600,SYS-BATCH,System,GST output booked,0.0,17138.97,Not required,
JE1040504,1,2025-04-04,2025-04-04,1110,Bank - current account,Asset,CC-400,SYS-BATCH,System,Customer receipt,49984.14,0.0,Not required,
JE1040504,2,2025-04-04,2025-04-04,1200,Trade receivables,Asset,CC-400,SYS-BATCH,System,Customer receipt,0.0,49984.14,Not required,
JE1040830,1,2025-04-04,2025-04-03,5200,Employee benefit expense,Expense,CC-100,SYS-BATCH,System,Payroll for the month,1341523.58,0.0,Approved,A002
JE1040830,2,2025-04-04,2025-04-03,2120,Provision for employee benefits,Liability,CC-100,SYS-BATCH,System,Payroll for the month,0.0,1341523.58,Approved,A002
JE1040861,1,2025-04-04,2025-04-03,1200,Trade receivables,Asset,CC-500,SYS-BATCH,System,Service invoice raised,225974.24,0.0,Not required,
JE1040861,2,2025-04-04,2025-04-03,4110,Revenue - service income,Income,CC-500,SYS-BATCH,System,Service invoice raised,0.0,225974.24,Not required,
JE1040902,1,2025-04-04,2025-04-01,1200,Trade receivables,Asset,CC-200,SYS-BATCH,System,Sales invoice raised,272862.42,0.0,Not required,
JE1040902,2,2025-04-04,2025-04-01,4100,Revenue - product sales,Income,CC-200,SYS-BATCH,System,Sales invoice raised,0.0,272862.42,Not required,
JE1041032,1,2025-04-04,2025-04-04,1110,Bank - current account,Asset,CC-200,SYS-BATCH,System,Customer receipt,752456.64,0.0,Approved,A003
JE1041032,2,2025-04-04,2025-04-04,1200,Trade receivables,Asset,CC-200,SYS-BATCH,System,Customer receipt,0.0,752456.64,Approved,A003
JE1041547,1,2025-04-04,2025-04-03,5100,Cost of materials consumed,Expense,CC-400,SYS-BATCH,System,Purchase of raw material,240700.48,0.0,Not required,
JE1041547,2,2025-04-04,2025-04-03,2100,Trade payables,Liability,CC-400,SYS-BATCH,System,Purchase of raw material,0.0,240700.48,Not required,
JE1041550,1,2025-04-04,2025-04-01,5360,Insurance,Expense,CC-200,SYS-BATCH,System,Insurance premium,212339.02,0.0,Not required,
JE1041550,2,2025-04-04,2025-04-01,1400,Prepaid expenses,Asset,CC-200,SYS-BATCH,System,Insurance premium,0.0,212339.02,Not required,
JE1041643,1,2025-04-04,2025-04-04,5210,Contract staff cost,Expense,CC-600,SYS-BATCH,System,Contract staff billing,95852.98,0.0,Not required,
JE1041643,2,2025-04-04,2025-04-04,2100,Trade payables,Liability,CC-600,SYS-BATCH,System,Contract staff billing,0.0,95852.98,Not required,
JE1041664,1,2025-04-04,2025-04-04,5100,Cost of materials consumed,Expense,CC-600,SYS-BATCH,System,Purchase of raw material,242092.34,0.0,Not required,
JE1041664,2,2025-04-04,2025-04-04,2100,Trade payables,Liability,CC-600,SYS-BATCH,System,Purchase of raw material,0.0,242092.34,Not required,
JE1041937,1,2025-04-04,2025-04-03,5370,Communication expense,Expense,CC-500,SYS-BATCH,System,Telephone and internet,45658.54,0.0,Not required,
JE1041937,2,2025-04-04,2025-04-03,2110,Accrued expenses,Liability,CC-500,SYS-BATCH,System,Telephone and internet,0.0,45658.54,Not required,
JE1042055,1,2025-04-04,2025-04-03,1200,Trade receivables,Asset,CC-500,U014,Manual,Sales invoice raised,640879.66,0.0,Approved,A002
JE1042055,2,2025-04-04,2025-04-03,4100,Revenue - product sales,Income,CC-500,U014,Manual,Sales invoice raised,0.0,640879.66,Approved,A002
JE1042514,1,2025-04-04,2025-04-04,5330,Travel and conveyance,Expense,CC-400,SYS-BATCH,System,Travel reimbursement,69437.81,0.0,Not required,
JE1042514,2,2025-04-04,2025-04-04,1110,Bank - current account,Asset,CC-400,SYS-BATCH,System,Travel reimbursement,0.0,69437.81,Not required,
JE1042784,1,2025-04-04,2025-04-03,1110,Bank - current account,Asset,CC-500,SYS-BATCH,System,Customer receipt,153853.15,0.0,Not required,
JE1042784,2,2025-04-04,2025-04-03,1200,Trade receivables,Asset,CC-500,SYS-BATCH,System,Customer receipt,0.0,153853.15,Not required,
JE1042989,1,2025-04-04,2025-04-04,5100,Cost of materials consumed,Expense,CC-600,U001,Manual,Purchase of raw material,636297.46,0.0,Approved,A002
JE1042989,2,2025-04-04,2025-04-04,2100,Trade payables,Liability,CC-600,U001,Manual,Purchase of raw material,0.0,636297.46,Approved,A002
JE1043703,1,2025-04-04,2025-04-02,5340,Legal and professional fees,Expense,CC-600,SYS-BATCH,System,Professional fees billed,50738.42,0.0,Not required,
JE1043703,2,2025-04-04,2025-04-02,2100,Trade payables,Liability,CC-600,SYS-BATCH,System,Professional fees billed,0.0,50738.42,Not required,
JE1044063,1,2025-04-04,2025-04-02,1110,Bank - current account,Asset,CC-400,U003,Manual,Customer receipt,543715.87,0.0,Approved,A001
JE1044063,2,2025-04-04,2025-04-02,1200,Trade receivables,Asset,CC-400,U003,Manual,Customer receipt,0.0,543715.87,Approved,A001
JE1044186,1,2025-04-04,2025-04-02,5310,Power and fuel,Expense,CC-500,SYS-BATCH,System,Electricity charges,223832.86,0.0,Not required,
JE1044186,2,2025-04-04,2025-04-02,2110,Accrued expenses,Liability,CC-500,SYS-BATCH,System,Electricity charges,0.0,223832.86,Not required,
JE1044355,1,2025-04-04,2025-04-03,1200,Trade receivables,Asset,CC-300,U004,Manual,Sales invoice raised,442570.96,0.0,Not required,
JE1044355,2,2025-04-04,2025-04-03,4100,Revenue - product sales,Income,CC-300,U004,Manual,Sales invoice raised,0.0,442570.96,Not required,
JE1044366,1,2025-04-04,2025-04-02,1110,Bank - current account,Asset,CC-200,U010,Manual,Customer receipt,753036.78,0.0,Approved,A001
JE1044366,2,2025-04-04,2025-04-02,1200,Trade receivables,Asset,CC-200,U010,Manual,Customer receipt,0.0,753036.78,Approved,A001
JE1044493,1,2025-04-04,2025-04-02,5100,Cost of materials consumed,Expense,CC-200,SYS-BATCH,System,Purchase of raw material,97273.59,0.0,Not required,
JE1044493,2,2025-04-04,2025-04-02,2100,Trade payables,Liability,CC-200,SYS-BATCH,System,Purchase of raw material,0.0,97273.59,Not required,
JE1044999,1,2025-04-04,2025-04-04,5360,Insurance,Expense,CC-300,SYS-BATCH,System,Insurance premium,137320.08,0.0,Not required,
JE1044999,2,2025-04-04,2025-04-04,1400,Prepaid expenses,Asset,CC-300,SYS-BATCH,System,Insurance premium,0.0,137320.08,Not required,
JE1045452,1,2025-04-04,2025-04-01,5350,Advertisement and marketing,Expense,CC-600,SYS-BATCH,System,Marketing spend,255780.89,0.0,Not required,
JE1045452,2,2025-04-04,2025-04-01,2100,Trade payables,Liability,CC-600,SYS-BATCH,System,Marketing spend,0.0,255780.89,Not required,
JE1045717,1,2025-04-04,2025-04-02,1200,Trade receivables,Asset,CC-300,U013,Manual,Sales invoice raised,863285.52,0.0,Approved,A002
JE1045717,2,2025-04-04,2025-04-02,4100,Revenue - product sales,Income,CC-300,U013,Manual,Sales invoice raised,0.0,863285.52,Approved,A002
JE1046308,1,2025-04-04,2025-04-04,5100,Cost of materials consumed,Expense,CC-400,SYS-BATCH,System,Purchase of raw material,692755.2,0.0,Approved,A001
JE1046308,2,2025-04-04,2025-04-04,2100,Trade payables,Liability,CC-400,SYS-BATCH,System,Purchase of raw material,0.0,692755.2,Approved,A001
JE1046445,1,2025-04-04,2025-04-04,1200,Trade receivables,Asset,CC-200,SYS-BATCH,System,Service invoice raised,298587.74,0.0,Not required,
JE1046445,2,2025-04-04,2025-04-04,4110,Revenue - service income,Income,CC-200,SYS-BATCH,System,Service invoice raised,0.0,298587.74,Not required,
JE1046545,1,2025-04-04,2025-04-04,5500,Finance cost,Expense,CC-200,SYS-BATCH,System,Interest on borrowings,389279.27,0.0,Not required,
JE1046545,2,2025-04-04,2025-04-04,2310,Interest accrued but not due,Liability,CC-200,SYS-BATCH,System,Interest on borrowings,0.0,389279.27,Not required,
JE1046641,1,2025-04-04,2025-04-04,1110,Bank - current account,Asset,CC-600,SYS-BATCH,System,Customer receipt,804011.91,0.0,Approved,A001
JE1046641,2,2025-04-04,2025-04-04,1200,Trade receivables,Asset,CC-600,SYS-BATCH,System,Customer receipt,0.0,804011.91,Approved,A001
JE1046644,1,2025-04-04,2025-04-04,5310,Power and fuel,Expense,CC-200,SYS-BATCH,System,Electricity charges,143167.66,0.0,Not required,
JE1046644,2,2025-04-04,2025-04-04,2110,Accrued expenses,Liability,CC-200,SYS-BATCH,System,Electricity charges,0.0,143167.66,Not required,
JE1047574,1,2025-04-04,2025-04-04,5100,Cost of materials consumed,Expense,CC-500,SYS-BATCH,System,Purchase of raw material,510792.11,0.0,Approved,A001
JE1047574,2,2025-04-04,2025-04-04,2100,Trade payables,Liability,CC-500,SYS-BATCH,System,Purchase of raw material,0.0,510792.11,Approved,A001
JE1047607,1,2025-04-04,2025-04-01,5320,Repairs and maintenance,Expense,CC-500,SYS-BATCH,System,Repairs and upkeep,122537.34,0.0,Not required,
JE1047607,2,2025-04-04,2025-04-01,2100,Trade payables,Liability,CC-500,SYS-BATCH,System,Repairs and upkeep,0.0,122537.34,Not required,
JE1047735,1,2025-04-04,2025-04-03,1200,Trade receivables,Asset,CC-600,SYS-BATCH,System,Sales invoice raised,446411.83,0.0,Not required,
JE1047735,2,2025-04-04,2025-04-03,4100,Revenue - product sales,Income,CC-600,SYS-BATCH,System,Sales invoice raised,0.0,446411.83,Not required,
JE1047953,1,2025-04-04,2025-04-04,5330,Travel and conveyance,Expense,CC-600,SYS-BATCH,System,Travel reimbursement,81836.24,0.0,Not required,
JE1047953,2,2025-04-04,2025-04-04,1110,Bank - current account,Asset,CC-600,SYS-BATCH,System,Travel reimbursement,0.0,81836.24,Not required,
JE1047983,1,2025-04-04,2025-04-02,5200,Employee benefit expense,Expense,CC-600,SYS-BATCH,System,Payroll for the month,1069710.77,0.0,Approved,A001
JE1047983,2,2025-04-04,2025-04-02,2120,Provision for employee benefits,Liability,CC-600,SYS-BATCH,System,Payroll for the month,0.0,1069710.77,Approved,A001
JE1048191,1,2025-04-04,2025-04-04,1110,Bank - current account,Asset,CC-300,SYS-BATCH,System,Customer receipt,725440.9,0.0,Approved,A002
JE1048191,2,2025-04-04,2025-04-04,1200,Trade receivables,Asset,CC-300,SYS-BATCH,System,Customer receipt,0.0,725440.9,Approved,A002
JE1048416,1,2025-04-04,2025-04-03,1200,Trade receivables,Asset,CC-600,SYS-BATCH,System,Sales invoice raised,818863.67,0.0,Approved,A003
JE1048416,2,2025-04-04,2025-04-03,4100,Revenue - product sales,Income,CC-600,SYS-BATCH,System,Sales invoice raised,0.0,818863.67,Approved,A003
JE1048458,1,2025-04-04,2025-04-04,1110,Bank - current account,Asset,CC-200,U012,Manual,Customer receipt,739914.18,0.0,Approved,A002
JE1048458,2,2025-04-04,2025-04-04,1200,Trade receivables,Asset,CC-200,U012,Manual,Customer receipt,0.0,739914.18,Approved,A002
JE1048473,1,2025-04-04,2025-04-04,1200,Trade receivables,Asset,CC-100,U006,Manual,Sales invoice raised,159280.33,0.0,Not required,
JE1048473,2,2025-04-04,2025-04-04,4100,Revenue - product sales,Income,CC-100,U006,Manual,Sales invoice raised,0.0,159280.33,Not required,
JE1048675,1,2025-04-04,2025-04-03,5350,Advertisement and marketing,Expense,CC-400,SYS-BATCH,System,Marketing spend,52740.49,0.0,Not required,
JE1048675,2,2025-04-04,2025-04-03,2100,Trade payables,Liability,CC-400,SYS-BATCH,System,Marketing spend,0.0,52740.49,Not required,
JE1048761,1,2025-04-04,2025-04-01,1110,Bank - current account,Asset,CC-200,SYS-BATCH,System,Customer receipt,173355.94,0.0,Not required,
JE1048761,2,2025-04-04,2025-04-01,1200,Trade receivables,Asset,CC-200,SYS-BATCH,System,Customer receipt,0.0,173355.94,Not required,
JE1048766,1,2025-04-04,2025-04-04,5100,Cost of materials consumed,Expense,CC-100,SYS-BATCH,System,Purchase of raw material,318678.76,0.0,Not required,
JE1048766,2,2025-04-04,2025-04-04,2100,Trade payables,Liability,CC-100,SYS-BATCH,System,Purchase of raw material,0.0,318678.76,Not required,
JE1049432,1,2025-04-04,2025-04-02,1110,Bank - current account,Asset,CC-200,U014,Manual,Customer receipt,360793.02,0.0,Not required,
JE1049432,2,2025-04-04,2025-04-02,1200,Trade receivables,Asset,CC-200,U014,Manual,Customer receipt,0.0,360793.02,Not required,
JE1049458,1,2025-04-04,2025-04-04,1110,Bank - current account,Asset,CC-400,SYS-BATCH,System,Customer receipt,462583.94,0.0,Not required,
JE1049458,2,2025-04-04,2025-04-04,1200,Trade receivables,Asset,CC-400,SYS-BATCH,System,Customer receipt,0.0,462583.94,Not required,
JE1049581,1,2025-04-04,2025-04-04,2100,Trade payables,Liability,CC-500,SYS-BATCH,System,TDS deducted on payment,39101.04,0.0,Not required,
JE1049581,2,2025-04-04,2025-04-04,2210,TDS payable,Liability,CC-500,SYS-BATCH,System,TDS deducted on payment,0.0,39101.04,Not required,
JE1049981,1,2025-04-04,2025-04-03,1600,Input GST receivable,Asset,CC-400,SYS-BATCH,System,GST input booked,32045.01,0.0,Not required,
JE1049981,2,2025-04-04,2025-04-03,2100,Trade payables,Liability,CC-400,SYS-BATCH,System,GST input booked,0.0,32045.01,Not required,
JE1050079,1,2025-04-04,2025-04-04,5330,Travel and conveyance,Expense,CC-500,U017,Manual,Travel reimbursement,79670.07,0.0,Not required,
JE1050079,2,2025-04-04,2025-04-04,1110,Bank - current account,Asset,CC-500,U017,Manual,Travel reimbursement,0.0,79670.07,Not required,
JE1050517,1,2025-04-04,2025-04-03,2100,Trade payables,Liability,CC-500,SYS-BATCH,System,Supplier payment,291580.98,0.0,Not required,
JE1050517,2,2025-04-04,2025-04-03,1110,Bank - current account,Asset,CC-500,SYS-BATCH,System,Supplier payment,0.0,291580.98,Not required,
JE1050575,1,2025-04-04,2025-04-04,1110,Bank - current account,Asset,CC-400,SYS-BATCH,System,Customer receipt,227596.82,0.0,Not required,
JE1050575,2,2025-04-04,2025-04-04,1200,Trade receivables,Asset,CC-400,SYS-BATCH,System,Customer receipt,0.0,227596.82,Not required,
JE1051193,1,2025-04-04,2025-04-04,1200,Trade receivables,Asset,CC-300,SYS-BATCH,System,Service invoice raised,251476.79,0.0,Not required,
JE1051193,2,2025-04-04,2025-04-04,4110,Revenue - service income,Income,CC-300,SYS-BATCH,System,Service invoice raised,0.0,251476.79,Not required,
JE1051407,1,2025-04-04,2025-04-04,1200,Trade receivables,Asset,CC-300,SYS-BATCH,System,GST output booked,6721.82,0.0,Not required,
JE1051407,2,2025-04-04,2025-04-04,2200,Output GST payable,Liability,CC-300,SYS-BATCH,System,GST output booked,0.0,6721.82,Not required,
JE1051464,1,2025-04-04,2025-04-03,5200,Employee benefit expense,Expense,CC-400,SYS-BATCH,System,Payroll for the month,555539.48,0.0,Approved,A002
JE1051464,2,2025-04-04,2025-04-03,2120,Provision for employee benefits,Liability,CC-400,SYS-BATCH,System,Payroll for the month,0.0,555539.48,Approved,A002
JE1051636,1,2025-04-04,2025-04-04,5310,Power and fuel,Expense,CC-200,U013,Manual,Electricity charges,133804.63,0.0,Not required,
JE1051636,2,2025-04-04,2025-04-04,2110,Accrued expenses,Liability,CC-200,U013,Manual,Electricity charges,0.0,133804.63,Not required,
JE1051865,1,2025-04-04,2025-04-03,2100,Trade payables,Liability,CC-200,SYS-BATCH,System,Supplier payment,169087.98,0.0,Not required,
JE1051865,2,2025-04-04,2025-04-03,1110,Bank - current account,Asset,CC-200,SYS-BATCH,System,Supplier payment,0.0,169087.98,Not required,
JE1051910,1,2025-04-04,2025-04-04,2100,Trade payables,Liability,CC-200,SYS-BATCH,System,TDS deducted on payment,54398.77,0.0,Not required,
JE1051910,2,2025-04-04,2025-04-04,2210,TDS payable,Liability,CC-200,SYS-BATCH,System,TDS deducted on payment,0.0,54398.77,Not required,
JE1052073,1,2025-04-04,2025-04-04,1200,Trade receivables,Asset,CC-600,SYS-BATCH,System,Sales invoice raised,505415.85,0.0,Approved,A003
JE1052073,2,2025-04-04,2025-04-04,4100,Revenue - product sales,Income,CC-600,SYS-BATCH,System,Sales invoice raised,0.0,505415.85,Approved,A003
JE1052273,1,2025-04-04,2025-04-03,2100,Trade payables,Liability,CC-300,SYS-BATCH,System,Supplier payment,226493.74,0.0,Not required,
JE1052273,2,2025-04-04,2025-04-03,1110,Bank - current account,Asset,CC-300,SYS-BATCH,System,Supplier payment,0.0,226493.74,Not required,
JE1052371,1,2025-04-04,2025-04-04,1110,Bank - current account,Asset,CC-200,SYS-BATCH,System,Customer receipt,197843.29,0.0,Not required,
JE1052371,2,2025-04-04,2025-04-04,1200,Trade receivables,Asset,CC-200,SYS-BATCH,System,Customer receipt,0.0,197843.29,Not required,
JE1052493,1,2025-04-04,2025-04-03,5400,Depreciation and amortisation,Expense,CC-300,SYS-BATCH,System,Depreciation charge,642587.55,0.0,Approved,A001
JE1052493,2,2025-04-04,2025-04-03,1510,Accumulated depreciation,Asset,CC-300,SYS-BATCH,System,Depreciation charge,0.0,642587.55,Approved,A001
JE1052601,1,2025-04-04,2025-04-02,5370,Communication expense,Expense,CC-200,U014,Manual,Telephone and internet,6664.35,0.0,Not required,
JE1052601,2,2025-04-04,2025-04-02,2110,Accrued expenses,Liability,CC-200,U014,Manual,Telephone and internet,0.0,6664.35,Not required,
JE1053190,1,2025-04-04,2025-04-03,1200,Trade receivables,Asset,CC-600,SYS-BATCH,System,Sales invoice raised,549630.56,0.0,Approved,A002
JE1053190,2,2025-04-04,2025-04-03,4100,Revenue - product sales,Income,CC-600,SYS-BATCH,System,Sales invoice raised,0.0,549630.56,Approved,A002
JE1053475,1,2025-04-04,2025-04-04,5350,Advertisement and marketing,Expense,CC-300,U012,Manual,Marketing spend,481364.24,0.0,Not required,
JE1053475,2,2025-04-04,2025-04-04,2100,Trade payables,Liability,CC-300,U012,Manual,Marketing spend,0.0,481364.24,Not required,
JE1053840,1,2025-04-04,2025-04-04,2100,Trade payables,Liability,CC-600,U020,Manual,Supplier payment,455581.17,0.0,Not required,
JE1053840,2,2025-04-04,2025-04-04,1110,Bank - current account,Asset,CC-600,U020,Manual,Supplier payment,0.0,455581.17,Not required,
JE1053861,1,2025-04-04,2025-04-02,1200,Trade receivables,Asset,CC-200,SYS-BATCH,System,Sales invoice raised,678589.44,0.0,Approved,A003
JE1053861,2,2025-04-04,2025-04-02,4100,Revenue - product sales,Income,CC-200,SYS-BATCH,System,Sales invoice raised,0.0,678589.44,Approved,A003
JE1053972,1,2025-04-04,2025-04-04,1200,Trade receivables,Asset,CC-300,SYS-BATCH,System,Sales invoice raised,792775.9,0.0,Approved,A001
JE1053972,2,2025-04-04,2025-04-04,4100,Revenue - product sales,Income,CC-300,SYS-BATCH,System,Sales invoice raised,0.0,792775.9,Approved,A001
JE1054162,1,2025-04-04,2025-04-04,5400,Depreciation and amortisation,Expense,CC-300,SYS-BATCH,System,Depreciation charge,922169.43,0.0,Approved,A002
JE1054162,2,2025-04-04,2025-04-04,1510,Accumulated depreciation,Asset,CC-300,SYS-BATCH,System,Depreciation charge,0.0,922169.43,Approved,A002
JE1054689,1,2025-04-04,2025-04-04,5100,Cost of materials consumed,Expense,CC-100,U005,Manual,Purchase of raw material,369529.1,0.0,Not required,
JE1054689,2,2025-04-04,2025-04-04,2100,Trade payables,Liability,CC-100,U005,Manual,Purchase of raw material,0.0,369529.1,Not required,
JE1055093,1,2025-04-04,2025-04-02,5300,Rent expense,Expense,CC-100,SYS-BATCH,System,Rent for the period,179268.24,0.0,Not required,
JE1055093,2,2025-04-04,2025-04-02,2110,Accrued expenses,Liability,CC-100,SYS-BATCH,System,Rent for the period,0.0,179268.24,Not required,
JE1056056,1,2025-04-04,2025-04-04,1200,Trade receivables,Asset,CC-400,SYS-BATCH,System,Service invoice raised,303588.58,0.0,Not required,
JE1056056,2,2025-04-04,2025-04-04,4110,Revenue - service income,Income,CC-400,SYS-BATCH,System,Service invoice raised,0.0,303588.58,Not required,
JE1056167,1,2025-04-04,2025-04-04,5210,Contract staff cost,Expense,CC-500,SYS-BATCH,System,Contract staff billing,131073.0,0.0,Not required,
JE1056167,2,2025-04-04,2025-04-04,2100,Trade payables,Liability,CC-500,SYS-BATCH,System,Contract staff billing,0.0,131073.0,Not required,
JE1056266,1,2025-04-04,2025-04-04,5210,Contract staff cost,Expense,CC-400,SYS-BATCH,System,Contract staff billing,191236.32,0.0,Not required,
JE1056266,2,2025-04-04,2025-04-04,2100,Trade payables,Liability,CC-400,SYS-BATCH,System,Contract staff billing,0.0,191236.32,Not required,
JE1056363,1,2025-04-04,2025-04-04,5400,Depreciation and amortisation,Expense,CC-500,SYS-BATCH,System,Depreciation charge,443352.36,0.0,Not required,
JE1056363,2,2025-04-04,2025-04-04,1510,Accumulated depreciation,Asset,CC-500,SYS-BATCH,System,Depreciation charge,0.0,443352.36,Not required,
JE1057002,1,2025-04-04,2025-04-03,1200,Trade receivables,Asset,CC-100,SYS-BATCH,System,Service invoice raised,439374.03,0.0,Not required,
JE1057002,2,2025-04-04,2025-04-03,4110,Revenue - service income,Income,CC-100,SYS-BATCH,System,Service invoice raised,0.0,439374.03,Not required,
JE1057574,1,2025-04-04,2025-04-02,2100,Trade payables,Liability,CC-600,SYS-BATCH,System,Supplier payment,657936.98,0.0,Approved,A002
JE1057574,2,2025-04-04,2025-04-02,1110,Bank - current account,Asset,CC-600,SYS-BATCH,System,Supplier payment,0.0,657936.98,Approved,A002
JE1057826,1,2025-04-04,2025-04-01,2100,Trade payables,Liability,CC-600,SYS-BATCH,System,Supplier payment,71612.55,0.0,Not required,
JE1057826,2,2025-04-04,2025-04-01,1110,Bank - current account,Asset,CC-600,SYS-BATCH,System,Supplier payment,0.0,71612.55,Not required,
JE1058228,1,2025-04-04,2025-04-04,2100,Trade payables,Liability,CC-100,SYS-BATCH,System,Supplier payment,408069.86,0.0,Not required,
JE1058228,2,2025-04-04,2025-04-04,1110,Bank - current account,Asset,CC-100,SYS-BATCH,System,Supplier payment,0.0,408069.86,Not required,
JE1058571,1,2025-04-04,2025-04-01,1110,Bank - current account,Asset,CC-200,SYS-BATCH,System,Customer receipt,15065.22,0.0,Not required,
JE1058571,2,2025-04-04,2025-04-01,1200,Trade receivables,Asset,CC-200,SYS-BATCH,System,Customer receipt,0.0,15065.22,Not required,
JE1059093,1,2025-04-04,2025-04-03,2100,Trade payables,Liability,CC-300,SYS-BATCH,System,Supplier payment,601653.44,0.0,Approved,A001
JE1059093,2,2025-04-04,2025-04-03,1110,Bank - current account,Asset,CC-300,SYS-BATCH,System,Supplier payment,0.0,601653.44,Approved,A001
JE1059430,1,2025-04-04,2025-04-03,1200,Trade receivables,Asset,CC-200,SYS-BATCH,System,GST output booked,144520.3,0.0,Not required,
JE1059430,2,2025-04-04,2025-04-03,2200,Output GST payable,Liability,CC-200,SYS-BATCH,System,GST output booked,0.0,144520.3,Not required,
JE1059832,1,2025-04-04,2025-04-04,5340,Legal and professional fees,Expense,CC-300,SYS-BATCH,System,Professional fees billed,334546.31,0.0,Not required,
JE1059832,2,2025-04-04,2025-04-04,2100,Trade payables,Liability,CC-300,SYS-BATCH,System,Professional fees billed,0.0,334546.31,Not required,
JE1060518,1,2025-04-04,2025-04-04,2100,Trade payables,Liability,CC-600,SYS-BATCH,System,Supplier payment,52929.99,0.0,Not required,
JE1060518,2,2025-04-04,2025-04-04,1110,Bank - current account,Asset,CC-600,SYS-BATCH,System,Supplier payment,0.0,52929.99,Not required,
JE1060538,1,2025-04-04,2025-04-04,2100,Trade payables,Liability,CC-100,SYS-BATCH,System,Supplier payment,319488.6,0.0,Not required,
JE1060538,2,2025-04-04,2025-04-04,1110,Bank - current account,Asset,CC-100,SYS-BATCH,System,Supplier payment,0.0,319488.6,Not required,
JE1060666,1,2025-04-04,2025-04-04,5100,Cost of materials consumed,Expense,CC-200,SYS-BATCH,System,Purchase of raw material,316111.55,0.0,Not required,
JE1060666,2,2025-04-04,2025-04-04,2100,Trade payables,Liability,CC-200,SYS-BATCH,System,Purchase of raw material,0.0,316111.55,Not required,
JE1060705,1,2025-04-04,2025-04-04,5330,Travel and conveyance,Expense,CC-400,SYS-BATCH,System,Travel reimbursement,61733.79,0.0,Not required,
JE1060705,2,2025-04-04,2025-04-04,1110,Bank - current account,Asset,CC-400,SYS-BATCH,System,Travel reimbursement,0.0,61733.79,Not required,
JE1061249,1,2025-04-04,2025-04-01,5300,Rent expense,Expense,CC-300,SYS-BATCH,System,Rent for the period,122370.69,0.0,Not required,
JE1061249,2,2025-04-04,2025-04-01,2110,Accrued expenses,Liability,CC-300,SYS-BATCH,System,Rent for the period,0.0,122370.69,Not required,
JE1061688,1,2025-04-04,2025-04-02,5100,Cost of materials consumed,Expense,CC-600,SYS-BATCH,System,Purchase of raw material,152449.99,0.0,Not required,
JE1061688,2,2025-04-04,2025-04-02,2100,Trade payables,Liability,CC-600,SYS-BATCH,System,Purchase of raw material,0.0,152449.99,Not required,
JE1061899,1,2025-04-04,2025-04-01,1200,Trade receivables,Asset,CC-300,U008,Manual,Sales invoice raised,540721.05,0.0,Approved,A002
JE1061899,2,2025-04-04,2025-04-01,4100,Revenue - product sales,Income,CC-300,U008,Manual,Sales invoice raised,0.0,540721.05,Approved,A002
JE1062848,1,2025-04-04,2025-04-03,1200,Trade receivables,Asset,CC-600,SYS-BATCH,System,Service invoice raised,406121.13,0.0,Not required,
JE1062848,2,2025-04-04,2025-04-03,4110,Revenue - service income,Income,CC-600,SYS-BATCH,System,Service invoice raised,0.0,406121.13,Not required,
JE1063517,1,2025-04-04,2025-04-03,5200,Employee benefit expense,Expense,CC-500,SYS-BATCH,System,Payroll for the month,840922.04,0.0,Approved,A003
JE1063517,2,2025-04-04,2025-04-03,2120,Provision for employee benefits,Liability,CC-500,SYS-BATCH,System,Payroll for the month,0.0,840922.04,Approved,A003
JE1063843,1,2025-04-04,2025-04-04,1200,Trade receivables,Asset,CC-500,SYS-BATCH,System,GST output booked,86228.78,0.0,Not required,
JE1063843,2,2025-04-04,2025-04-04,2200,Output GST payable,Liability,CC-500,SYS-BATCH,System,GST output booked,0.0,86228.78,Not required,
JE1063942,1,2025-04-04,2025-04-04,1200,Trade receivables,Asset,CC-200,U018,Manual,Sales invoice raised,754807.63,0.0,Approved,A003
JE1063942,2,2025-04-04,2025-04-04,4100,Revenue - product sales,Income,CC-200,U018,Manual,Sales invoice raised,0.0,754807.63,Approved,A003
JE1064378,1,2025-04-04,2025-04-03,5100,Cost of materials consumed,Expense,CC-200,SYS-BATCH,System,Purchase of raw material,339804.18,0.0,Not required,
JE1064378,2,2025-04-04,2025-04-03,2100,Trade payables,Liability,CC-200,SYS-BATCH,System,Purchase of raw material,0.0,339804.18,Not required,
JE1064537,1,2025-04-04,2025-04-03,5100,Cost of materials consumed,Expense,CC-400,SYS-BATCH,System,Purchase of raw material,676176.82,0.0,Approved,A001
JE1064537,2,2025-04-04,2025-04-03,2100,Trade payables,Liability,CC-400,SYS-BATCH,System,Purchase of raw material,0.0,676176.82,Approved,A001
JE1064603,1,2025-04-04,2025-04-04,1200,Trade receivables,Asset,CC-500,SYS-BATCH,System,GST output booked,108781.6,0.0,Not required,
JE1064603,2,2025-04-04,2025-04-04,2200,Output GST payable,Liability,CC-500,SYS-BATCH,System,GST output booked,0.0,108781.6,Not required,
JE1065462,1,2025-04-04,2025-04-04,5310,Power and fuel,Expense,CC-400,SYS-BATCH,System,Electricity charges,163754.32,0.0,Not required,
JE1065462,2,2025-04-04,2025-04-04,2110,Accrued expenses,Liability,CC-400,SYS-BATCH,System,Electricity charges,0.0,163754.32,Not required,
JE1065463,1,2025-04-04,2025-04-04,1200,Trade receivables,Asset,CC-200,SYS-BATCH,System,Sales invoice raised,311834.13,0.0,Not required,
JE1065463,2,2025-04-04,2025-04-04,4100,Revenue - product sales,Income,CC-200,SYS-BATCH,System,Sales invoice raised,0.0,311834.13,Not required,
JE1065801,1,2025-04-04,2025-04-04,5380,Printing and stationery,Expense,CC-200,SYS-BATCH,System,Stationery purchase,28876.57,0.0,Not required,
JE1065801,2,2025-04-04,2025-04-04,2100,Trade payables,Liability,CC-200,SYS-BATCH,System,Stationery purchase,0.0,28876.57,Not required,
JE1066320,1,2025-04-04,2025-04-04,1110,Bank - current account,Asset,CC-400,SYS-BATCH,System,Customer receipt,571304.35,0.0,Approved,A002
JE1066320,2,2025-04-04,2025-04-04,1200,Trade receivables,Asset,CC-400,SYS-BATCH,System,Customer receipt,0.0,571304.35,Approved,A002
JE1066333,1,2025-04-04,2025-04-04,5340,Legal and professional fees,Expense,CC-600,U009,Manual,Professional fees billed,323336.72,0.0,Not required,
JE1066333,2,2025-04-04,2025-04-04,2100,Trade payables,Liability,CC-600,U009,Manual,Professional fees billed,0.0,323336.72,Not required,
JE1066650,1,2025-04-04,2025-04-03,1200,Trade receivables,Asset,CC-300,U015,Manual,Sales invoice raised,555815.69,0.0,Approved,A002
JE1066650,2,2025-04-04,2025-04-03,4100,Revenue - product sales,Income,CC-300,U015,Manual,Sales invoice raised,0.0,555815.69,Approved,A002
JE1066898,1,2025-04-04,2025-04-03,1200,Trade receivables,Asset,CC-600,SYS-BATCH,System,Sales invoice raised,240538.94,0.0,Not required,
JE1066898,2,2025-04-04,2025-04-03,4100,Revenue - product sales,Income,CC-600,SYS-BATCH,System,Sales invoice raised,0.0,240538.94,Not required,
JE1067001,1,2025-04-04,2025-04-04,1110,Bank - current account,Asset,CC-300,SYS-BATCH,System,Customer receipt,393861.96,0.0,Not required,
JE1067001,2,2025-04-04,2025-04-04,1200,Trade receivables,Asset,CC-300,SYS-BATCH,System,Customer receipt,0.0,393861.96,Not required,
JE1067374,1,2025-04-04,2025-04-03,5100,Cost of materials consumed,Expense,CC-300,SYS-BATCH,System,Purchase of raw material,566529.85,0.0,Approved,A001
JE1067374,2,2025-04-04,2025-04-03,2100,Trade payables,Liability,CC-300,SYS-BATCH,System,Purchase of raw material,0.0,566529.85,Approved,A001
JE1067482,1,2025-04-04,2025-04-03,1200,Trade receivables,Asset,CC-600,SYS-BATCH,System,Sales invoice raised,334024.2,0.0,Not required,
JE1067482,2,2025-04-04,2025-04-03,4100,Revenue - product sales,Income,CC-600,SYS-BATCH,System,Sales invoice raised,0.0,334024.2,Not required,
JE1067514,1,2025-04-04,2025-04-04,1200,Trade receivables,Asset,CC-200,SYS-BATCH,System,Sales invoice raised,653346.6,0.0,Approved,A002
JE1067514,2,2025-04-04,2025-04-04,4100,Revenue - product sales,Income,CC-200,SYS-BATCH,System,Sales invoice raised,0.0,653346.6,Approved,A002
JE1067739,1,2025-04-04,2025-04-02,5100,Cost of materials consumed,Expense,CC-200,SYS-BATCH,System,Purchase of raw material,506664.89,0.0,Approved,A001
JE1067739,2,2025-04-04,2025-04-02,2100,Trade payables,Liability,CC-200,SYS-BATCH,System,Purchase of raw material,0.0,506664.89,Approved,A001
JE1068268,1,2025-04-04,2025-04-03,5100,Cost of materials consumed,Expense,CC-100,SYS-BATCH,System,Purchase of raw material,629105.08,0.0,Approved,A003
JE1068268,2,2025-04-04,2025-04-03,2100,Trade payables,Liability,CC-100,SYS-BATCH,System,Purchase of raw material,0.0,629105.08,Approved,A003
JE1068280,1,2025-04-04,2025-04-03,5340,Legal and professional fees,Expense,CC-400,SYS-BATCH,System,Professional fees billed,387647.89,0.0,Not required,
JE1068280,2,2025-04-04,2025-04-03,2100,Trade payables,Liability,CC-400,SYS-BATCH,System,Professional fees billed,0.0,387647.89,Not required,
JE1068691,1,2025-04-04,2025-04-03,5210,Contract staff cost,Expense,CC-500,U017,Manual,Contract staff billing,207347.32,0.0,Not required,
JE1068691,2,2025-04-04,2025-04-03,2100,Trade payables,Liability,CC-500,U017,Manual,Contract staff billing,0.0,207347.32,Not required,
JE1068693,1,2025-04-04,2025-04-04,5300,Rent expense,Expense,CC-600,U005,Manual,Rent for the period,245033.7,0.0,Not required,
JE1068693,2,2025-04-04,2025-04-04,2110,Accrued expenses,Liability,CC-600,U005,Manual,Rent for the period,0.0,245033.7,Not required,
JE1068812,1,2025-04-04,2025-04-03,5350,Advertisement and marketing,Expense,CC-400,SYS-BATCH,System,Marketing spend,26256.13,0.0,Not required,
JE1068812,2,2025-04-04,2025-04-03,2100,Trade payables,Liability,CC-400,SYS-BATCH,System,Marketing spend,0.0,26256.13,Not required,
JE1068960,1,2025-04-04,2025-04-04,1200,Trade receivables,Asset,CC-400,SYS-BATCH,System,Service invoice raised,37384.97,0.0,Not required,
JE1068960,2,2025-04-04,2025-04-04,4110,Revenue - service income,Income,CC-400,SYS-BATCH,System,Service invoice raised,0.0,37384.97,Not required,
JE1070105,1,2025-04-04,2025-04-04,1200,Trade receivables,Asset,CC-200,SYS-BATCH,System,Service invoice raised,272626.61,0.0,Not required,
JE1070105,2,2025-04-04,2025-04-04,4110,Revenue - service income,Income,CC-200,SYS-BATCH,System,Service invoice raised,0.0,272626.61,Not required,
JE1070705,1,2025-04-04,2025-04-04,5300,Rent expense,Expense,CC-500,SYS-BATCH,System,Rent for the period,424958.96,0.0,Not required,
JE1070705,2,2025-04-04,2025-04-04,2110,Accrued expenses,Liability,CC-500,SYS-BATCH,System,Rent for the period,0.0,424958.96,Not required,
JE1070717,1,2025-04-04,2025-04-03,5350,Advertisement and marketing,Expense,CC-600,U002,Manual,Marketing spend,489231.62,0.0,Not required,
JE1070717,2,2025-04-04,2025-04-03,2100,Trade payables,Liability,CC-600,U002,Manual,Marketing spend,0.0,489231.62,Not required,
JE1071046,1,2025-04-04,2025-04-03,1110,Bank - current account,Asset,CC-600,SYS-BATCH,System,Customer receipt,44267.14,0.0,Not required,
JE1071046,2,2025-04-04,2025-04-03,1200,Trade receivables,Asset,CC-600,SYS-BATCH,System,Customer receipt,0.0,44267.14,Not required,
JE1071468,1,2025-04-04,2025-04-02,2100,Trade payables,Liability,CC-100,SYS-BATCH,System,Supplier payment,83232.91,0.0,Not required,
JE1071468,2,2025-04-04,2025-04-02,1110,Bank - current account,Asset,CC-100,SYS-BATCH,System,Supplier payment,0.0,83232.91,Not required,
JE1072505,1,2025-04-04,2025-04-01,2100,Trade payables,Liability,CC-400,SYS-BATCH,System,Supplier payment,131754.98,0.0,Not required,
JE1072505,2,2025-04-04,2025-04-01,1110,Bank - current account,Asset,CC-400,SYS-BATCH,System,Supplier payment,0.0,131754.98,Not required,
JE1072691,1,2025-04-04,2025-04-03,1200,Trade receivables,Asset,CC-300,SYS-BATCH,System,Sales invoice raised,282397.4,0.0,Not required,
JE1072691,2,2025-04-04,2025-04-03,4100,Revenue - product sales,Income,CC-300,SYS-BATCH,System,Sales invoice raised,0.0,282397.4,Not required,
JE1072836,1,2025-04-04,2025-04-04,1200,Trade receivables,Asset,CC-500,SYS-BATCH,System,Service invoice raised,493779.52,0.0,Not required,
JE1072836,2,2025-04-04,2025-04-04,4110,Revenue - service income,Income,CC-500,SYS-BATCH,System,Service invoice raised,0.0,493779.52,Not required,
JE1072927,1,2025-04-04,2025-04-01,1110,Bank - current account,Asset,CC-200,SYS-BATCH,System,Customer receipt,673293.48,0.0,Approved,A002
JE1072927,2,2025-04-04,2025-04-01,1200,Trade receivables,Asset,CC-200,SYS-BATCH,System,Customer receipt,0.0,673293.48,Approved,A002
JE1073459,1,2025-04-04,2025-04-04,5350,Advertisement and marketing,Expense,CC-400,SYS-BATCH,System,Marketing spend,188196.89,0.0,Not required,
JE1073459,2,2025-04-04,2025-04-04,2100,Trade payables,Liability,CC-400,SYS-BATCH,System,Marketing spend,0.0,188196.89,Not required,
JE1073831,1,2025-04-04,2025-04-04,2100,Trade payables,Liability,CC-600,SYS-BATCH,System,Supplier payment,208122.93,0.0,Not required,
JE1073831,2,2025-04-04,2025-04-04,1110,Bank - current account,Asset,CC-600,SYS-BATCH,System,Supplier payment,0.0,208122.93,Not required,
JE1074046,1,2025-04-04,2025-04-04,5310,Power and fuel,Expense,CC-500,SYS-BATCH,System,Electricity charges,111768.04,0.0,Not required,
JE1074046,2,2025-04-04,2025-04-04,2110,Accrued expenses,Liability,CC-500,SYS-BATCH,System,Electricity charges,0.0,111768.04,Not required,
JE1074080,1,2025-04-04,2025-04-03,5300,Rent expense,Expense,CC-300,SYS-BATCH,System,Rent for the period,219754.89,0.0,Not required,
JE1074080,2,2025-04-04,2025-04-03,2110,Accrued expenses,Liability,CC-300,SYS-BATCH,System,Rent for the period,0.0,219754.89,Not required,
JE1074128,1,2025-04-04,2025-04-04,5370,Communication expense,Expense,CC-400,U016,Manual,Telephone and internet,44016.02,0.0,Not required,
JE1074128,2,2025-04-04,2025-04-04,2110,Accrued expenses,Liability,CC-400,U016,Manual,Telephone and internet,0.0,44016.02,Not required,
JE1074147,1,2025-04-04,2025-04-04,5500,Finance cost,Expense,CC-100,SYS-BATCH,System,Interest on borrowings,500567.35,0.0,Approved,A001
JE1074147,2,2025-04-04,2025-04-04,2310,Interest accrued but not due,Liability,CC-100,SYS-BATCH,System,Interest on borrowings,0.0,500567.35,Approved,A001
JE1074238,1,2025-04-04,2025-04-01,1600,Input GST receivable,Asset,CC-600,SYS-BATCH,System,GST input booked,80916.0,0.0,Not required,
JE1074238,2,2025-04-04,2025-04-01,2100,Trade payables,Liability,CC-600,SYS-BATCH,System,GST input booked,0.0,80916.0,Not required,
JE1074390,1,2025-04-04,2025-04-02,1200,Trade receivables,Asset,CC-500,U013,Manual,Sales invoice raised,441238.63,0.0,Not required,
JE1074390,2,2025-04-04,2025-04-02,4100,Revenue - product sales,Income,CC-500,U013,Manual,Sales invoice raised,0.0,441238.63,Not required,
JE1075202,1,2025-04-04,2025-04-03,5340,Legal and professional fees,Expense,CC-100,SYS-BATCH,System,Professional fees billed,157578.3,0.0,Not required,
JE1075202,2,2025-04-04,2025-04-03,2100,Trade payables,Liability,CC-100,SYS-BATCH,System,Professional fees billed,0.0,157578.3,Not required,
JE1075289,1,2025-04-04,2025-04-04,1200,Trade receivables,Asset,CC-500,U019,Manual,Sales invoice raised,173175.88,0.0,Not required,
JE1075289,2,2025-04-04,2025-04-04,4100,Revenue - product sales,Income,CC-500,U019,Manual,Sales invoice raised,0.0,173175.88,Not required,
JE1075586,1,2025-04-04,2025-04-03,1200,Trade receivables,Asset,CC-100,SYS-BATCH,System,Service invoice raised,32037.24,0.0,Not required,
JE1075586,2,2025-04-04,2025-04-03,4110,Revenue - service income,Income,CC-100,SYS-BATCH,System,Service invoice raised,0.0,32037.24,Not required,
JE1075600,1,2025-04-04,2025-04-02,1200,Trade receivables,Asset,CC-500,SYS-BATCH,System,Service invoice raised,596766.92,0.0,Approved,A001
JE1075600,2,2025-04-04,2025-04-02,4110,Revenue - service income,Income,CC-500,SYS-BATCH,System,Service invoice raised,0.0,596766.92,Approved,A001
JE1075605,1,2025-04-04,2025-04-02,1110,Bank - current account,Asset,CC-100,SYS-BATCH,System,Customer receipt,308400.12,0.0,Not required,
JE1075605,2,2025-04-04,2025-04-02,1200,Trade receivables,Asset,CC-100,SYS-BATCH,System,Customer receipt,0.0,308400.12,Not required,
JE1075639,1,2025-04-04,2025-04-04,1110,Bank - current account,Asset,CC-200,SYS-BATCH,System,Customer receipt,313657.84,0.0,Not required,
JE1075639,2,2025-04-04,2025-04-04,1200,Trade receivables,Asset,CC-200,SYS-BATCH,System,Customer receipt,0.0,313657.84,Not required,
JE1075727,1,2025-04-04,2025-04-02,1110,Bank - current account,Asset,CC-600,U008,Manual,Customer receipt,53773.33,0.0,Not required,
JE1075727,2,2025-04-04,2025-04-02,1200,Trade receivables,Asset,CC-600,U008,Manual,Customer receipt,0.0,53773.33,Not required,
JE1075728,1,2025-04-04,2025-04-04,5210,Contract staff cost,Expense,CC-500,SYS-BATCH,System,Contract staff billing,291526.41,0.0,Not required,
JE1075728,2,2025-04-04,2025-04-04,2100,Trade payables,Liability,CC-500,SYS-BATCH,System,Contract staff billing,0.0,291526.41,Not required,
JE1075981,1,2025-04-04,2025-04-04,5500,Finance cost,Expense,CC-300,SYS-BATCH,System,Interest on borrowings,148845.29,0.0,Not required,
JE1075981,2,2025-04-04,2025-04-04,2310,Interest accrued but not due,Liability,CC-300,SYS-BATCH,System,Interest on borrowings,0.0,148845.29,Not required,
JE1075987,1,2025-04-04,2025-04-03,1410,Advance to suppliers,Asset,CC-300,SYS-BATCH,System,Advance to supplier,382618.04,0.0,Not required,
JE1075987,2,2025-04-04,2025-04-03,1110,Bank - current account,Asset,CC-300,SYS-BATCH,System,Advance to supplier,0.0,382618.04,Not required,
JE1075989,1,2025-04-04,2025-04-04,1200,Trade receivables,Asset,CC-500,SYS-BATCH,System,Sales invoice raised,373608.74,0.0,Not required,
JE1075989,2,2025-04-04,2025-04-04,4100,Revenue - product sales,Income,CC-500,SYS-BATCH,System,Sales invoice raised,0.0,373608.74,Not required,
JE1076429,1,2025-04-04,2025-04-04,5100,Cost of materials consumed,Expense,CC-400,SYS-BATCH,System,Purchase of raw material,574126.7,0.0,Approved,A003
JE1076429,2,2025-04-04,2025-04-04,2100,Trade payables,Liability,CC-400,SYS-BATCH,System,Purchase of raw material,0.0,574126.7,Approved,A003
JE1076929,1,2025-04-04,2025-04-01,2100,Trade payables,Liability,CC-600,SYS-BATCH,System,TDS deducted on payment,18106.37,0.0,Not required,
JE1076929,2,2025-04-04,2025-04-01,2210,TDS payable,Liability,CC-600,SYS-BATCH,System,TDS deducted on payment,0.0,18106.37,Not required,
JE1077237,1,2025-04-04,2025-04-03,5400,Depreciation and amortisation,Expense,CC-600,SYS-BATCH,System,Depreciation charge,665166.78,0.0,Approved,A003
JE1077237,2,2025-04-04,2025-04-03,1510,Accumulated depreciation,Asset,CC-600,SYS-BATCH,System,Depreciation charge,0.0,665166.78,Approved,A003
JE1077437,1,2025-04-04,2025-04-01,5330,Travel and conveyance,Expense,CC-100,U003,Manual,Travel reimbursement,18784.75,0.0,Not required,
JE1077437,2,2025-04-04,2025-04-01,1110,Bank - current account,Asset,CC-100,U003,Manual,Travel reimbursement,0.0,18784.75,Not required,
JE1077791,1,2025-04-04,2025-04-03,1110,Bank - current account,Asset,CC-400,SYS-BATCH,System,Customer receipt,101698.79,0.0,Not required,
JE1077791,2,2025-04-04,2025-04-03,1200,Trade receivables,Asset,CC-400,SYS-BATCH,System,Customer receipt,0.0,101698.79,Not required,
JE1078108,1,2025-04-04,2025-04-02,1200,Trade receivables,Asset,CC-400,SYS-BATCH,System,Sales invoice raised,118187.63,0.0,Not required,
JE1078108,2,2025-04-04,2025-04-02,4100,Revenue - product sales,Income,CC-400,SYS-BATCH,System,Sales invoice raised,0.0,118187.63,Not required,
JE1078150,1,2025-04-04,2025-04-04,1200,Trade receivables,Asset,CC-500,U016,Manual,Sales invoice raised,866175.2,0.0,Approved,A003
JE1078150,2,2025-04-04,2025-04-04,4100,Revenue - product sales,Income,CC-500,U016,Manual,Sales invoice raised,0.0,866175.2,Approved,A003
JE1078477,1,2025-04-04,2025-04-03,2100,Trade payables,Liability,CC-100,SYS-BATCH,System,Supplier payment,405210.39,0.0,Not required,
JE1078477,2,2025-04-04,2025-04-03,1110,Bank - current account,Asset,CC-100,SYS-BATCH,System,Supplier payment,0.0,405210.39,Not required,
JE1078487,1,2025-04-04,2025-04-04,1600,Input GST receivable,Asset,CC-100,SYS-BATCH,System,GST input booked,98881.48,0.0,Not required,
JE1078487,2,2025-04-04,2025-04-04,2100,Trade payables,Liability,CC-100,SYS-BATCH,System,GST input booked,0.0,98881.48,Not required,
JE1078542,1,2025-04-04,2025-04-03,2100,Trade payables,Liability,CC-600,SYS-BATCH,System,Supplier payment,204039.55,0.0,Not required,
JE1078542,2,2025-04-04,2025-04-03,1110,Bank - current account,Asset,CC-600,SYS-BATCH,System,Supplier payment,0.0,204039.55,Not required,
JE1079032,1,2025-04-04,2025-04-01,1200,Trade receivables,Asset,CC-300,SYS-BATCH,System,Service invoice raised,93079.85,0.0,Not required,
JE1079032,2,2025-04-04,2025-04-01,4110,Revenue - service income,Income,CC-300,SYS-BATCH,System,Service invoice raised,0.0,93079.85,Not required,
JE1079402,1,2025-04-04,2025-04-04,5370,Communication expense,Expense,CC-300,SYS-BATCH,System,Telephone and internet,15536.74,0.0,Not required,
JE1079402,2,2025-04-04,2025-04-04,2110,Accrued expenses,Liability,CC-300,SYS-BATCH,System,Telephone and internet,0.0,15536.74,Not required,
JE1079431,1,2025-04-04,2025-04-03,1200,Trade receivables,Asset,CC-100,SYS-BATCH,System,Sales invoice raised,776931.24,0.0,Approved,A001
JE1079431,2,2025-04-04,2025-04-03,4100,Revenue - product sales,Income,CC-100,SYS-BATCH,System,Sales invoice raised,0.0,776931.24,Approved,A001
JE1079957,1,2025-04-04,2025-04-03,2100,Trade payables,Liability,CC-300,SYS-BATCH,System,Supplier payment,548652.46,0.0,Approved,A002
JE1079957,2,2025-04-04,2025-04-03,1110,Bank - current account,Asset,CC-300,SYS-BATCH,System,Supplier payment,0.0,548652.46,Approved,A002
JE1080643,1,2025-04-04,2025-04-04,1200,Trade receivables,Asset,CC-200,SYS-BATCH,System,Service invoice raised,260755.16,0.0,Not required,
JE1080643,2,2025-04-04,2025-04-04,4110,Revenue - service income,Income,CC-200,SYS-BATCH,System,Service invoice raised,0.0,260755.16,Not required,
JE1080918,1,2025-04-04,2025-04-04,5340,Legal and professional fees,Expense,CC-600,SYS-BATCH,System,Professional fees billed,84815.77,0.0,Not required,
JE1080918,2,2025-04-04,2025-04-04,2100,Trade payables,Liability,CC-600,SYS-BATCH,System,Professional fees billed,0.0,84815.77,Not required,
JE1080986,1,2025-04-04,2025-04-01,1110,Bank - current account,Asset,CC-400,SYS-BATCH,System,Customer receipt,255973.41,0.0,Not required,
JE1080986,2,2025-04-04,2025-04-01,1200,Trade receivables,Asset,CC-400,SYS-BATCH,System,Customer receipt,0.0,255973.41,Not required,
JE1081010,1,2025-04-04,2025-04-04,2100,Trade payables,Liability,CC-600,SYS-BATCH,System,Supplier payment,409700.7,0.0,Not required,
JE1081010,2,2025-04-04,2025-04-04,1110,Bank - current account,Asset,CC-600,SYS-BATCH,System,Supplier payment,0.0,409700.7,Not required,
JE1081122,1,2025-04-04,2025-04-03,2100,Trade payables,Liability,CC-200,SYS-BATCH,System,TDS deducted on payment,13795.01,0.0,Not required,
JE1081122,2,2025-04-04,2025-04-03,2210,TDS payable,Liability,CC-200,SYS-BATCH,System,TDS deducted on payment,0.0,13795.01,Not required,
JE1081129,1,2025-04-04,2025-04-02,5100,Cost of materials consumed,Expense,CC-200,SYS-BATCH,System,Purchase of raw material,539057.99,0.0,Approved,A003
JE1081129,2,2025-04-04,2025-04-02,2100,Trade payables,Liability,CC-200,SYS-BATCH,System,Purchase of raw material,0.0,539057.99,Approved,A003
JE1081296,1,2025-04-04,2025-04-04,2100,Trade payables,Liability,CC-500,SYS-BATCH,System,Supplier payment,96860.41,0.0,Not required,
JE1081296,2,2025-04-04,2025-04-04,1110,Bank - current account,Asset,CC-500,SYS-BATCH,System,Supplier payment,0.0,96860.41,Not required,
JE1081384,1,2025-04-04,2025-04-04,5100,Cost of materials consumed,Expense,CC-600,SYS-BATCH,System,Purchase of raw material,471694.48,0.0,Not required,
JE1081384,2,2025-04-04,2025-04-04,2100,Trade payables,Liability,CC-600,SYS-BATCH,System,Purchase of raw material,0.0,471694.48,Not required,
JE1081523,1,2025-04-04,2025-04-04,5400,Depreciation and amortisation,Expense,CC-300,U018,Manual,Depreciation charge,212376.04,0.0,Not required,
JE1081523,2,2025-04-04,2025-04-04,1510,Accumulated depreciation,Asset,CC-300,U018,Manual,Depreciation charge,0.0,212376.04,Not required,
JE1081540,1,2025-04-04,2025-04-03,5340,Legal and professional fees,Expense,CC-500,SYS-BATCH,System,Professional fees billed,254992.17,0.0,Not required,
JE1081540,2,2025-04-04,2025-04-03,2100,Trade payables,Liability,CC-500,SYS-BATCH,System,Professional fees billed,0.0,254992.17,Not required,
JE1081653,1,2025-04-04,2025-04-03,5310,Power and fuel,Expense,CC-100,SYS-BATCH,System,Electricity charges,150143.68,0.0,Not required,
JE1081653,2,2025-04-04,2025-04-03,2110,Accrued expenses,Liability,CC-100,SYS-BATCH,System,Electricity charges,0.0,150143.68,Not required,
JE1081804,1,2025-04-04,2025-04-04,2100,Trade payables,Liability,CC-300,U017,Manual,Supplier payment,462133.94,0.0,Not required,
JE1081804,2,2025-04-04,2025-04-04,1110,Bank - current account,Asset,CC-300,U017,Manual,Supplier payment,0.0,462133.94,Not required,
JE1081824,1,2025-04-04,2025-04-03,5100,Cost of materials consumed,Expense,CC-100,U013,Manual,Purchase of raw material,349222.61,0.0,Not required,
JE1081824,2,2025-04-04,2025-04-03,2100,Trade payables,Liability,CC-100,U013,Manual,Purchase of raw material,0.0,349222.61,Not required,
JE1081974,1,2025-04-04,2025-04-04,5330,Travel and conveyance,Expense,CC-500,SYS-BATCH,System,Travel reimbursement,71801.93,0.0,Not required,
JE1081974,2,2025-04-04,2025-04-04,1110,Bank - current account,Asset,CC-500,SYS-BATCH,System,Travel reimbursement,0.0,71801.93,Not required,
JE1082032,1,2025-04-04,2025-04-02,5100,Cost of materials consumed,Expense,CC-500,U016,Manual,Purchase of raw material,94902.97,0.0,Not required,
JE1082032,2,2025-04-04,2025-04-02,2100,Trade payables,Liability,CC-500,U016,Manual,Purchase of raw material,0.0,94902.97,Not required,
JE1082438,1,2025-04-04,2025-04-04,5100,Cost of materials consumed,Expense,CC-600,SYS-BATCH,System,Purchase of raw material,218208.66,0.0,Not required,
JE1082438,2,2025-04-04,2025-04-04,2100,Trade payables,Liability,CC-600,SYS-BATCH,System,Purchase of raw material,0.0,218208.66,Not required,
JE1082534,1,2025-04-04,2025-04-01,5350,Advertisement and marketing,Expense,CC-400,SYS-BATCH,System,Marketing spend,456361.62,0.0,Not required,
JE1082534,2,2025-04-04,2025-04-01,2100,Trade payables,Liability,CC-400,SYS-BATCH,System,Marketing spend,0.0,456361.62,Not required,
JE1082600,1,2025-04-04,2025-04-04,1200,Trade receivables,Asset,CC-300,SYS-BATCH,System,Sales invoice raised,587602.71,0.0,Approved,A003
JE1082600,2,2025-04-04,2025-04-04,4100,Revenue - product sales,Income,CC-300,SYS-BATCH,System,Sales invoice raised,0.0,587602.71,Approved,A003
JE1082761,1,2025-04-04,2025-04-03,5330,Travel and conveyance,Expense,CC-400,U014,Manual,Travel reimbursement,75581.72,0.0,Not required,
JE1082761,2,2025-04-04,2025-04-03,1110,Bank - current account,Asset,CC-400,U014,Manual,Travel reimbursement,0.0,75581.72,Not required,
JE1083184,1,2025-04-04,2025-04-04,5380,Printing and stationery,Expense,CC-500,SYS-BATCH,System,Stationery purchase,23157.51,0.0,Not required,
JE1083184,2,2025-04-04,2025-04-04,2100,Trade payables,Liability,CC-500,SYS-BATCH,System,Stationery purchase,0.0,23157.51,Not required,
JE1083307,1,2025-04-04,2025-04-04,1200,Trade receivables,Asset,CC-400,SYS-BATCH,System,GST output booked,5648.15,0.0,Not required,
JE1083307,2,2025-04-04,2025-04-04,2200,Output GST payable,Liability,CC-400,SYS-BATCH,System,GST output booked,0.0,5648.15,Not required,
JE1083477,1,2025-04-04,2025-04-03,1110,Bank - current account,Asset,CC-600,SYS-BATCH,System,Customer receipt,768250.13,0.0,Approved,A001
JE1083477,2,2025-04-04,2025-04-03,1200,Trade receivables,Asset,CC-600,SYS-BATCH,System,Customer receipt,0.0,768250.13,Approved,A001
JE1083521,1,2025-04-04,2025-04-04,5320,Repairs and maintenance,Expense,CC-600,U014,Manual,Repairs and upkeep,118358.31,0.0,Not required,
JE1083521,2,2025-04-04,2025-04-04,2100,Trade payables,Liability,CC-600,U014,Manual,Repairs and upkeep,0.0,118358.31,Not required,
JE1083646,1,2025-04-04,2025-04-04,1600,Input GST receivable,Asset,CC-400,SYS-BATCH,System,GST input booked,34290.02,0.0,Not required,
JE1083646,2,2025-04-04,2025-04-04,2100,Trade payables,Liability,CC-400,SYS-BATCH,System,GST input booked,0.0,34290.02,Not required,
JE1083647,1,2025-04-04,2025-04-04,5350,Advertisement and marketing,Expense,CC-300,SYS-BATCH,System,Marketing spend,352449.38,0.0,Not required,
JE1083647,2,2025-04-04,2025-04-04,2100,Trade payables,Liability,CC-300,SYS-BATCH,System,Marketing spend,0.0,352449.38,Not required,
JE1083693,1,2025-04-04,2025-04-04,5330,Travel and conveyance,Expense,CC-100,SYS-BATCH,System,Travel reimbursement,85670.9,0.0,Not required,
JE1083693,2,2025-04-04,2025-04-04,1110,Bank - current account,Asset,CC-100,SYS-BATCH,System,Travel reimbursement,0.0,85670.9,Not required,
JE1083784,1,2025-04-04,2025-04-04,5340,Legal and professional fees,Expense,CC-600,SYS-BATCH,System,Professional fees billed,376986.22,0.0,Not required,
JE1083784,2,2025-04-04,2025-04-04,2100,Trade payables,Liability,CC-600,SYS-BATCH,System,Professional fees billed,0.0,376986.22,Not required,
JE1083830,1,2025-04-04,2025-04-03,5320,Repairs and maintenance,Expense,CC-500,SYS-BATCH,System,Repairs and upkeep,140189.84,0.0,Not required,
JE1083830,2,2025-04-04,2025-04-03,2100,Trade payables,Liability,CC-500,SYS-BATCH,System,Repairs and upkeep,0.0,140189.84,Not required,
JE1083858,1,2025-04-04,2025-04-04,5210,Contract staff cost,Expense,CC-600,U016,Manual,Contract staff billing,334634.54,0.0,Not required,
JE1083858,2,2025-04-04,2025-04-04,2100,Trade payables,Liability,CC-600,U016,Manual,Contract staff billing,0.0,334634.54,Not required,
JE1000081,1,2025-04-07,2025-04-07,1200,Trade receivables,Asset,CC-300,SYS-BATCH,System,Sales invoice raised,736042.67,0.0,Approved,A002
JE1000081,2,2025-04-07,2025-04-07,4100,Revenue - product sales,Income,CC-300,SYS-BATCH,System,Sales invoice raised,0.0,736042.67,Approved,A002
JE1000197,1,2025-04-07,2025-04-05,1200,Trade receivables,Asset,CC-300,SYS-BATCH,System,Sales invoice raised,476022.49,0.0,Not required,
JE1000197,2,2025-04-07,2025-04-05,4100,Revenue - product sales,Income,CC-300,SYS-BATCH,System,Sales invoice raised,0.0,476022.49,Not required,
JE1000218,1,2025-04-07,2025-04-05,5320,Repairs and maintenance,Expense,CC-100,SYS-BATCH,System,Repairs and upkeep,140980.6,0.0,Not required,
JE1000218,2,2025-04-07,2025-04-05,2100,Trade payables,Liability,CC-100,SYS-BATCH,System,Repairs and upkeep,0.0,140980.6,Not required,
JE1000498,1,2025-04-07,2025-04-07,5370,Communication expense,Expense,CC-100,SYS-BATCH,System,Telephone and internet,57169.71,0.0,Not required,
JE1000498,2,2025-04-07,2025-04-07,2110,Accrued expenses,Liability,CC-100,SYS-BATCH,System,Telephone and internet,0.0,57169.71,Not required,
JE1000576,1,2025-04-07,2025-04-06,5100,Cost of materials consumed,Expense,CC-500,SYS-BATCH,System,Purchase of raw material,135220.15,0.0,Not required,
JE1000576,2,2025-04-07,2025-04-06,2100,Trade payables,Liability,CC-500,SYS-BATCH,System,Purchase of raw material,0.0,135220.15,Not required,
JE1000706,1,2025-04-07,2025-04-07,1600,Input GST receivable,Asset,CC-500,SYS-BATCH,System,GST input booked,12320.73,0.0,Not required,
JE1000706,2,2025-04-07,2025-04-07,2100,Trade payables,Liability,CC-500,SYS-BATCH,System,GST input booked,0.0,12320.73,Not required,
JE1000994,1,2025-04-07,2025-04-06,2100,Trade payables,Liability,CC-400,U006,Manual,Supplier payment,171552.77,0.0,Not required,
JE1000994,2,2025-04-07,2025-04-06,1110,Bank - current account,Asset,CC-400,U006,Manual,Supplier payment,0.0,171552.77,Not required,
JE1001154,1,2025-04-07,2025-04-06,1200,Trade receivables,Asset,CC-300,SYS-BATCH,System,Sales invoice raised,616120.33,0.0,Approved,A001
JE1001154,2,2025-04-07,2025-04-06,4100,Revenue - product sales,Income,CC-300,SYS-BATCH,System,Sales invoice raised,0.0,616120.33,Approved,A001
JE1001271,1,2025-04-07,2025-04-07,5200,Employee benefit expense,Expense,CC-100,SYS-BATCH,System,Payroll for the month,1960019.43,0.0,Approved,A001
JE1001271,2,2025-04-07,2025-04-07,2120,Provision for employee benefits,Liability,CC-100,SYS-BATCH,System,Payroll for the month,0.0,1960019.43,Approved,A001
JE1001845,1,2025-04-07,2025-04-06,1200,Trade receivables,Asset,CC-300,SYS-BATCH,System,Sales invoice raised,222366.59,0.0,Not required,
JE1001845,2,2025-04-07,2025-04-06,4100,Revenue - product sales,Income,CC-300,SYS-BATCH,System,Sales invoice raised,0.0,222366.59,Not required,
JE1002014,1,2025-04-07,2025-04-06,1200,Trade receivables,Asset,CC-600,SYS-BATCH,System,Sales invoice raised,582428.44,0.0,Approved,A003
JE1002014,2,2025-04-07,2025-04-06,4100,Revenue - product sales,Income,CC-600,SYS-BATCH,System,Sales invoice raised,0.0,582428.44,Approved,A003
JE1002091,1,2025-04-07,2025-04-07,1200,Trade receivables,Asset,CC-600,SYS-BATCH,System,Service invoice raised,172916.88,0.0,Not required,
JE1002091,2,2025-04-07,2025-04-07,4110,Revenue - service income,Income,CC-600,SYS-BATCH,System,Service invoice raised,0.0,172916.88,Not required,
JE1002530,1,2025-04-07,2025-04-05,5100,Cost of materials consumed,Expense,CC-400,SYS-BATCH,System,Purchase of raw material,376907.09,0.0,Not required,
JE1002530,2,2025-04-07,2025-04-05,2100,Trade payables,Liability,CC-400,SYS-BATCH,System,Purchase of raw material,0.0,376907.09,Not required,
JE1002595,1,2025-04-07,2025-04-07,1200,Trade receivables,Asset,CC-300,SYS-BATCH,System,Service invoice raised,592386.33,0.0,Approved,A001
JE1002595,2,2025-04-07,2025-04-07,4110,Revenue - service income,Income,CC-300,SYS-BATCH,System,Service invoice raised,0.0,592386.33,Approved,A001
JE1002749,1,2025-04-07,2025-04-07,1200,Trade receivables,Asset,CC-600,U014,Manual,Service invoice raised,547562.92,0.0,Approved,A003
JE1002749,2,2025-04-07,2025-04-07,4110,Revenue - service income,Income,CC-600,U014,Manual,Service invoice raised,0.0,547562.92,Approved,A003
JE1002798,1,2025-04-07,2025-04-05,5210,Contract staff cost,Expense,CC-300,U004,Manual,Contract staff billing,121762.72,0.0,Not required,
JE1002798,2,2025-04-07,2025-04-05,2100,Trade payables,Liability,CC-300,U004,Manual,Contract staff billing,0.0,121762.72,Not required,
JE1003003,1,2025-04-07,2025-04-07,5360,Insurance,Expense,CC-300,SYS-BATCH,System,Insurance premium,158610.17,0.0,Not required,
JE1003003,2,2025-04-07,2025-04-07,1400,Prepaid expenses,Asset,CC-300,SYS-BATCH,System,Insurance premium,0.0,158610.17,Not required,
JE1003315,1,2025-04-07,2025-04-07,5380,Printing and stationery,Expense,CC-500,SYS-BATCH,System,Stationery purchase,2213.67,0.0,Not required,
JE1003315,2,2025-04-07,2025-04-07,2100,Trade payables,Liability,CC-500,SYS-BATCH,System,Stationery purchase,0.0,2213.67,Not required,
JE1003518,1,2025-04-07,2025-04-07,5200,Employee benefit expense,Expense,CC-300,SYS-BATCH,System,Payroll for the month,1061003.99,0.0,Approved,A001
JE1003518,2,2025-04-07,2025-04-07,2120,Provision for employee benefits,Liability,CC-300,SYS-BATCH,System,Payroll for the month,0.0,1061003.99,Approved,A001
JE1003730,1,2025-04-07,2025-04-07,1110,Bank - current account,Asset,CC-400,SYS-BATCH,System,Customer receipt,839717.48,0.0,Approved,A003
JE1003730,2,2025-04-07,2025-04-07,1200,Trade receivables,Asset,CC-400,SYS-BATCH,System,Customer receipt,0.0,839717.48,Approved,A003
JE1004075,1,2025-04-07,2025-04-06,5100,Cost of materials consumed,Expense,CC-500,SYS-BATCH,System,Purchase of raw material,41402.64,0.0,Not required,
JE1004075,2,2025-04-07,2025-04-06,2100,Trade payables,Liability,CC-500,SYS-BATCH,System,Purchase of raw material,0.0,41402.64,Not required,
JE1004967,1,2025-04-07,2025-04-04,5100,Cost of materials consumed,Expense,CC-100,SYS-BATCH,System,Purchase of raw material,669343.21,0.0,Approved,A002
JE1004967,2,2025-04-07,2025-04-04,2100,Trade payables,Liability,CC-100,SYS-BATCH,System,Purchase of raw material,0.0,669343.21,Approved,A002
JE1005180,1,2025-04-07,2025-04-07,1200,Trade receivables,Asset,CC-100,SYS-BATCH,System,Service invoice raised,344372.78,0.0,Not required,
JE1005180,2,2025-04-07,2025-04-07,4110,Revenue - service income,Income,CC-100,SYS-BATCH,System,Service invoice raised,0.0,344372.78,Not required,
JE1005536,1,2025-04-07,2025-04-07,1110,Bank - current account,Asset,CC-500,SYS-BATCH,System,Customer receipt,414570.62,0.0,Not required,
JE1005536,2,2025-04-07,2025-04-07,1200,Trade receivables,Asset,CC-500,SYS-BATCH,System,Customer receipt,0.0,414570.62,Not required,
JE1005564,1,2025-04-07,2025-04-06,1110,Bank - current account,Asset,CC-600,U001,Manual,Customer receipt,451233.32,0.0,Not required,
JE1005564,2,2025-04-07,2025-04-06,1200,Trade receivables,Asset,CC-600,U001,Manual,Customer receipt,0.0,451233.32,Not required,
JE1006110,1,2025-04-07,2025-04-07,5370,Communication expense,Expense,CC-200,SYS-BATCH,System,Telephone and internet,45523.27,0.0,Not required,
JE1006110,2,2025-04-07,2025-04-07,2110,Accrued expenses,Liability,CC-200,SYS-BATCH,System,Telephone and internet,0.0,45523.27,Not required,
JE1006287,1,2025-04-07,2025-04-06,1200,Trade receivables,Asset,CC-500,SYS-BATCH,System,Sales invoice raised,490233.68,0.0,Not required,
JE1006287,2,2025-04-07,2025-04-06,4100,Revenue - product sales,Income,CC-500,SYS-BATCH,System,Sales invoice raised,0.0,490233.68,Not required,
JE1006296,1,2025-04-07,2025-04-07,5100,Cost of materials consumed,Expense,CC-200,U003,Manual,Purchase of raw material,566548.66,0.0,Approved,A002
JE1006296,2,2025-04-07,2025-04-07,2100,Trade payables,Liability,CC-200,U003,Manual,Purchase of raw material,0.0,566548.66,Approved,A002
JE1006413,1,2025-04-07,2025-04-07,2100,Trade payables,Liability,CC-300,SYS-BATCH,System,Supplier payment,553021.89,0.0,Approved,A001
JE1006413,2,2025-04-07,2025-04-07,1110,Bank - current account,Asset,CC-300,SYS-BATCH,System,Supplier payment,0.0,553021.89,Approved,A001
JE1006667,1,2025-04-07,2025-04-07,5500,Finance cost,Expense,CC-100,SYS-BATCH,System,Interest on borrowings,103373.64,0.0,Not required,
JE1006667,2,2025-04-07,2025-04-07,2310,Interest accrued but not due,Liability,CC-100,SYS-BATCH,System,Interest on borrowings,0.0,103373.64,Not required,
JE1006930,1,2025-04-07,2025-04-07,1200,Trade receivables,Asset,CC-400,SYS-BATCH,System,GST output booked,118724.26,0.0,Not required,
JE1006930,2,2025-04-07,2025-04-07,2200,Output GST payable,Liability,CC-400,SYS-BATCH,System,GST output booked,0.0,118724.26,Not required,
JE1007636,1,2025-04-07,2025-04-07,5330,Travel and conveyance,Expense,CC-300,U009,Manual,Travel reimbursement,19680.25,0.0,Not required,
JE1007636,2,2025-04-07,2025-04-07,1110,Bank - current account,Asset,CC-300,U009,Manual,Travel reimbursement,0.0,19680.25,Not required,
JE1008007,1,2025-04-07,2025-04-04,1200,Trade receivables,Asset,CC-500,SYS-BATCH,System,Sales invoice raised,509617.02,0.0,Approved,A001
JE1008007,2,2025-04-07,2025-04-04,4100,Revenue - product sales,Income,CC-500,SYS-BATCH,System,Sales invoice raised,0.0,509617.02,Approved,A001
JE1008301,1,2025-04-07,2025-04-07,5330,Travel and conveyance,Expense,CC-400,SYS-BATCH,System,Travel reimbursement,23511.5,0.0,Not required,
JE1008301,2,2025-04-07,2025-04-07,1110,Bank - current account,Asset,CC-400,SYS-BATCH,System,Travel reimbursement,0.0,23511.5,Not required,
JE1008432,1,2025-04-07,2025-04-05,1200,Trade receivables,Asset,CC-500,U018,Manual,Sales invoice raised,177331.33,0.0,Not required,
JE1008432,2,2025-04-07,2025-04-05,4100,Revenue - product sales,Income,CC-500,U018,Manual,Sales invoice raised,0.0,177331.33,Not required,
JE1008498,1,2025-04-07,2025-04-07,1200,Trade receivables,Asset,CC-500,SYS-BATCH,System,Service invoice raised,104274.46,0.0,Not required,
JE1008498,2,2025-04-07,2025-04-07,4110,Revenue - service income,Income,CC-500,SYS-BATCH,System,Service invoice raised,0.0,104274.46,Not required,
JE1008537,1,2025-04-07,2025-04-07,5200,Employee benefit expense,Expense,CC-200,SYS-BATCH,System,Payroll for the month,1944972.65,0.0,Approved,A002
JE1008537,2,2025-04-07,2025-04-07,2120,Provision for employee benefits,Liability,CC-200,SYS-BATCH,System,Payroll for the month,0.0,1944972.65,Approved,A002
JE1008830,1,2025-04-07,2025-04-05,5500,Finance cost,Expense,CC-300,U009,Manual,Interest on borrowings,671829.91,0.0,Approved,A002
JE1008830,2,2025-04-07,2025-04-05,2310,Interest accrued but not due,Liability,CC-300,U009,Manual,Interest on borrowings,0.0,671829.91,Approved,A002
JE1008940,1,2025-04-07,2025-04-07,5200,Employee benefit expense,Expense,CC-100,U002,Manual,Payroll for the month,769479.12,0.0,Approved,A001
JE1008940,2,2025-04-07,2025-04-07,2120,Provision for employee benefits,Liability,CC-100,U002,Manual,Payroll for the month,0.0,769479.12,Approved,A001
JE1008951,1,2025-04-07,2025-04-07,2100,Trade payables,Liability,CC-400,SYS-BATCH,System,Supplier payment,418268.22,0.0,Not required,
JE1008951,2,2025-04-07,2025-04-07,1110,Bank - current account,Asset,CC-400,SYS-BATCH,System,Supplier payment,0.0,418268.22,Not required,
JE1009105,1,2025-04-07,2025-04-05,1110,Bank - current account,Asset,CC-600,U002,Manual,Customer receipt,660283.78,0.0,Approved,A003
JE1009105,2,2025-04-07,2025-04-05,1200,Trade receivables,Asset,CC-600,U002,Manual,Customer receipt,0.0,660283.78,Approved,A003
JE1009595,1,2025-04-07,2025-04-06,1110,Bank - current account,Asset,CC-400,SYS-BATCH,System,Customer receipt,526613.73,0.0,Approved,A002
JE1009595,2,2025-04-07,2025-04-06,1200,Trade receivables,Asset,CC-400,SYS-BATCH,System,Customer receipt,0.0,526613.73,Approved,A002
JE1009736,1,2025-04-07,2025-04-06,1200,Trade receivables,Asset,CC-600,U004,Manual,Sales invoice raised,617280.55,0.0,Approved,A002
JE1009736,2,2025-04-07,2025-04-06,4100,Revenue - product sales,Income,CC-600,U004,Manual,Sales invoice raised,0.0,617280.55,Approved,A002
JE1009829,1,2025-04-07,2025-04-07,1200,Trade receivables,Asset,CC-300,SYS-BATCH,System,Service invoice raised,483639.35,0.0,Not required,
JE1009829,2,2025-04-07,2025-04-07,4110,Revenue - service income,Income,CC-300,SYS-BATCH,System,Service invoice raised,0.0,483639.35,Not required,
JE1010259,1,2025-04-07,2025-04-07,2100,Trade payables,Liability,CC-300,SYS-BATCH,System,Supplier payment,418804.66,0.0,Not required,
JE1010259,2,2025-04-07,2025-04-07,1110,Bank - current account,Asset,CC-300,SYS-BATCH,System,Supplier payment,0.0,418804.66,Not required,
JE1010429,1,2025-04-07,2025-04-07,1200,Trade receivables,Asset,CC-600,SYS-BATCH,System,Sales invoice raised,100850.7,0.0,Not required,
JE1010429,2,2025-04-07,2025-04-07,4100,Revenue - product sales,Income,CC-600,SYS-BATCH,System,Sales invoice raised,0.0,100850.7,Not required,
JE1010451,1,2025-04-07,2025-04-07,5100,Cost of materials consumed,Expense,CC-200,U001,Manual,Purchase of raw material,169435.59,0.0,Not required,
JE1010451,2,2025-04-07,2025-04-07,2100,Trade payables,Liability,CC-200,U001,Manual,Purchase of raw material,0.0,169435.59,Not required,
JE1010647,1,2025-04-07,2025-04-07,5100,Cost of materials consumed,Expense,CC-200,SYS-BATCH,System,Purchase of raw material,282473.64,0.0,Not required,
JE1010647,2,2025-04-07,2025-04-07,2100,Trade payables,Liability,CC-200,SYS-BATCH,System,Purchase of raw material,0.0,282473.64,Not required,
JE1011197,1,2025-04-07,2025-04-04,5340,Legal and professional fees,Expense,CC-600,SYS-BATCH,System,Professional fees billed,297630.85,0.0,Not required,
JE1011197,2,2025-04-07,2025-04-04,2100,Trade payables,Liability,CC-600,SYS-BATCH,System,Professional fees billed,0.0,297630.85,Not required,
JE1011619,1,2025-04-07,2025-04-05,1200,Trade receivables,Asset,CC-200,SYS-BATCH,System,Sales invoice raised,303154.76,0.0,Not required,
JE1011619,2,2025-04-07,2025-04-05,4100,Revenue - product sales,Income,CC-200,SYS-BATCH,System,Sales invoice raised,0.0,303154.76,Not required,
JE1011794,1,2025-04-07,2025-04-07,1200,Trade receivables,Asset,CC-100,U010,Manual,Service invoice raised,158774.62,0.0,Not required,
JE1011794,2,2025-04-07,2025-04-07,4110,Revenue - service income,Income,CC-100,U010,Manual,Service invoice raised,0.0,158774.62,Not required,
JE1011943,1,2025-04-07,2025-04-06,1200,Trade receivables,Asset,CC-600,U017,Manual,Sales invoice raised,366331.14,0.0,Not required,
JE1011943,2,2025-04-07,2025-04-06,4100,Revenue - product sales,Income,CC-600,U017,Manual,Sales invoice raised,0.0,366331.14,Not required,
JE1011948,1,2025-04-07,2025-04-06,1200,Trade receivables,Asset,CC-300,SYS-BATCH,System,Sales invoice raised,757970.94,0.0,Approved,A002
JE1011948,2,2025-04-07,2025-04-06,4100,Revenue - product sales,Income,CC-300,SYS-BATCH,System,Sales invoice raised,0.0,757970.94,Approved,A002
JE1012544,1,2025-04-07,2025-04-07,5380,Printing and stationery,Expense,CC-100,SYS-BATCH,System,Stationery purchase,34037.6,0.0,Not required,
JE1012544,2,2025-04-07,2025-04-07,2100,Trade payables,Liability,CC-100,SYS-BATCH,System,Stationery purchase,0.0,34037.6,Not required,
JE1012659,1,2025-04-07,2025-04-07,2100,Trade payables,Liability,CC-100,SYS-BATCH,System,Supplier payment,238583.67,0.0,Not required,
JE1012659,2,2025-04-07,2025-04-07,1110,Bank - current account,Asset,CC-100,SYS-BATCH,System,Supplier payment,0.0,238583.67,Not required,
JE1012805,1,2025-04-07,2025-04-07,5100,Cost of materials consumed,Expense,CC-300,SYS-BATCH,System,Purchase of raw material,453395.68,0.0,Not required,
JE1012805,2,2025-04-07,2025-04-07,2100,Trade payables,Liability,CC-300,SYS-BATCH,System,Purchase of raw material,0.0,453395.68,Not required,
JE1012848,1,2025-04-07,2025-04-07,1110,Bank - current account,Asset,CC-200,U001,Manual,Customer receipt,566548.2,0.0,Approved,A002
JE1012848,2,2025-04-07,2025-04-07,1200,Trade receivables,Asset,CC-200,U001,Manual,Customer receipt,0.0,566548.2,Approved,A002
JE1012850,1,2025-04-07,2025-04-07,1110,Bank - current account,Asset,CC-400,SYS-BATCH,System,Customer receipt,435297.39,0.0,Not required,
JE1012850,2,2025-04-07,2025-04-07,1200,Trade receivables,Asset,CC-400,SYS-BATCH,System,Customer receipt,0.0,435297.39,Not required,
JE1012882,1,2025-04-07,2025-04-07,5100,Cost of materials consumed,Expense,CC-400,SYS-BATCH,System,Purchase of raw material,441430.21,0.0,Not required,
JE1012882,2,2025-04-07,2025-04-07,2100,Trade payables,Liability,CC-400,SYS-BATCH,System,Purchase of raw material,0.0,441430.21,Not required,
JE1013200,1,2025-04-07,2025-04-07,5360,Insurance,Expense,CC-400,SYS-BATCH,System,Insurance premium,223153.58,0.0,Not required,
JE1013200,2,2025-04-07,2025-04-07,1400,Prepaid expenses,Asset,CC-400,SYS-BATCH,System,Insurance premium,0.0,223153.58,Not required,
JE1013440,1,2025-04-07,2025-04-04,1200,Trade receivables,Asset,CC-100,SYS-BATCH,System,Sales invoice raised,681434.97,0.0,Approved,A002
JE1013440,2,2025-04-07,2025-04-04,4100,Revenue - product sales,Income,CC-100,SYS-BATCH,System,Sales invoice raised,0.0,681434.97,Approved,A002
JE1013454,1,2025-04-07,2025-04-06,5100,Cost of materials consumed,Expense,CC-200,U001,Manual,Purchase of raw material,695032.85,0.0,Approved,A003
JE1013454,2,2025-04-07,2025-04-06,2100,Trade payables,Liability,CC-200,U001,Manual,Purchase of raw material,0.0,695032.85,Approved,A003
JE1013460,1,2025-04-07,2025-04-07,5320,Repairs and maintenance,Expense,CC-600,SYS-BATCH,System,Repairs and upkeep,25777.32,0.0,Not required,
JE1013460,2,2025-04-07,2025-04-07,2100,Trade payables,Liability,CC-600,SYS-BATCH,System,Repairs and upkeep,0.0,25777.32,Not required,
JE1013933,1,2025-04-07,2025-04-04,1200,Trade receivables,Asset,CC-500,SYS-BATCH,System,Sales invoice raised,367000.98,0.0,Not required,
JE1013933,2,2025-04-07,2025-04-04,4100,Revenue - product sales,Income,CC-500,SYS-BATCH,System,Sales invoice raised,0.0,367000.98,Not required,
JE1014096,1,2025-04-07,2025-04-07,5100,Cost of materials consumed,Expense,CC-400,SYS-BATCH,System,Purchase of raw material,40597.89,0.0,Not required,
JE1014096,2,2025-04-07,2025-04-07,2100,Trade payables,Liability,CC-400,SYS-BATCH,System,Purchase of raw material,0.0,40597.89,Not required,
JE1014175,1,2025-04-07,2025-04-07,1200,Trade receivables,Asset,CC-500,SYS-BATCH,System,Sales invoice raised,770488.74,0.0,Approved,A001
JE1014175,2,2025-04-07,2025-04-07,4100,Revenue - product sales,Income,CC-500,SYS-BATCH,System,Sales invoice raised,0.0,770488.74,Approved,A001
JE1014421,1,2025-04-07,2025-04-07,1410,Advance to suppliers,Asset,CC-600,SYS-BATCH,System,Advance to supplier,210453.52,0.0,Not required,
JE1014421,2,2025-04-07,2025-04-07,1110,Bank - current account,Asset,CC-600,SYS-BATCH,System,Advance to supplier,0.0,210453.52,Not required,
JE1014836,1,2025-04-07,2025-04-05,2100,Trade payables,Liability,CC-600,SYS-BATCH,System,Supplier payment,499375.49,0.0,Not required,
JE1014836,2,2025-04-07,2025-04-05,1110,Bank - current account,Asset,CC-600,SYS-BATCH,System,Supplier payment,0.0,499375.49,Not required,
JE1015524,1,2025-04-07,2025-04-06,1410,Advance to suppliers,Asset,CC-500,U012,Manual,Advance to supplier,309334.33,0.0,Not required,
JE1015524,2,2025-04-07,2025-04-06,1110,Bank - current account,Asset,CC-500,U012,Manual,Advance to supplier,0.0,309334.33,Not required,
JE1015538,1,2025-04-07,2025-04-07,2100,Trade payables,Liability,CC-600,SYS-BATCH,System,Supplier payment,346991.53,0.0,Not required,
JE1015538,2,2025-04-07,2025-04-07,1110,Bank - current account,Asset,CC-600,SYS-BATCH,System,Supplier payment,0.0,346991.53,Not required,
JE1015625,1,2025-04-07,2025-04-06,5100,Cost of materials consumed,Expense,CC-600,SYS-BATCH,System,Purchase of raw material,365242.16,0.0,Not required,
JE1015625,2,2025-04-07,2025-04-06,2100,Trade payables,Liability,CC-600,SYS-BATCH,System,Purchase of raw material,0.0,365242.16,Not required,
JE1016071,1,2025-04-07,2025-04-06,2100,Trade payables,Liability,CC-100,SYS-BATCH,System,Supplier payment,666711.6,0.0,Approved,A003
JE1016071,2,2025-04-07,2025-04-06,1110,Bank - current account,Asset,CC-100,SYS-BATCH,System,Supplier payment,0.0,666711.6,Approved,A003
JE1016211,1,2025-04-07,2025-04-06,1110,Bank - current account,Asset,CC-600,SYS-BATCH,System,Customer receipt,143860.19,0.0,Not required,
JE1016211,2,2025-04-07,2025-04-06,1200,Trade receivables,Asset,CC-600,SYS-BATCH,System,Customer receipt,0.0,143860.19,Not required,
JE1016311,1,2025-04-07,2025-04-07,5340,Legal and professional fees,Expense,CC-400,SYS-BATCH,System,Professional fees billed,210600.03,0.0,Not required,
JE1016311,2,2025-04-07,2025-04-07,2100,Trade payables,Liability,CC-400,SYS-BATCH,System,Professional fees billed,0.0,210600.03,Not required,
JE1016787,1,2025-04-07,2025-04-07,5360,Insurance,Expense,CC-200,SYS-BATCH,System,Insurance premium,213759.58,0.0,Not required,
JE1016787,2,2025-04-07,2025-04-07,1400,Prepaid expenses,Asset,CC-200,SYS-BATCH,System,Insurance premium,0.0,213759.58,Not required,
JE1016838,1,2025-04-07,2025-04-07,2100,Trade payables,Liability,CC-200,SYS-BATCH,System,Supplier payment,241703.46,0.0,Not required,
JE1016838,2,2025-04-07,2025-04-07,1110,Bank - current account,Asset,CC-200,SYS-BATCH,System,Supplier payment,0.0,241703.46,Not required,
JE1016961,1,2025-04-07,2025-04-07,1110,Bank - current account,Asset,CC-500,SYS-BATCH,System,Customer receipt,662278.01,0.0,Approved,A003
JE1016961,2,2025-04-07,2025-04-07,1200,Trade receivables,Asset,CC-500,SYS-BATCH,System,Customer receipt,0.0,662278.01,Approved,A003
JE1017406,1,2025-04-07,2025-04-07,1200,Trade receivables,Asset,CC-600,SYS-BATCH,System,Service invoice raised,104060.58,0.0,Not required,
JE1017406,2,2025-04-07,2025-04-07,4110,Revenue - service income,Income,CC-600,SYS-BATCH,System,Service invoice raised,0.0,104060.58,Not required,
JE1017511,1,2025-04-07,2025-04-06,5100,Cost of materials consumed,Expense,CC-400,SYS-BATCH,System,Purchase of raw material,385860.52,0.0,Not required,
JE1017511,2,2025-04-07,2025-04-06,2100,Trade payables,Liability,CC-400,SYS-BATCH,System,Purchase of raw material,0.0,385860.52,Not required,
JE1017567,1,2025-04-07,2025-04-04,1110,Bank - current account,Asset,CC-500,U012,Manual,Customer receipt,61347.16,0.0,Not required,
JE1017567,2,2025-04-07,2025-04-04,1200,Trade receivables,Asset,CC-500,U012,Manual,Customer receipt,0.0,61347.16,Not required,
JE1017597,1,2025-04-07,2025-04-07,1200,Trade receivables,Asset,CC-100,SYS-BATCH,System,GST output booked,125643.36,0.0,Not required,
JE1017597,2,2025-04-07,2025-04-07,2200,Output GST payable,Liability,CC-100,SYS-BATCH,System,GST output booked,0.0,125643.36,Not required,
JE1017694,1,2025-04-07,2025-04-06,1110,Bank - current account,Asset,CC-500,SYS-BATCH,System,Customer receipt,655259.41,0.0,Approved,A001
JE1017694,2,2025-04-07,2025-04-06,1200,Trade receivables,Asset,CC-500,SYS-BATCH,System,Customer receipt,0.0,655259.41,Approved,A001
JE1017861,1,2025-04-07,2025-04-05,1410,Advance to suppliers,Asset,CC-500,SYS-BATCH,System,Advance to supplier,164481.1,0.0,Not required,
JE1017861,2,2025-04-07,2025-04-05,1110,Bank - current account,Asset,CC-500,SYS-BATCH,System,Advance to supplier,0.0,164481.1,Not required,
JE1017990,1,2025-04-07,2025-04-06,1200,Trade receivables,Asset,CC-200,SYS-BATCH,System,Sales invoice raised,584296.38,0.0,Approved,A001
JE1017990,2,2025-04-07,2025-04-06,4100,Revenue - product sales,Income,CC-200,SYS-BATCH,System,Sales invoice raised,0.0,584296.38,Approved,A001
JE1018438,1,2025-04-07,2025-04-07,5100,Cost of materials consumed,Expense,CC-100,SYS-BATCH,System,Purchase of raw material,122156.01,0.0,Not required,
JE1018438,2,2025-04-07,2025-04-07,2100,Trade payables,Liability,CC-100,SYS-BATCH,System,Purchase of raw material,0.0,122156.01,Not required,
JE1018838,1,2025-04-07,2025-04-07,5100,Cost of materials consumed,Expense,CC-300,SYS-BATCH,System,Purchase of raw material,411505.71,0.0,Not required,
JE1018838,2,2025-04-07,2025-04-07,2100,Trade payables,Liability,CC-300,SYS-BATCH,System,Purchase of raw material,0.0,411505.71,Not required,
JE1018946,1,2025-04-07,2025-04-04,5330,Travel and conveyance,Expense,CC-600,SYS-BATCH,System,Travel reimbursement,34210.66,0.0,Not required,
JE1018946,2,2025-04-07,2025-04-04,1110,Bank - current account,Asset,CC-600,SYS-BATCH,System,Travel reimbursement,0.0,34210.66,Not required,
JE1019356,1,2025-04-07,2025-04-06,1110,Bank - current account,Asset,CC-200,SYS-BATCH,System,Customer receipt,424881.96,0.0,Not required,
JE1019356,2,2025-04-07,2025-04-06,1200,Trade receivables,Asset,CC-200,SYS-BATCH,System,Customer receipt,0.0,424881.96,Not required,
JE1019609,1,2025-04-07,2025-04-07,1200,Trade receivables,Asset,CC-400,SYS-BATCH,System,Sales invoice raised,182515.35,0.0,Not required,
JE1019609,2,2025-04-07,2025-04-07,4100,Revenue - product sales,Income,CC-400,SYS-BATCH,System,Sales invoice raised,0.0,182515.35,Not required,
JE1019971,1,2025-04-07,2025-04-07,1110,Bank - current account,Asset,CC-100,U003,Manual,Customer receipt,112588.85,0.0,Not required,
JE1019971,2,2025-04-07,2025-04-07,1200,Trade receivables,Asset,CC-100,U003,Manual,Customer receipt,0.0,112588.85,Not required,
JE1019976,1,2025-04-07,2025-04-07,2100,Trade payables,Liability,CC-500,SYS-BATCH,System,Supplier payment,37514.99,0.0,Not required,
JE1019976,2,2025-04-07,2025-04-07,1110,Bank - current account,Asset,CC-500,SYS-BATCH,System,Supplier payment,0.0,37514.99,Not required,
JE1020005,1,2025-04-07,2025-04-06,1200,Trade receivables,Asset,CC-200,SYS-BATCH,System,Service invoice raised,136680.68,0.0,Not required,
JE1020005,2,2025-04-07,2025-04-06,4110,Revenue - service income,Income,CC-200,SYS-BATCH,System,Service invoice raised,0.0,136680.68,Not required,
JE1020019,1,2025-04-07,2025-04-07,1110,Bank - current account,Asset,CC-400,SYS-BATCH,System,Customer receipt,234584.92,0.0,Not required,
JE1020019,2,2025-04-07,2025-04-07,1200,Trade receivables,Asset,CC-400,SYS-BATCH,System,Customer receipt,0.0,234584.92,Not required,
JE1020035,1,2025-04-07,2025-04-06,1200,Trade receivables,Asset,CC-200,SYS-BATCH,System,Service invoice raised,163173.22,0.0,Not required,
JE1020035,2,2025-04-07,2025-04-06,4110,Revenue - service income,Income,CC-200,SYS-BATCH,System,Service invoice raised,0.0,163173.22,Not required,
JE1020067,1,2025-04-07,2025-04-07,5200,Employee benefit expense,Expense,CC-400,SYS-BATCH,System,Payroll for the month,1835217.97,0.0,Approved,A002
JE1020067,2,2025-04-07,2025-04-07,2120,Provision for employee benefits,Liability,CC-400,SYS-BATCH,System,Payroll for the month,0.0,1835217.97,Approved,A002
JE1020378,1,2025-04-07,2025-04-07,5340,Legal and professional fees,Expense,CC-100,U017,Manual,Professional fees billed,38729.68,0.0,Not required,
JE1020378,2,2025-04-07,2025-04-07,2100,Trade payables,Liability,CC-100,U017,Manual,Professional fees billed,0.0,38729.68,Not required,
JE1020670,1,2025-04-07,2025-04-05,1200,Trade receivables,Asset,CC-100,SYS-BATCH,System,Service invoice raised,199287.07,0.0,Not required,
JE1020670,2,2025-04-07,2025-04-05,4110,Revenue - service income,Income,CC-100,SYS-BATCH,System,Service invoice raised,0.0,199287.07,Not required,
JE1020896,1,2025-04-07,2025-04-06,5350,Advertisement and marketing,Expense,CC-500,SYS-BATCH,System,Marketing spend,402172.66,0.0,Not required,
JE1020896,2,2025-04-07,2025-04-06,2100,Trade payables,Liability,CC-500,SYS-BATCH,System,Marketing spend,0.0,402172.66,Not required,
JE1020988,1,2025-04-07,2025-04-07,2100,Trade payables,Liability,CC-500,SYS-BATCH,System,Supplier payment,671246.75,0.0,Approved,A001
JE1020988,2,2025-04-07,2025-04-07,1110,Bank - current account,Asset,CC-500,SYS-BATCH,System,Supplier payment,0.0,671246.75,Approved,A001
JE1021074,1,2025-04-07,2025-04-04,5100,Cost of materials consumed,Expense,CC-200,SYS-BATCH,System,Purchase of raw material,177261.27,0.0,Not required,
JE1021074,2,2025-04-07,2025-04-04,2100,Trade payables,Liability,CC-200,SYS-BATCH,System,Purchase of raw material,0.0,177261.27,Not required,
JE1021209,1,2025-04-07,2025-04-04,5310,Power and fuel,Expense,CC-100,U011,Manual,Electricity charges,34822.82,0.0,Not required,
JE1021209,2,2025-04-07,2025-04-04,2110,Accrued expenses,Liability,CC-100,U011,Manual,Electricity charges,0.0,34822.82,Not required,
JE1021557,1,2025-04-07,2025-04-04,5500,Finance cost,Expense,CC-600,U002,Manual,Interest on borrowings,276124.05,0.0,Not required,
JE1021557,2,2025-04-07,2025-04-04,2310,Interest accrued but not due,Liability,CC-600,U002,Manual,Interest on borrowings,0.0,276124.05,Not required,
JE1021611,1,2025-04-07,2025-04-06,1110,Bank - current account,Asset,CC-400,SYS-BATCH,System,Customer receipt,700186.82,0.0,Approved,A002
JE1021611,2,2025-04-07,2025-04-06,1200,Trade receivables,Asset,CC-400,SYS-BATCH,System,Customer receipt,0.0,700186.82,Approved,A002
JE1021709,1,2025-04-07,2025-04-07,5350,Advertisement and marketing,Expense,CC-300,SYS-BATCH,System,Marketing spend,411634.55,0.0,Not required,
JE1021709,2,2025-04-07,2025-04-07,2100,Trade payables,Liability,CC-300,SYS-BATCH,System,Marketing spend,0.0,411634.55,Not required,
JE1022041,1,2025-04-07,2025-04-07,1600,Input GST receivable,Asset,CC-200,SYS-BATCH,System,GST input booked,109669.67,0.0,Not required,
JE1022041,2,2025-04-07,2025-04-07,2100,Trade payables,Liability,CC-200,SYS-BATCH,System,GST input booked,0.0,109669.67,Not required,
JE1022555,1,2025-04-07,2025-04-07,5200,Employee benefit expense,Expense,CC-600,SYS-BATCH,System,Payroll for the month,2576122.54,0.0,Approved,A003
JE1022555,2,2025-04-07,2025-04-07,2120,Provision for employee benefits,Liability,CC-600,SYS-BATCH,System,Payroll for the month,0.0,2576122.54,Approved,A003
JE1022580,1,2025-04-07,2025-04-06,1200,Trade receivables,Asset,CC-400,SYS-BATCH,System,Sales invoice raised,892080.14,0.0,Approved,A002
JE1022580,2,2025-04-07,2025-04-06,4100,Revenue - product sales,Income,CC-400,SYS-BATCH,System,Sales invoice raised,0.0,892080.14,Approved,A002
JE1022656,1,2025-04-07,2025-04-07,5500,Finance cost,Expense,CC-500,SYS-BATCH,System,Interest on borrowings,110877.37,0.0,Not required,
JE1022656,2,2025-04-07,2025-04-07,2310,Interest accrued but not due,Liability,CC-500,SYS-BATCH,System,Interest on borrowings,0.0,110877.37,Not required,
JE1022950,1,2025-04-07,2025-04-07,1200,Trade receivables,Asset,CC-300,SYS-BATCH,System,Sales invoice raised,49438.42,0.0,Not required,
JE1022950,2,2025-04-07,2025-04-07,4100,Revenue - product sales,Income,CC-300,SYS-BATCH,System,Sales invoice raised,0.0,49438.42,Not required,
JE1023503,1,2025-04-07,2025-04-07,1200,Trade receivables,Asset,CC-200,SYS-BATCH,System,Service invoice raised,50533.23,0.0,Not required,
JE1023503,2,2025-04-07,2025-04-07,4110,Revenue - service income,Income,CC-200,SYS-BATCH,System,Service invoice raised,0.0,50533.23,Not required,
JE1023669,1,2025-04-07,2025-04-06,2100,Trade payables,Liability,CC-300,SYS-BATCH,System,Supplier payment,119937.93,0.0,Not required,
JE1023669,2,2025-04-07,2025-04-06,1110,Bank - current account,Asset,CC-300,SYS-BATCH,System,Supplier payment,0.0,119937.93,Not required,
JE1024207,1,2025-04-07,2025-04-06,5100,Cost of materials consumed,Expense,CC-500,SYS-BATCH,System,Purchase of raw material,265062.47,0.0,Not required,
JE1024207,2,2025-04-07,2025-04-06,2100,Trade payables,Liability,CC-500,SYS-BATCH,System,Purchase of raw material,0.0,265062.47,Not required,
JE1024217,1,2025-04-07,2025-04-05,5310,Power and fuel,Expense,CC-200,SYS-BATCH,System,Electricity charges,239578.49,0.0,Not required,
JE1024217,2,2025-04-07,2025-04-05,2110,Accrued expenses,Liability,CC-200,SYS-BATCH,System,Electricity charges,0.0,239578.49,Not required,
JE1024443,1,2025-04-07,2025-04-04,5350,Advertisement and marketing,Expense,CC-100,SYS-BATCH,System,Marketing spend,181621.09,0.0,Not required,
JE1024443,2,2025-04-07,2025-04-04,2100,Trade payables,Liability,CC-100,SYS-BATCH,System,Marketing spend,0.0,181621.09,Not required,
JE1025201,1,2025-04-07,2025-04-07,5340,Legal and professional fees,Expense,CC-400,SYS-BATCH,System,Professional fees billed,324289.07,0.0,Not required,
JE1025201,2,2025-04-07,2025-04-07,2100,Trade payables,Liability,CC-400,SYS-BATCH,System,Professional fees billed,0.0,324289.07,Not required,
JE1025428,1,2025-04-07,2025-04-05,5320,Repairs and maintenance,Expense,CC-500,SYS-BATCH,System,Repairs and upkeep,28303.68,0.0,Not required,
JE1025428,2,2025-04-07,2025-04-05,2100,Trade payables,Liability,CC-500,SYS-BATCH,System,Repairs and upkeep,0.0,28303.68,Not required,
JE1025483,1,2025-04-07,2025-04-07,5210,Contract staff cost,Expense,CC-100,SYS-BATCH,System,Contract staff billing,115661.44,0.0,Not required,
JE1025483,2,2025-04-07,2025-04-07,2100,Trade payables,Liability,CC-100,SYS-BATCH,System,Contract staff billing,0.0,115661.44,Not required,
JE1025635,1,2025-04-07,2025-04-07,1200,Trade receivables,Asset,CC-600,SYS-BATCH,System,Sales invoice raised,362420.34,0.0,Not required,
JE1025635,2,2025-04-07,2025-04-07,4100,Revenue - product sales,Income,CC-600,SYS-BATCH,System,Sales invoice raised,0.0,362420.34,Not required,
JE1025712,1,2025-04-07,2025-04-05,1600,Input GST receivable,Asset,CC-100,SYS-BATCH,System,GST input booked,108765.3,0.0,Not required,
JE1025712,2,2025-04-07,2025-04-05,2100,Trade payables,Liability,CC-100,SYS-BATCH,System,GST input booked,0.0,108765.3,Not required,
JE1025902,1,2025-04-07,2025-04-04,1110,Bank - current account,Asset,CC-100,SYS-BATCH,System,Customer receipt,658610.04,0.0,Approved,A001
JE1025902,2,2025-04-07,2025-04-04,1200,Trade receivables,Asset,CC-100,SYS-BATCH,System,Customer receipt,0.0,658610.04,Approved,A001
JE1026156,1,2025-04-07,2025-04-07,5330,Travel and conveyance,Expense,CC-300,SYS-BATCH,System,Travel reimbursement,42444.31,0.0,Not required,
JE1026156,2,2025-04-07,2025-04-07,1110,Bank - current account,Asset,CC-300,SYS-BATCH,System,Travel reimbursement,0.0,42444.31,Not required,
JE1026197,1,2025-04-07,2025-04-07,2100,Trade payables,Liability,CC-600,SYS-BATCH,System,Supplier payment,604073.89,0.0,Approved,A001
JE1026197,2,2025-04-07,2025-04-07,1110,Bank - current account,Asset,CC-600,SYS-BATCH,System,Supplier payment,0.0,604073.89,Approved,A001
JE1026326,1,2025-04-07,2025-04-07,5320,Repairs and maintenance,Expense,CC-600,U014,Manual,Repairs and upkeep,145282.56,0.0,Not required,
JE1026326,2,2025-04-07,2025-04-07,2100,Trade payables,Liability,CC-600,U014,Manual,Repairs and upkeep,0.0,145282.56,Not required,
JE1026432,1,2025-04-07,2025-04-07,5370,Communication expense,Expense,CC-200,U014,Manual,Telephone and internet,50512.5,0.0,Not required,
JE1026432,2,2025-04-07,2025-04-07,2110,Accrued expenses,Liability,CC-200,U014,Manual,Telephone and internet,0.0,50512.5,Not required,
JE1026438,1,2025-04-07,2025-04-07,1110,Bank - current account,Asset,CC-100,SYS-BATCH,System,Customer receipt,595790.6,0.0,Approved,A003
JE1026438,2,2025-04-07,2025-04-07,1200,Trade receivables,Asset,CC-100,SYS-BATCH,System,Customer receipt,0.0,595790.6,Approved,A003
JE1026705,1,2025-04-07,2025-04-07,5100,Cost of materials consumed,Expense,CC-200,SYS-BATCH,System,Purchase of raw material,340594.41,0.0,Not required,
JE1026705,2,2025-04-07,2025-04-07,2100,Trade payables,Liability,CC-200,SYS-BATCH,System,Purchase of raw material,0.0,340594.41,Not required,
JE1027172,1,2025-04-07,2025-04-07,5300,Rent expense,Expense,CC-600,SYS-BATCH,System,Rent for the period,383276.13,0.0,Not required,
JE1027172,2,2025-04-07,2025-04-07,2110,Accrued expenses,Liability,CC-600,SYS-BATCH,System,Rent for the period,0.0,383276.13,Not required,
JE1027495,1,2025-04-07,2025-04-07,5210,Contract staff cost,Expense,CC-400,SYS-BATCH,System,Contract staff billing,163927.61,0.0,Not required,
JE1027495,2,2025-04-07,2025-04-07,2100,Trade payables,Liability,CC-400,SYS-BATCH,System,Contract staff billing,0.0,163927.61,Not required,
JE1027873,1,2025-04-07,2025-04-06,1200,Trade receivables,Asset,CC-300,SYS-BATCH,System,Sales invoice raised,397335.02,0.0,Not required,
JE1027873,2,2025-04-07,2025-04-06,4100,Revenue - product sales,Income,CC-300,SYS-BATCH,System,Sales invoice raised,0.0,397335.02,Not required,
JE1028262,1,2025-04-07,2025-04-07,5300,Rent expense,Expense,CC-600,U009,Manual,Rent for the period,429309.76,0.0,Not required,
JE1028262,2,2025-04-07,2025-04-07,2110,Accrued expenses,Liability,CC-600,U009,Manual,Rent for the period,0.0,429309.76,Not required,
JE1028979,1,2025-04-07,2025-04-07,1200,Trade receivables,Asset,CC-500,SYS-BATCH,System,Service invoice raised,139074.5,0.0,Not required,
JE1028979,2,2025-04-07,2025-04-07,4110,Revenue - service income,Income,CC-500,SYS-BATCH,System,Service invoice raised,0.0,139074.5,Not required,
JE1029594,1,2025-04-07,2025-04-06,1110,Bank - current account,Asset,CC-300,U008,Manual,Customer receipt,478096.93,0.0,Not required,
JE1029594,2,2025-04-07,2025-04-06,1200,Trade receivables,Asset,CC-300,U008,Manual,Customer receipt,0.0,478096.93,Not required,
JE1029862,1,2025-04-07,2025-04-05,5350,Advertisement and marketing,Expense,CC-300,SYS-BATCH,System,Marketing spend,141666.8,0.0,Not required,
JE1029862,2,2025-04-07,2025-04-05,2100,Trade payables,Liability,CC-300,SYS-BATCH,System,Marketing spend,0.0,141666.8,Not required,
JE1029940,1,2025-04-07,2025-04-07,5100,Cost of materials consumed,Expense,CC-200,SYS-BATCH,System,Purchase of raw material,657817.69,0.0,Approved,A003
JE1029940,2,2025-04-07,2025-04-07,2100,Trade payables,Liability,CC-200,SYS-BATCH,System,Purchase of raw material,0.0,657817.69,Approved,A003
JE1030030,1,2025-04-07,2025-04-06,1200,Trade receivables,Asset,CC-100,U018,Manual,Sales invoice raised,646351.52,0.0,Approved,A003
JE1030030,2,2025-04-07,2025-04-06,4100,Revenue - product sales,Income,CC-100,U018,Manual,Sales invoice raised,0.0,646351.52,Approved,A003
JE1030503,1,2025-04-07,2025-04-06,1600,Input GST receivable,Asset,CC-200,SYS-BATCH,System,GST input booked,97595.56,0.0,Not required,
JE1030503,2,2025-04-07,2025-04-06,2100,Trade payables,Liability,CC-200,SYS-BATCH,System,GST input booked,0.0,97595.56,Not required,
JE1030567,1,2025-04-07,2025-04-07,5400,Depreciation and amortisation,Expense,CC-600,SYS-BATCH,System,Depreciation charge,624102.77,0.0,Approved,A001
JE1030567,2,2025-04-07,2025-04-07,1510,Accumulated depreciation,Asset,CC-600,SYS-BATCH,System,Depreciation charge,0.0,624102.77,Approved,A001
JE1030765,1,2025-04-07,2025-04-07,1110,Bank - current account,Asset,CC-500,SYS-BATCH,System,Customer receipt,258562.42,0.0,Not required,
JE1030765,2,2025-04-07,2025-04-07,1200,Trade receivables,Asset,CC-500,SYS-BATCH,System,Customer receipt,0.0,258562.42,Not required,
JE1031114,1,2025-04-07,2025-04-06,5310,Power and fuel,Expense,CC-600,SYS-BATCH,System,Electricity charges,38683.0,0.0,Not required,
JE1031114,2,2025-04-07,2025-04-06,2110,Accrued expenses,Liability,CC-600,SYS-BATCH,System,Electricity charges,0.0,38683.0,Not required,
JE1031132,1,2025-04-07,2025-04-07,1110,Bank - current account,Asset,CC-300,SYS-BATCH,System,Customer receipt,819333.62,0.0,Approved,A002
JE1031132,2,2025-04-07,2025-04-07,1200,Trade receivables,Asset,CC-300,SYS-BATCH,System,Customer receipt,0.0,819333.62,Approved,A002
JE1031493,1,2025-04-07,2025-04-05,5100,Cost of materials consumed,Expense,CC-300,SYS-BATCH,System,Purchase of raw material,594161.76,0.0,Approved,A002
JE1031493,2,2025-04-07,2025-04-05,2100,Trade payables,Liability,CC-300,SYS-BATCH,System,Purchase of raw material,0.0,594161.76,Approved,A002
JE1031550,1,2025-04-07,2025-04-07,1110,Bank - current account,Asset,CC-600,U012,Manual,Bank interest credited,8269.31,0.0,Not required,
JE1031550,2,2025-04-07,2025-04-07,4300,Interest income,Income,CC-600,U012,Manual,Bank interest credited,0.0,8269.31,Not required,
JE1032675,1,2025-04-07,2025-04-07,1110,Bank - current account,Asset,CC-200,SYS-BATCH,System,Customer receipt,209696.55,0.0,Not required,
JE1032675,2,2025-04-07,2025-04-07,1200,Trade receivables,Asset,CC-200,SYS-BATCH,System,Customer receipt,0.0,209696.55,Not required,
JE1032729,1,2025-04-07,2025-04-07,5350,Advertisement and marketing,Expense,CC-300,SYS-BATCH,System,Marketing spend,464352.49,0.0,Not required,
JE1032729,2,2025-04-07,2025-04-07,2100,Trade payables,Liability,CC-300,SYS-BATCH,System,Marketing spend,0.0,464352.49,Not required,
JE1033082,1,2025-04-07,2025-04-07,1200,Trade receivables,Asset,CC-200,SYS-BATCH,System,Service invoice raised,33257.23,0.0,Not required,
JE1033082,2,2025-04-07,2025-04-07,4110,Revenue - service income,Income,CC-200,SYS-BATCH,System,Service invoice raised,0.0,33257.23,Not required,
JE1033139,1,2025-04-07,2025-04-06,5380,Printing and stationery,Expense,CC-600,SYS-BATCH,System,Stationery purchase,15236.35,0.0,Not required,
JE1033139,2,2025-04-07,2025-04-06,2100,Trade payables,Liability,CC-600,SYS-BATCH,System,Stationery purchase,0.0,15236.35,Not required,
JE1033378,1,2025-04-07,2025-04-05,5100,Cost of materials consumed,Expense,CC-300,SYS-BATCH,System,Purchase of raw material,210435.38,0.0,Not required,
JE1033378,2,2025-04-07,2025-04-05,2100,Trade payables,Liability,CC-300,SYS-BATCH,System,Purchase of raw material,0.0,210435.38,Not required,
JE1033435,1,2025-04-07,2025-04-06,1200,Trade receivables,Asset,CC-500,SYS-BATCH,System,Sales invoice raised,375095.95,0.0,Not required,
JE1033435,2,2025-04-07,2025-04-06,4100,Revenue - product sales,Income,CC-500,SYS-BATCH,System,Sales invoice raised,0.0,375095.95,Not required,
JE1033925,1,2025-04-07,2025-04-07,5380,Printing and stationery,Expense,CC-300,SYS-BATCH,System,Stationery purchase,27774.97,0.0,Not required,
JE1033925,2,2025-04-07,2025-04-07,2100,Trade payables,Liability,CC-300,SYS-BATCH,System,Stationery purchase,0.0,27774.97,Not required,
JE1034188,1,2025-04-07,2025-04-07,1200,Trade receivables,Asset,CC-100,SYS-BATCH,System,Sales invoice raised,163634.97,0.0,Not required,
JE1034188,2,2025-04-07,2025-04-07,4100,Revenue - product sales,Income,CC-100,SYS-BATCH,System,Sales invoice raised,0.0,163634.97,Not required,
JE1034472,1,2025-04-07,2025-04-06,5330,Travel and conveyance,Expense,CC-400,SYS-BATCH,System,Travel reimbursement,82127.69,0.0,Not required,
JE1034472,2,2025-04-07,2025-04-06,1110,Bank - current account,Asset,CC-400,SYS-BATCH,System,Travel reimbursement,0.0,82127.69,Not required,
JE1035035,1,2025-04-07,2025-04-07,1110,Bank - current account,Asset,CC-400,U002,Manual,Customer receipt,215691.87,0.0,Not required,
JE1035035,2,2025-04-07,2025-04-07,1200,Trade receivables,Asset,CC-400,U002,Manual,Customer receipt,0.0,215691.87,Not required,
JE1035507,1,2025-04-07,2025-04-07,1200,Trade receivables,Asset,CC-200,SYS-BATCH,System,Sales invoice raised,478507.09,0.0,Not required,
JE1035507,2,2025-04-07,2025-04-07,4100,Revenue - product sales,Income,CC-200,SYS-BATCH,System,Sales invoice raised,0.0,478507.09,Not required,
JE1035793,1,2025-04-07,2025-04-07,2100,Trade payables,Liability,CC-500,SYS-BATCH,System,Supplier payment,663060.11,0.0,Approved,A002
JE1035793,2,2025-04-07,2025-04-07,1110,Bank - current account,Asset,CC-500,SYS-BATCH,System,Supplier payment,0.0,663060.11,Approved,A002
JE1035845,1,2025-04-07,2025-04-04,1110,Bank - current account,Asset,CC-200,SYS-BATCH,System,Customer receipt,391411.3,0.0,Not required,
JE1035845,2,2025-04-07,2025-04-04,1200,Trade receivables,Asset,CC-200,SYS-BATCH,System,Customer receipt,0.0,391411.3,Not required,
JE1036156,1,2025-04-07,2025-04-07,2100,Trade payables,Liability,CC-300,SYS-BATCH,System,TDS deducted on payment,65050.99,0.0,Not required,
JE1036156,2,2025-04-07,2025-04-07,2210,TDS payable,Liability,CC-300,SYS-BATCH,System,TDS deducted on payment,0.0,65050.99,Not required,
JE1037203,1,2025-04-07,2025-04-06,5340,Legal and professional fees,Expense,CC-300,SYS-BATCH,System,Professional fees billed,242103.24,0.0,Not required,
JE1037203,2,2025-04-07,2025-04-06,2100,Trade payables,Liability,CC-300,SYS-BATCH,System,Professional fees billed,0.0,242103.24,Not required,
JE1037723,1,2025-04-07,2025-04-06,5100,Cost of materials consumed,Expense,CC-300,SYS-BATCH,System,Purchase of raw material,39395.01,0.0,Not required,
JE1037723,2,2025-04-07,2025-04-06,2100,Trade payables,Liability,CC-300,SYS-BATCH,System,Purchase of raw material,0.0,39395.01,Not required,
JE1038201,1,2025-04-07,2025-04-07,5100,Cost of materials consumed,Expense,CC-600,SYS-BATCH,System,Purchase of raw material,410937.87,0.0,Not required,
JE1038201,2,2025-04-07,2025-04-07,2100,Trade payables,Liability,CC-600,SYS-BATCH,System,Purchase of raw material,0.0,410937.87,Not required,
JE1038334,1,2025-04-07,2025-04-06,5200,Employee benefit expense,Expense,CC-200,SYS-BATCH,System,Payroll for the month,1754342.21,0.0,Approved,A001
JE1038334,2,2025-04-07,2025-04-06,2120,Provision for employee benefits,Liability,CC-200,SYS-BATCH,System,Payroll for the month,0.0,1754342.21,Approved,A001
JE1038513,1,2025-04-07,2025-04-07,5380,Printing and stationery,Expense,CC-400,SYS-BATCH,System,Stationery purchase,28527.6,0.0,Not required,
JE1038513,2,2025-04-07,2025-04-07,2100,Trade payables,Liability,CC-400,SYS-BATCH,System,Stationery purchase,0.0,28527.6,Not required,
JE1038814,1,2025-04-07,2025-04-07,5400,Depreciation and amortisation,Expense,CC-100,SYS-BATCH,System,Depreciation charge,289635.36,0.0,Not required,
JE1038814,2,2025-04-07,2025-04-07,1510,Accumulated depreciation,Asset,CC-100,SYS-BATCH,System,Depreciation charge,0.0,289635.36,Not required,
JE1038824,1,2025-04-07,2025-04-07,1200,Trade receivables,Asset,CC-500,SYS-BATCH,System,Sales invoice raised,897005.91,0.0,Approved,A002
JE1038824,2,2025-04-07,2025-04-07,4100,Revenue - product sales,Income,CC-500,SYS-BATCH,System,Sales invoice raised,0.0,897005.91,Approved,A002
JE1038880,1,2025-04-07,2025-04-07,2100,Trade payables,Liability,CC-200,SYS-BATCH,System,Supplier payment,573275.19,0.0,Approved,A002
JE1038880,2,2025-04-07,2025-04-07,1110,Bank - current account,Asset,CC-200,SYS-BATCH,System,Supplier payment,0.0,573275.19,Approved,A002
JE1039030,1,2025-04-07,2025-04-07,1200,Trade receivables,Asset,CC-600,SYS-BATCH,System,Sales invoice raised,138859.29,0.0,Not required,
JE1039030,2,2025-04-07,2025-04-07,4100,Revenue - product sales,Income,CC-600,SYS-BATCH,System,Sales invoice raised,0.0,138859.29,Not required,
JE1039443,1,2025-04-07,2025-04-06,2100,Trade payables,Liability,CC-100,SYS-BATCH,System,Supplier payment,93785.25,0.0,Not required,
JE1039443,2,2025-04-07,2025-04-06,1110,Bank - current account,Asset,CC-100,SYS-BATCH,System,Supplier payment,0.0,93785.25,Not required,
JE1039636,1,2025-04-07,2025-04-07,5400,Depreciation and amortisation,Expense,CC-100,U017,Manual,Depreciation charge,781669.41,0.0,Approved,A003
JE1039636,2,2025-04-07,2025-04-07,1510,Accumulated depreciation,Asset,CC-100,U017,Manual,Depreciation charge,0.0,781669.41,Approved,A003
JE1040128,1,2025-04-07,2025-04-07,1200,Trade receivables,Asset,CC-600,SYS-BATCH,System,Sales invoice raised,642796.66,0.0,Approved,A001
JE1040128,2,2025-04-07,2025-04-07,4100,Revenue - product sales,Income,CC-600,SYS-BATCH,System,Sales invoice raised,0.0,642796.66,Approved,A001
JE1040636,1,2025-04-07,2025-04-06,1200,Trade receivables,Asset,CC-400,SYS-BATCH,System,Sales invoice raised,88216.03,0.0,Not required,
JE1040636,2,2025-04-07,2025-04-06,4100,Revenue - product sales,Income,CC-400,SYS-BATCH,System,Sales invoice raised,0.0,88216.03,Not required,
JE1040660,1,2025-04-07,2025-04-07,1600,Input GST receivable,Asset,CC-500,SYS-BATCH,System,GST input booked,113535.66,0.0,Not required,
JE1040660,2,2025-04-07,2025-04-07,2100,Trade payables,Liability,CC-500,SYS-BATCH,System,GST input booked,0.0,113535.66,Not required,
JE1040731,1,2025-04-07,2025-04-07,1200,Trade receivables,Asset,CC-100,SYS-BATCH,System,Sales invoice raised,385599.51,0.0,Not required,
JE1040731,2,2025-04-07,2025-04-07,4100,Revenue - product sales,Income,CC-100,SYS-BATCH,System,Sales invoice raised,0.0,385599.51,Not required,
JE1040752,1,2025-04-07,2025-04-07,5350,Advertisement and marketing,Expense,CC-300,U005,Manual,Marketing spend,410695.07,0.0,Not required,
JE1040752,2,2025-04-07,2025-04-07,2100,Trade payables,Liability,CC-300,U005,Manual,Marketing spend,0.0,410695.07,Not required,
JE1040758,1,2025-04-07,2025-04-07,5330,Travel and conveyance,Expense,CC-200,SYS-BATCH,System,Travel reimbursement,26576.51,0.0,Not required,
JE1040758,2,2025-04-07,2025-04-07,1110,Bank - current account,Asset,CC-200,SYS-BATCH,System,Travel reimbursement,0.0,26576.51,Not required,
JE1040816,1,2025-04-07,2025-04-07,2100,Trade payables,Liability,CC-500,SYS-BATCH,System,Supplier payment,124985.35,0.0,Not required,
JE1040816,2,2025-04-07,2025-04-07,1110,Bank - current account,Asset,CC-500,SYS-BATCH,System,Supplier payment,0.0,124985.35,Not required,
JE1040862,1,2025-04-07,2025-04-07,5340,Legal and professional fees,Expense,CC-200,U004,Manual,Professional fees billed,94598.9,0.0,Not required,
JE1040862,2,2025-04-07,2025-04-07,2100,Trade payables,Liability,CC-200,U004,Manual,Professional fees billed,0.0,94598.9,Not required,
JE1040889,1,2025-04-07,2025-04-07,5100,Cost of materials consumed,Expense,CC-200,SYS-BATCH,System,Purchase of raw material,699794.34,0.0,Approved,A003
JE1040889,2,2025-04-07,2025-04-07,2100,Trade payables,Liability,CC-200,SYS-BATCH,System,Purchase of raw material,0.0,699794.34,Approved,A003
JE1040903,1,2025-04-07,2025-04-07,1110,Bank - current account,Asset,CC-400,SYS-BATCH,System,Customer receipt,699567.29,0.0,Approved,A003
JE1040903,2,2025-04-07,2025-04-07,1200,Trade receivables,Asset,CC-400,SYS-BATCH,System,Customer receipt,0.0,699567.29,Approved,A003
JE1041205,1,2025-04-07,2025-04-05,1200,Trade receivables,Asset,CC-500,SYS-BATCH,System,Sales invoice raised,328557.41,0.0,Not required,
JE1041205,2,2025-04-07,2025-04-05,4100,Revenue - product sales,Income,CC-500,SYS-BATCH,System,Sales invoice raised,0.0,328557.41,Not required,
JE1041361,1,2025-04-07,2025-04-07,5300,Rent expense,Expense,CC-100,SYS-BATCH,System,Rent for the period,358817.7,0.0,Not required,
JE1041361,2,2025-04-07,2025-04-07,2110,Accrued expenses,Liability,CC-100,SYS-BATCH,System,Rent for the period,0.0,358817.7,Not required,
JE1041481,1,2025-04-07,2025-04-05,1200,Trade receivables,Asset,CC-100,U013,Manual,Sales invoice raised,238311.03,0.0,Not required,
JE1041481,2,2025-04-07,2025-04-05,4100,Revenue - product sales,Income,CC-100,U013,Manual,Sales invoice raised,0.0,238311.03,Not required,
JE1041928,1,2025-04-07,2025-04-06,5500,Finance cost,Expense,CC-200,SYS-BATCH,System,Interest on borrowings,271644.43,0.0,Not required,
JE1041928,2,2025-04-07,2025-04-06,2310,Interest accrued but not due,Liability,CC-200,SYS-BATCH,System,Interest on borrowings,0.0,271644.43,Not required,
JE1042041,1,2025-04-07,2025-04-07,2100,Trade payables,Liability,CC-200,SYS-BATCH,System,Supplier payment,511097.94,0.0,Approved,A003
JE1042041,2,2025-04-07,2025-04-07,1110,Bank - current account,Asset,CC-200,SYS-BATCH,System,Supplier payment,0.0,511097.94,Approved,A003
JE1042112,1,2025-04-07,2025-04-04,1200,Trade receivables,Asset,CC-400,SYS-BATCH,System,Sales invoice raised,386253.91,0.0,Not required,
JE1042112,2,2025-04-07,2025-04-04,4100,Revenue - product sales,Income,CC-400,SYS-BATCH,System,Sales invoice raised,0.0,386253.91,Not required,
JE1042221,1,2025-04-07,2025-04-06,5500,Finance cost,Expense,CC-600,SYS-BATCH,System,Interest on borrowings,489345.27,0.0,Not required,
JE1042221,2,2025-04-07,2025-04-06,2310,Interest accrued but not due,Liability,CC-600,SYS-BATCH,System,Interest on borrowings,0.0,489345.27,Not required,
JE1042339,1,2025-04-07,2025-04-05,5210,Contract staff cost,Expense,CC-300,U006,Manual,Contract staff billing,257694.37,0.0,Not required,
JE1042339,2,2025-04-07,2025-04-05,2100,Trade payables,Liability,CC-300,U006,Manual,Contract staff billing,0.0,257694.37,Not required,
JE1042392,1,2025-04-07,2025-04-04,1110,Bank - current account,Asset,CC-400,SYS-BATCH,System,Customer receipt,302988.19,0.0,Not required,
JE1042392,2,2025-04-07,2025-04-04,1200,Trade receivables,Asset,CC-400,SYS-BATCH,System,Customer receipt,0.0,302988.19,Not required,
JE1042873,1,2025-04-07,2025-04-07,5300,Rent expense,Expense,CC-100,U018,Manual,Rent for the period,198666.3,0.0,Not required,
JE1042873,2,2025-04-07,2025-04-07,2110,Accrued expenses,Liability,CC-100,U018,Manual,Rent for the period,0.0,198666.3,Not required,
JE1042983,1,2025-04-07,2025-04-06,1600,Input GST receivable,Asset,CC-600,SYS-BATCH,System,GST input booked,89940.73,0.0,Not required,
JE1042983,2,2025-04-07,2025-04-06,2100,Trade payables,Liability,CC-600,SYS-BATCH,System,GST input booked,0.0,89940.73,Not required,
JE1043054,1,2025-04-07,2025-04-07,5320,Repairs and maintenance,Expense,CC-600,SYS-BATCH,System,Repairs and upkeep,101457.73,0.0,Not required,
JE1043054,2,2025-04-07,2025-04-07,2100,Trade payables,Liability,CC-600,SYS-BATCH,System,Repairs and upkeep,0.0,101457.73,Not required,
JE1043226,1,2025-04-07,2025-04-05,1110,Bank - current account,Asset,CC-300,U005,Manual,Customer receipt,848465.35,0.0,Approved,A001
JE1043226,2,2025-04-07,2025-04-05,1200,Trade receivables,Asset,CC-300,U005,Manual,Customer receipt,0.0,848465.35,Approved,A001
JE1043240,1,2025-04-07,2025-04-04,1200,Trade receivables,Asset,CC-400,U002,Manual,Sales invoice raised,617122.44,0.0,Approved,A003
JE1043240,2,2025-04-07,2025-04-04,4100,Revenue - product sales,Income,CC-400,U002,Manual,Sales invoice raised,0.0,617122.44,Approved,A003
JE1043260,1,2025-04-07,2025-04-07,1200,Trade receivables,Asset,CC-400,U016,Manual,Sales invoice raised,878377.22,0.0,Approved,A001
JE1043260,2,2025-04-07,2025-04-07,4100,Revenue - product sales,Income,CC-400,U016,Manual,Sales invoice raised,0.0,878377.22,Approved,A001
JE1043275,1,2025-04-07,2025-04-07,1110,Bank - current account,Asset,CC-600,SYS-BATCH,System,Customer receipt,750089.06,0.0,Approved,A003
JE1043275,2,2025-04-07,2025-04-07,1200,Trade receivables,Asset,CC-600,SYS-BATCH,System,Customer receipt,0.0,750089.06,Approved,A003
JE1043394,1,2025-04-07,2025-04-06,1110,Bank - current account,Asset,CC-600,SYS-BATCH,System,Customer receipt,776439.34,0.0,Approved,A002
JE1043394,2,2025-04-07,2025-04-06,1200,Trade receivables,Asset,CC-600,SYS-BATCH,System,Customer receipt,0.0,776439.34,Approved,A002
JE1044443,1,2025-04-07,2025-04-06,5310,Power and fuel,Expense,CC-400,SYS-BATCH,System,Electricity charges,108821.72,0.0,Not required,
JE1044443,2,2025-04-07,2025-04-06,2110,Accrued expenses,Liability,CC-400,SYS-BATCH,System,Electricity charges,0.0,108821.72,Not required,
JE1044451,1,2025-04-07,2025-04-07,1110,Bank - current account,Asset,CC-500,SYS-BATCH,System,Customer receipt,723679.67,0.0,Approved,A002
JE1044451,2,2025-04-07,2025-04-07,1200,Trade receivables,Asset,CC-500,SYS-BATCH,System,Customer receipt,0.0,723679.67,Approved,A002
JE1044474,1,2025-04-07,2025-04-07,5310,Power and fuel,Expense,CC-400,SYS-BATCH,System,Electricity charges,203358.47,0.0,Not required,
JE1044474,2,2025-04-07,2025-04-07,2110,Accrued expenses,Liability,CC-400,SYS-BATCH,System,Electricity charges,0.0,203358.47,Not required,
JE1044801,1,2025-04-07,2025-04-07,5100,Cost of materials consumed,Expense,CC-300,SYS-BATCH,System,Purchase of raw material,381275.75,0.0,Not required,
JE1044801,2,2025-04-07,2025-04-07,2100,Trade payables,Liability,CC-300,SYS-BATCH,System,Purchase of raw material,0.0,381275.75,Not required,
JE1045094,1,2025-04-07,2025-04-07,1200,Trade receivables,Asset,CC-100,SYS-BATCH,System,Service invoice raised,428929.46,0.0,Not required,
JE1045094,2,2025-04-07,2025-04-07,4110,Revenue - service income,Income,CC-100,SYS-BATCH,System,Service invoice raised,0.0,428929.46,Not required,
JE1045264,1,2025-04-07,2025-04-07,1200,Trade receivables,Asset,CC-500,SYS-BATCH,System,Service invoice raised,74644.98,0.0,Not required,
JE1045264,2,2025-04-07,2025-04-07,4110,Revenue - service income,Income,CC-500,SYS-BATCH,System,Service invoice raised,0.0,74644.98,Not required,
JE1045481,1,2025-04-07,2025-04-07,1110,Bank - current account,Asset,CC-500,SYS-BATCH,System,Customer receipt,162638.17,0.0,Not required,
JE1045481,2,2025-04-07,2025-04-07,1200,Trade receivables,Asset,CC-500,SYS-BATCH,System,Customer receipt,0.0,162638.17,Not required,
JE1046285,1,2025-04-07,2025-04-07,5500,Finance cost,Expense,CC-500,SYS-BATCH,System,Interest on borrowings,305325.74,0.0,Not required,
JE1046285,2,2025-04-07,2025-04-07,2310,Interest accrued but not due,Liability,CC-500,SYS-BATCH,System,Interest on borrowings,0.0,305325.74,Not required,
JE1046370,1,2025-04-07,2025-04-07,2100,Trade payables,Liability,CC-300,U017,Manual,Supplier payment,287157.11,0.0,Not required,
JE1046370,2,2025-04-07,2025-04-07,1110,Bank - current account,Asset,CC-300,U017,Manual,Supplier payment,0.0,287157.11,Not required,
JE1046378,1,2025-04-07,2025-04-07,1200,Trade receivables,Asset,CC-600,SYS-BATCH,System,Sales invoice raised,638223.11,0.0,Approved,A003
JE1046378,2,2025-04-07,2025-04-07,4100,Revenue - product sales,Income,CC-600,SYS-BATCH,System,Sales invoice raised,0.0,638223.11,Approved,A003
JE1046639,1,2025-04-07,2025-04-06,5500,Finance cost,Expense,CC-400,SYS-BATCH,System,Interest on borrowings,114413.53,0.0,Not required,
JE1046639,2,2025-04-07,2025-04-06,2310,Interest accrued but not due,Liability,CC-400,SYS-BATCH,System,Interest on borrowings,0.0,114413.53,Not required,
JE1046696,1,2025-04-07,2025-04-06,5310,Power and fuel,Expense,CC-400,SYS-BATCH,System,Electricity charges,38159.81,0.0,Not required,
JE1046696,2,2025-04-07,2025-04-06,2110,Accrued expenses,Liability,CC-400,SYS-BATCH,System,Electricity charges,0.0,38159.81,Not required,
JE1046728,1,2025-04-07,2025-04-06,5330,Travel and conveyance,Expense,CC-200,SYS-BATCH,System,Travel reimbursement,10536.32,0.0,Not required,
JE1046728,2,2025-04-07,2025-04-06,1110,Bank - current account,Asset,CC-200,SYS-BATCH,System,Travel reimbursement,0.0,10536.32,Not required,
JE1046774,1,2025-04-07,2025-04-04,5330,Travel and conveyance,Expense,CC-600,SYS-BATCH,System,Travel reimbursement,70075.4,0.0,Not required,
JE1046774,2,2025-04-07,2025-04-04,1110,Bank - current account,Asset,CC-600,SYS-BATCH,System,Travel reimbursement,0.0,70075.4,Not required,
JE1046777,1,2025-04-07,2025-04-06,1200,Trade receivables,Asset,CC-200,SYS-BATCH,System,Sales invoice raised,465342.3,0.0,Not required,
JE1046777,2,2025-04-07,2025-04-06,4100,Revenue - product sales,Income,CC-200,SYS-BATCH,System,Sales invoice raised,0.0,465342.3,Not required,
JE1046895,1,2025-04-07,2025-04-07,5500,Finance cost,Expense,CC-200,SYS-BATCH,System,Interest on borrowings,161107.91,0.0,Not required,
JE1046895,2,2025-04-07,2025-04-07,2310,Interest accrued but not due,Liability,CC-200,SYS-BATCH,System,Interest on borrowings,0.0,161107.91,Not required,
JE1046965,1,2025-04-07,2025-04-07,1110,Bank - current account,Asset,CC-500,SYS-BATCH,System,Customer receipt,463611.77,0.0,Not required,
JE1046965,2,2025-04-07,2025-04-07,1200,Trade receivables,Asset,CC-500,SYS-BATCH,System,Customer receipt,0.0,463611.77,Not required,
JE1047079,1,2025-04-07,2025-04-07,2100,Trade payables,Liability,CC-100,SYS-BATCH,System,Supplier payment,468479.28,0.0,Not required,
JE1047079,2,2025-04-07,2025-04-07,1110,Bank - current account,Asset,CC-100,SYS-BATCH,System,Supplier payment,0.0,468479.28,Not required,
JE1047575,1,2025-04-07,2025-04-06,2100,Trade payables,Liability,CC-200,SYS-BATCH,System,TDS deducted on payment,23998.73,0.0,Not required,
JE1047575,2,2025-04-07,2025-04-06,2210,TDS payable,Liability,CC-200,SYS-BATCH,System,TDS deducted on payment,0.0,23998.73,Not required,
JE1047582,1,2025-04-07,2025-04-06,5200,Employee benefit expense,Expense,CC-300,SYS-BATCH,System,Payroll for the month,1743449.06,0.0,Approved,A003
JE1047582,2,2025-04-07,2025-04-06,2120,Provision for employee benefits,Liability,CC-300,SYS-BATCH,System,Payroll for the month,0.0,1743449.06,Approved,A003
JE1047589,1,2025-04-07,2025-04-04,1410,Advance to suppliers,Asset,CC-400,U018,Manual,Advance to supplier,285178.94,0.0,Not required,
JE1047589,2,2025-04-07,2025-04-04,1110,Bank - current account,Asset,CC-400,U018,Manual,Advance to supplier,0.0,285178.94,Not required,
JE1047916,1,2025-04-07,2025-04-04,1110,Bank - current account,Asset,CC-600,U021,Manual,Customer receipt,501358.61,0.0,Approved,A003
JE1047916,2,2025-04-07,2025-04-04,1200,Trade receivables,Asset,CC-600,U021,Manual,Customer receipt,0.0,501358.61,Approved,A003
JE1048096,1,2025-04-07,2025-04-07,1200,Trade receivables,Asset,CC-300,SYS-BATCH,System,Service invoice raised,124238.5,0.0,Not required,
JE1048096,2,2025-04-07,2025-04-07,4110,Revenue - service income,Income,CC-300,SYS-BATCH,System,Service invoice raised,0.0,124238.5,Not required,
JE1048251,1,2025-04-07,2025-04-05,1110,Bank - current account,Asset,CC-100,SYS-BATCH,System,Customer receipt,862422.55,0.0,Approved,A002
JE1048251,2,2025-04-07,2025-04-05,1200,Trade receivables,Asset,CC-100,SYS-BATCH,System,Customer receipt,0.0,862422.55,Approved,A002
JE1048739,1,2025-04-07,2025-04-07,1200,Trade receivables,Asset,CC-100,SYS-BATCH,System,Sales invoice raised,693260.02,0.0,Approved,A002
JE1048739,2,2025-04-07,2025-04-07,4100,Revenue - product sales,Income,CC-100,SYS-BATCH,System,Sales invoice raised,0.0,693260.02,Approved,A002
JE1049600,1,2025-04-07,2025-04-07,1600,Input GST receivable,Asset,CC-400,SYS-BATCH,System,GST input booked,16977.19,0.0,Not required,
JE1049600,2,2025-04-07,2025-04-07,2100,Trade payables,Liability,CC-400,SYS-BATCH,System,GST input booked,0.0,16977.19,Not required,
JE1049657,1,2025-04-07,2025-04-04,5500,Finance cost,Expense,CC-100,SYS-BATCH,System,Interest on borrowings,224317.15,0.0,Not required,
JE1049657,2,2025-04-07,2025-04-04,2310,Interest accrued but not due,Liability,CC-100,SYS-BATCH,System,Interest on borrowings,0.0,224317.15,Not required,
JE1050007,1,2025-04-07,2025-04-04,2100,Trade payables,Liability,CC-300,U021,Manual,Supplier payment,42372.09,0.0,Not required,
JE1050007,2,2025-04-07,2025-04-04,1110,Bank - current account,Asset,CC-300,U021,Manual,Supplier payment,0.0,42372.09,Not required,
JE1050113,1,2025-04-07,2025-04-06,1110,Bank - current account,Asset,CC-300,U019,Manual,Customer receipt,380731.46,0.0,Not required,
JE1050113,2,2025-04-07,2025-04-06,1200,Trade receivables,Asset,CC-300,U019,Manual,Customer receipt,0.0,380731.46,Not required,
JE1050535,1,2025-04-07,2025-04-07,1200,Trade receivables,Asset,CC-500,SYS-BATCH,System,Sales invoice raised,244112.9,0.0,Not required,
JE1050535,2,2025-04-07,2025-04-07,4100,Revenue - product sales,Income,CC-500,SYS-BATCH,System,Sales invoice raised,0.0,244112.9,Not required,
JE1050664,1,2025-04-07,2025-04-07,1200,Trade receivables,Asset,CC-200,SYS-BATCH,System,Service invoice raised,466254.3,0.0,Not required,
JE1050664,2,2025-04-07,2025-04-07,4110,Revenue - service income,Income,CC-200,SYS-BATCH,System,Service invoice raised,0.0,466254.3,Not required,
JE1050829,1,2025-04-07,2025-04-06,5100,Cost of materials consumed,Expense,CC-200,SYS-BATCH,System,Purchase of raw material,84298.4,0.0,Not required,
JE1050829,2,2025-04-07,2025-04-06,2100,Trade payables,Liability,CC-200,SYS-BATCH,System,Purchase of raw material,0.0,84298.4,Not required,
JE1050859,1,2025-04-07,2025-04-05,5380,Printing and stationery,Expense,CC-400,SYS-BATCH,System,Stationery purchase,13259.87,0.0,Not required,
JE1050859,2,2025-04-07,2025-04-05,2100,Trade payables,Liability,CC-400,SYS-BATCH,System,Stationery purchase,0.0,13259.87,Not required,
JE1051067,1,2025-04-07,2025-04-06,5100,Cost of materials consumed,Expense,CC-400,SYS-BATCH,System,Purchase of raw material,327026.51,0.0,Not required,
JE1051067,2,2025-04-07,2025-04-06,2100,Trade payables,Liability,CC-400,SYS-BATCH,System,Purchase of raw material,0.0,327026.51,Not required,
JE1051081,1,2025-04-07,2025-04-07,2100,Trade payables,Liability,CC-300,SYS-BATCH,System,Supplier payment,651905.69,0.0,Approved,A003
JE1051081,2,2025-04-07,2025-04-07,1110,Bank - current account,Asset,CC-300,SYS-BATCH,System,Supplier payment,0.0,651905.69,Approved,A003
JE1051348,1,2025-04-07,2025-04-07,1410,Advance to suppliers,Asset,CC-500,SYS-BATCH,System,Advance to supplier,385201.66,0.0,Not required,
JE1051348,2,2025-04-07,2025-04-07,1110,Bank - current account,Asset,CC-500,SYS-BATCH,System,Advance to supplier,0.0,385201.66,Not required,
JE1051412,1,2025-04-07,2025-04-06,5370,Communication expense,Expense,CC-300,SYS-BATCH,System,Telephone and internet,52748.54,0.0,Not required,
JE1051412,2,2025-04-07,2025-04-06,2110,Accrued expenses,Liability,CC-300,SYS-BATCH,System,Telephone and internet,0.0,52748.54,Not required,
JE1051710,1,2025-04-07,2025-04-06,5210,Contract staff cost,Expense,CC-200,SYS-BATCH,System,Contract staff billing,341020.08,0.0,Not required,
JE1051710,2,2025-04-07,2025-04-06,2100,Trade payables,Liability,CC-200,SYS-BATCH,System,Contract staff billing,0.0,341020.08,Not required,
JE1052306,1,2025-04-07,2025-04-07,1200,Trade receivables,Asset,CC-500,SYS-BATCH,System,Sales invoice raised,209874.46,0.0,Not required,
JE1052306,2,2025-04-07,2025-04-07,4100,Revenue - product sales,Income,CC-500,SYS-BATCH,System,Sales invoice raised,0.0,209874.46,Not required,
JE1052425,1,2025-04-07,2025-04-07,1600,Input GST receivable,Asset,CC-300,SYS-BATCH,System,GST input booked,64619.72,0.0,Not required,
JE1052425,2,2025-04-07,2025-04-07,2100,Trade payables,Liability,CC-300,SYS-BATCH,System,GST input booked,0.0,64619.72,Not required,
JE1052688,1,2025-04-07,2025-04-07,1200,Trade receivables,Asset,CC-500,SYS-BATCH,System,Service invoice raised,259568.57,0.0,Not required,
JE1052688,2,2025-04-07,2025-04-07,4110,Revenue - service income,Income,CC-500,SYS-BATCH,System,Service invoice raised,0.0,259568.57,Not required,
JE1053491,1,2025-04-07,2025-04-06,5380,Printing and stationery,Expense,CC-600,U018,Manual,Stationery purchase,20400.23,0.0,Not required,
JE1053491,2,2025-04-07,2025-04-06,2100,Trade payables,Liability,CC-600,U018,Manual,Stationery purchase,0.0,20400.23,Not required,
JE1053668,1,2025-04-07,2025-04-04,5300,Rent expense,Expense,CC-600,SYS-BATCH,System,Rent for the period,303835.19,0.0,Not required,
JE1053668,2,2025-04-07,2025-04-04,2110,Accrued expenses,Liability,CC-600,SYS-BATCH,System,Rent for the period,0.0,303835.19,Not required,
JE1053670,1,2025-04-07,2025-04-07,1200,Trade receivables,Asset,CC-200,SYS-BATCH,System,Sales invoice raised,296413.25,0.0,Not required,
JE1053670,2,2025-04-07,2025-04-07,4100,Revenue - product sales,Income,CC-200,SYS-BATCH,System,Sales invoice raised,0.0,296413.25,Not required,
JE1053732,1,2025-04-07,2025-04-04,2100,Trade payables,Liability,CC-300,SYS-BATCH,System,Supplier payment,263430.84,0.0,Not required,
JE1053732,2,2025-04-07,2025-04-04,1110,Bank - current account,Asset,CC-300,SYS-BATCH,System,Supplier payment,0.0,263430.84,Not required,
JE1053850,1,2025-04-07,2025-04-07,5100,Cost of materials consumed,Expense,CC-400,SYS-BATCH,System,Purchase of raw material,655699.57,0.0,Approved,A001
JE1053850,2,2025-04-07,2025-04-07,2100,Trade payables,Liability,CC-400,SYS-BATCH,System,Purchase of raw material,0.0,655699.57,Approved,A001
JE1053858,1,2025-04-07,2025-04-06,1110,Bank - current account,Asset,CC-400,SYS-BATCH,System,Customer receipt,620408.1,0.0,Approved,A002
JE1053858,2,2025-04-07,2025-04-06,1200,Trade receivables,Asset,CC-400,SYS-BATCH,System,Customer receipt,0.0,620408.1,Approved,A002
JE1053879,1,2025-04-07,2025-04-05,5370,Communication expense,Expense,CC-500,SYS-BATCH,System,Telephone and internet,19619.68,0.0,Not required,
JE1053879,2,2025-04-07,2025-04-05,2110,Accrued expenses,Liability,CC-500,SYS-BATCH,System,Telephone and internet,0.0,19619.68,Not required,
JE1053977,1,2025-04-07,2025-04-05,5100,Cost of materials consumed,Expense,CC-200,SYS-BATCH,System,Purchase of raw material,141381.95,0.0,Not required,
JE1053977,2,2025-04-07,2025-04-05,2100,Trade payables,Liability,CC-200,SYS-BATCH,System,Purchase of raw material,0.0,141381.95,Not required,
JE1054140,1,2025-04-07,2025-04-07,1200,Trade receivables,Asset,CC-600,SYS-BATCH,System,Sales invoice raised,45484.29,0.0,Not required,
JE1054140,2,2025-04-07,2025-04-07,4100,Revenue - product sales,Income,CC-600,SYS-BATCH,System,Sales invoice raised,0.0,45484.29,Not required,
JE1054285,1,2025-04-07,2025-04-06,5350,Advertisement and marketing,Expense,CC-300,SYS-BATCH,System,Marketing spend,480652.96,0.0,Not required,
JE1054285,2,2025-04-07,2025-04-06,2100,Trade payables,Liability,CC-300,SYS-BATCH,System,Marketing spend,0.0,480652.96,Not required,
JE1054626,1,2025-04-07,2025-04-04,1110,Bank - current account,Asset,CC-500,SYS-BATCH,System,Customer receipt,41765.06,0.0,Not required,
JE1054626,2,2025-04-07,2025-04-04,1200,Trade receivables,Asset,CC-500,SYS-BATCH,System,Customer receipt,0.0,41765.06,Not required,
JE1054847,1,2025-04-07,2025-04-07,2100,Trade payables,Liability,CC-600,U005,Manual,TDS deducted on payment,28338.58,0.0,Not required,
JE1054847,2,2025-04-07,2025-04-07,2210,TDS payable,Liability,CC-600,U005,Manual,TDS deducted on payment,0.0,28338.58,Not required,
JE1055455,1,2025-04-07,2025-04-06,1200,Trade receivables,Asset,CC-500,SYS-BATCH,System,Sales invoice raised,737283.3,0.0,Approved,A003
JE1055455,2,2025-04-07,2025-04-06,4100,Revenue - product sales,Income,CC-500,SYS-BATCH,System,Sales invoice raised,0.0,737283.3,Approved,A003
JE1056522,1,2025-04-07,2025-04-06,5100,Cost of materials consumed,Expense,CC-400,SYS-BATCH,System,Purchase of raw material,397864.96,0.0,Not required,
JE1056522,2,2025-04-07,2025-04-06,2100,Trade payables,Liability,CC-400,SYS-BATCH,System,Purchase of raw material,0.0,397864.96,Not required,
JE1056609,1,2025-04-07,2025-04-07,5330,Travel and conveyance,Expense,CC-600,SYS-BATCH,System,Travel reimbursement,86261.12,0.0,Not required,
JE1056609,2,2025-04-07,2025-04-07,1110,Bank - current account,Asset,CC-600,SYS-BATCH,System,Travel reimbursement,0.0,86261.12,Not required,
JE1056779,1,2025-04-07,2025-04-04,5360,Insurance,Expense,CC-100,SYS-BATCH,System,Insurance premium,260549.01,0.0,Not required,
JE1056779,2,2025-04-07,2025-04-04,1400,Prepaid expenses,Asset,CC-100,SYS-BATCH,System,Insurance premium,0.0,260549.01,Not required,
JE1056895,1,2025-04-07,2025-04-04,1200,Trade receivables,Asset,CC-500,SYS-BATCH,System,Sales invoice raised,619852.39,0.0,Approved,A001
JE1056895,2,2025-04-07,2025-04-04,4100,Revenue - product sales,Income,CC-500,SYS-BATCH,System,Sales invoice raised,0.0,619852.39,Approved,A001
JE1057217,1,2025-04-07,2025-04-06,2100,Trade payables,Liability,CC-600,U007,Manual,TDS deducted on payment,28029.58,0.0,Not required,
JE1057217,2,2025-04-07,2025-04-06,2210,TDS payable,Liability,CC-600,U007,Manual,TDS deducted on payment,0.0,28029.58,Not required,
JE1057379,1,2025-04-07,2025-04-07,2100,Trade payables,Liability,CC-100,SYS-BATCH,System,Supplier payment,359188.78,0.0,Not required,
JE1057379,2,2025-04-07,2025-04-07,1110,Bank - current account,Asset,CC-100,SYS-BATCH,System,Supplier payment,0.0,359188.78,Not required,
JE1057999,1,2025-04-07,2025-04-05,5210,Contract staff cost,Expense,CC-600,SYS-BATCH,System,Contract staff billing,160660.55,0.0,Not required,
JE1057999,2,2025-04-07,2025-04-05,2100,Trade payables,Liability,CC-600,SYS-BATCH,System,Contract staff billing,0.0,160660.55,Not required,
JE1058054,1,2025-04-07,2025-04-07,1200,Trade receivables,Asset,CC-400,SYS-BATCH,System,GST output booked,82031.98,0.0,Not required,
JE1058054,2,2025-04-07,2025-04-07,2200,Output GST payable,Liability,CC-400,SYS-BATCH,System,GST output booked,0.0,82031.98,Not required,
JE1058308,1,2025-04-07,2025-04-07,1110,Bank - current account,Asset,CC-500,SYS-BATCH,System,Customer receipt,898849.91,0.0,Approved,A001
JE1058308,2,2025-04-07,2025-04-07,1200,Trade receivables,Asset,CC-500,SYS-BATCH,System,Customer receipt,0.0,898849.91,Approved,A001
JE1059374,1,2025-04-07,2025-04-05,5370,Communication expense,Expense,CC-200,U020,Manual,Telephone and internet,8992.07,0.0,Not required,
JE1059374,2,2025-04-07,2025-04-05,2110,Accrued expenses,Liability,CC-200,U020,Manual,Telephone and internet,0.0,8992.07,Not required,
JE1059713,1,2025-04-07,2025-04-07,5340,Legal and professional fees,Expense,CC-600,SYS-BATCH,System,Professional fees billed,359794.32,0.0,Not required,
JE1059713,2,2025-04-07,2025-04-07,2100,Trade payables,Liability,CC-600,SYS-BATCH,System,Professional fees billed,0.0,359794.32,Not required,
JE1059776,1,2025-04-07,2025-04-07,1200,Trade receivables,Asset,CC-200,SYS-BATCH,System,Service invoice raised,474077.06,0.0,Not required,
JE1059776,2,2025-04-07,2025-04-07,4110,Revenue - service income,Income,CC-200,SYS-BATCH,System,Service invoice raised,0.0,474077.06,Not required,
JE1059874,1,2025-04-07,2025-04-07,5100,Cost of materials consumed,Expense,CC-200,SYS-BATCH,System,Purchase of raw material,137555.03,0.0,Not required,
JE1059874,2,2025-04-07,2025-04-07,2100,Trade payables,Liability,CC-200,SYS-BATCH,System,Purchase of raw material,0.0,137555.03,Not required,
JE1059976,1,2025-04-07,2025-04-07,5100,Cost of materials consumed,Expense,CC-400,SYS-BATCH,System,Purchase of raw material,419326.79,0.0,Not required,
JE1059976,2,2025-04-07,2025-04-07,2100,Trade payables,Liability,CC-400,SYS-BATCH,System,Purchase of raw material,0.0,419326.79,Not required,
JE1059981,1,2025-04-07,2025-04-04,5100,Cost of materials consumed,Expense,CC-200,U005,Manual,Purchase of raw material,251459.44,0.0,Not required,
JE1059981,2,2025-04-07,2025-04-04,2100,Trade payables,Liability,CC-200,U005,Manual,Purchase of raw material,0.0,251459.44,Not required,
JE1060310,1,2025-04-07,2025-04-04,5100,Cost of materials consumed,Expense,CC-300,U016,Manual,Purchase of raw material,594517.92,0.0,Approved,A002
JE1060310,2,2025-04-07,2025-04-04,2100,Trade payables,Liability,CC-300,U016,Manual,Purchase of raw material,0.0,594517.92,Approved,A002
JE1060921,1,2025-04-07,2025-04-07,2100,Trade payables,Liability,CC-300,SYS-BATCH,System,Supplier payment,625576.54,0.0,Approved,A002
JE1060921,2,2025-04-07,2025-04-07,1110,Bank - current account,Asset,CC-300,SYS-BATCH,System,Supplier payment,0.0,625576.54,Approved,A002
JE1060923,1,2025-04-07,2025-04-04,1200,Trade receivables,Asset,CC-100,SYS-BATCH,System,Sales invoice raised,433660.1,0.0,Not required,
JE1060923,2,2025-04-07,2025-04-04,4100,Revenue - product sales,Income,CC-100,SYS-BATCH,System,Sales invoice raised,0.0,433660.1,Not required,
JE1061004,1,2025-04-07,2025-04-06,1200,Trade receivables,Asset,CC-400,U003,Manual,Sales invoice raised,96144.69,0.0,Not required,
JE1061004,2,2025-04-07,2025-04-06,4100,Revenue - product sales,Income,CC-400,U003,Manual,Sales invoice raised,0.0,96144.69,Not required,
JE1061191,1,2025-04-07,2025-04-07,1200,Trade receivables,Asset,CC-600,U008,Manual,Service invoice raised,279893.12,0.0,Not required,
JE1061191,2,2025-04-07,2025-04-07,4110,Revenue - service income,Income,CC-600,U008,Manual,Service invoice raised,0.0,279893.12,Not required,
JE1061729,1,2025-04-07,2025-04-07,5330,Travel and conveyance,Expense,CC-600,U017,Manual,Travel reimbursement,43447.25,0.0,Not required,
JE1061729,2,2025-04-07,2025-04-07,1110,Bank - current account,Asset,CC-600,U017,Manual,Travel reimbursement,0.0,43447.25,Not required,
JE1061855,1,2025-04-07,2025-04-05,1110,Bank - current account,Asset,CC-300,SYS-BATCH,System,Customer receipt,728203.18,0.0,Approved,A002
JE1061855,2,2025-04-07,2025-04-05,1200,Trade receivables,Asset,CC-300,SYS-BATCH,System,Customer receipt,0.0,728203.18,Approved,A002
JE1062066,1,2025-04-07,2025-04-06,1600,Input GST receivable,Asset,CC-600,U016,Manual,GST input booked,89832.01,0.0,Not required,
JE1062066,2,2025-04-07,2025-04-06,2100,Trade payables,Liability,CC-600,U016,Manual,GST input booked,0.0,89832.01,Not required,
JE1062127,1,2025-04-07,2025-04-06,2100,Trade payables,Liability,CC-100,SYS-BATCH,System,Supplier payment,62392.72,0.0,Not required,
JE1062127,2,2025-04-07,2025-04-06,1110,Bank - current account,Asset,CC-100,SYS-BATCH,System,Supplier payment,0.0,62392.72,Not required,
JE1062364,1,2025-04-07,2025-04-05,2100,Trade payables,Liability,CC-200,U006,Manual,Supplier payment,407352.23,0.0,Not required,
JE1062364,2,2025-04-07,2025-04-05,1110,Bank - current account,Asset,CC-200,U006,Manual,Supplier payment,0.0,407352.23,Not required,
JE1062446,1,2025-04-07,2025-04-07,2100,Trade payables,Liability,CC-500,SYS-BATCH,System,Supplier payment,197958.6,0.0,Not required,
JE1062446,2,2025-04-07,2025-04-07,1110,Bank - current account,Asset,CC-500,SYS-BATCH,System,Supplier payment,0.0,197958.6,Not required,
JE1062476,1,2025-04-07,2025-04-05,5100,Cost of materials consumed,Expense,CC-400,U004,Manual,Purchase of raw material,677393.83,0.0,Approved,A002
JE1062476,2,2025-04-07,2025-04-05,2100,Trade payables,Liability,CC-400,U004,Manual,Purchase of raw material,0.0,677393.83,Approved,A002
JE1062810,1,2025-04-07,2025-04-05,5350,Advertisement and marketing,Expense,CC-600,SYS-BATCH,System,Marketing spend,265476.55,0.0,Not required,
JE1062810,2,2025-04-07,2025-04-05,2100,Trade payables,Liability,CC-600,SYS-BATCH,System,Marketing spend,0.0,265476.55,Not required,
JE1062856,1,2025-04-07,2025-04-06,5210,Contract staff cost,Expense,CC-400,SYS-BATCH,System,Contract staff billing,44000.57,0.0,Not required,
JE1062856,2,2025-04-07,2025-04-06,2100,Trade payables,Liability,CC-400,SYS-BATCH,System,Contract staff billing,0.0,44000.57,Not required,
JE1063732,1,2025-04-07,2025-04-04,1110,Bank - current account,Asset,CC-400,U006,Manual,Customer receipt,825771.49,0.0,Approved,A001
JE1063732,2,2025-04-07,2025-04-04,1200,Trade receivables,Asset,CC-400,U006,Manual,Customer receipt,0.0,825771.49,Approved,A001
JE1063821,1,2025-04-07,2025-04-07,5100,Cost of materials consumed,Expense,CC-200,SYS-BATCH,System,Purchase of raw material,563994.39,0.0,Approved,A002
JE1063821,2,2025-04-07,2025-04-07,2100,Trade payables,Liability,CC-200,SYS-BATCH,System,Purchase of raw material,0.0,563994.39,Approved,A002
JE1063883,1,2025-04-07,2025-04-04,5300,Rent expense,Expense,CC-400,SYS-BATCH,System,Rent for the period,251055.68,0.0,Not required,
JE1063883,2,2025-04-07,2025-04-04,2110,Accrued expenses,Liability,CC-400,SYS-BATCH,System,Rent for the period,0.0,251055.68,Not required,
JE1064563,1,2025-04-07,2025-04-07,1110,Bank - current account,Asset,CC-600,SYS-BATCH,System,Customer receipt,853603.16,0.0,Approved,A003
JE1064563,2,2025-04-07,2025-04-07,1200,Trade receivables,Asset,CC-600,SYS-BATCH,System,Customer receipt,0.0,853603.16,Approved,A003
JE1064802,1,2025-04-07,2025-04-07,1200,Trade receivables,Asset,CC-600,SYS-BATCH,System,Sales invoice raised,119664.48,0.0,Not required,
JE1064802,2,2025-04-07,2025-04-07,4100,Revenue - product sales,Income,CC-600,SYS-BATCH,System,Sales invoice raised,0.0,119664.48,Not required,
JE1064813,1,2025-04-07,2025-04-07,1600,Input GST receivable,Asset,CC-400,SYS-BATCH,System,GST input booked,24935.17,0.0,Not required,
JE1064813,2,2025-04-07,2025-04-07,2100,Trade payables,Liability,CC-400,SYS-BATCH,System,GST input booked,0.0,24935.17,Not required,
JE1064934,1,2025-04-07,2025-04-07,1600,Input GST receivable,Asset,CC-600,SYS-BATCH,System,GST input booked,72023.62,0.0,Not required,
JE1064934,2,2025-04-07,2025-04-07,2100,Trade payables,Liability,CC-600,SYS-BATCH,System,GST input booked,0.0,72023.62,Not required,
JE1065134,1,2025-04-07,2025-04-07,1200,Trade receivables,Asset,CC-300,SYS-BATCH,System,Sales invoice raised,216393.75,0.0,Not required,
JE1065134,2,2025-04-07,2025-04-07,4100,Revenue - product sales,Income,CC-300,SYS-BATCH,System,Sales invoice raised,0.0,216393.75,Not required,
JE1065633,1,2025-04-07,2025-04-07,5100,Cost of materials consumed,Expense,CC-400,U018,Manual,Purchase of raw material,561812.0,0.0,Approved,A002
JE1065633,2,2025-04-07,2025-04-07,2100,Trade payables,Liability,CC-400,U018,Manual,Purchase of raw material,0.0,561812.0,Approved,A002
JE1065669,1,2025-04-07,2025-04-07,5350,Advertisement and marketing,Expense,CC-600,SYS-BATCH,System,Marketing spend,30005.18,0.0,Not required,
JE1065669,2,2025-04-07,2025-04-07,2100,Trade payables,Liability,CC-600,SYS-BATCH,System,Marketing spend,0.0,30005.18,Not required,
JE1066555,1,2025-04-07,2025-04-06,2100,Trade payables,Liability,CC-100,SYS-BATCH,System,Supplier payment,302757.57,0.0,Not required,
JE1066555,2,2025-04-07,2025-04-06,1110,Bank - current account,Asset,CC-100,SYS-BATCH,System,Supplier payment,0.0,302757.57,Not required,
JE1066577,1,2025-04-07,2025-04-07,5210,Contract staff cost,Expense,CC-100,SYS-BATCH,System,Contract staff billing,198171.08,0.0,Not required,
JE1066577,2,2025-04-07,2025-04-07,2100,Trade payables,Liability,CC-100,SYS-BATCH,System,Contract staff billing,0.0,198171.08,Not required,
JE1066830,1,2025-04-07,2025-04-07,5210,Contract staff cost,Expense,CC-300,SYS-BATCH,System,Contract staff billing,196361.51,0.0,Not required,
JE1066830,2,2025-04-07,2025-04-07,2100,Trade payables,Liability,CC-300,SYS-BATCH,System,Contract staff billing,0.0,196361.51,Not required,
JE1066909,1,2025-04-07,2025-04-07,1110,Bank - current account,Asset,CC-300,SYS-BATCH,System,Customer receipt,522997.26,0.0,Approved,A003
JE1066909,2,2025-04-07,2025-04-07,1200,Trade receivables,Asset,CC-300,SYS-BATCH,System,Customer receipt,0.0,522997.26,Approved,A003
JE1066937,1,2025-04-07,2025-04-07,1200,Trade receivables,Asset,CC-100,SYS-BATCH,System,Sales invoice raised,860428.06,0.0,Approved,A001
JE1066937,2,2025-04-07,2025-04-07,4100,Revenue - product sales,Income,CC-100,SYS-BATCH,System,Sales invoice raised,0.0,860428.06,Approved,A001
JE1067084,1,2025-04-07,2025-04-06,5310,Power and fuel,Expense,CC-200,U001,Manual,Electricity charges,145659.61,0.0,Not required,
JE1067084,2,2025-04-07,2025-04-06,2110,Accrued expenses,Liability,CC-200,U001,Manual,Electricity charges,0.0,145659.61,Not required,
JE1067159,1,2025-04-07,2025-04-07,5360,Insurance,Expense,CC-500,SYS-BATCH,System,Insurance premium,45385.56,0.0,Not required,
JE1067159,2,2025-04-07,2025-04-07,1400,Prepaid expenses,Asset,CC-500,SYS-BATCH,System,Insurance premium,0.0,45385.56,Not required,
JE1067300,1,2025-04-07,2025-04-07,2100,Trade payables,Liability,CC-200,SYS-BATCH,System,Supplier payment,450877.19,0.0,Not required,
JE1067300,2,2025-04-07,2025-04-07,1110,Bank - current account,Asset,CC-200,SYS-BATCH,System,Supplier payment,0.0,450877.19,Not required,
JE1067478,1,2025-04-07,2025-04-07,5360,Insurance,Expense,CC-100,SYS-BATCH,System,Insurance premium,84121.64,0.0,Not required,
JE1067478,2,2025-04-07,2025-04-07,1400,Prepaid expenses,Asset,CC-100,SYS-BATCH,System,Insurance premium,0.0,84121.64,Not required,
JE1067658,1,2025-04-07,2025-04-05,5100,Cost of materials consumed,Expense,CC-300,U014,Manual,Purchase of raw material,159285.54,0.0,Not required,
JE1067658,2,2025-04-07,2025-04-05,2100,Trade payables,Liability,CC-300,U014,Manual,Purchase of raw material,0.0,159285.54,Not required,
JE1068544,1,2025-04-07,2025-04-07,5320,Repairs and maintenance,Expense,CC-400,SYS-BATCH,System,Repairs and upkeep,11153.74,0.0,Not required,
JE1068544,2,2025-04-07,2025-04-07,2100,Trade payables,Liability,CC-400,SYS-BATCH,System,Repairs and upkeep,0.0,11153.74,Not required,
JE1068634,1,2025-04-07,2025-04-05,1110,Bank - current account,Asset,CC-100,SYS-BATCH,System,Customer receipt,775715.47,0.0,Approved,A003
JE1068634,2,2025-04-07,2025-04-05,1200,Trade receivables,Asset,CC-100,SYS-BATCH,System,Customer receipt,0.0,775715.47,Approved,A003
JE1069270,1,2025-04-07,2025-04-06,2100,Trade payables,Liability,CC-500,SYS-BATCH,System,Supplier payment,127190.76,0.0,Not required,
JE1069270,2,2025-04-07,2025-04-06,1110,Bank - current account,Asset,CC-500,SYS-BATCH,System,Supplier payment,0.0,127190.76,Not required,
JE1069279,1,2025-04-07,2025-04-06,5210,Contract staff cost,Expense,CC-400,SYS-BATCH,System,Contract staff billing,140301.07,0.0,Not required,
JE1069279,2,2025-04-07,2025-04-06,2100,Trade payables,Liability,CC-400,SYS-BATCH,System,Contract staff billing,0.0,140301.07,Not required,
JE1069369,1,2025-04-07,2025-04-07,5200,Employee benefit expense,Expense,CC-100,U019,Manual,Payroll for the month,2551552.67,0.0,Approved,A003
JE1069369,2,2025-04-07,2025-04-07,2120,Provision for employee benefits,Liability,CC-100,U019,Manual,Payroll for the month,0.0,2551552.67,Approved,A003
JE1069647,1,2025-04-07,2025-04-04,5100,Cost of materials consumed,Expense,CC-400,SYS-BATCH,System,Purchase of raw material,286234.78,0.0,Not required,
JE1069647,2,2025-04-07,2025-04-04,2100,Trade payables,Liability,CC-400,SYS-BATCH,System,Purchase of raw material,0.0,286234.78,Not required,
JE1069886,1,2025-04-07,2025-04-07,5310,Power and fuel,Expense,CC-600,SYS-BATCH,System,Electricity charges,198020.76,0.0,Not required,
JE1069886,2,2025-04-07,2025-04-07,2110,Accrued expenses,Liability,CC-600,SYS-BATCH,System,Electricity charges,0.0,198020.76,Not required,
JE1070258,1,2025-04-07,2025-04-06,5380,Printing and stationery,Expense,CC-300,SYS-BATCH,System,Stationery purchase,21024.84,0.0,Not required,
JE1070258,2,2025-04-07,2025-04-06,2100,Trade payables,Liability,CC-300,SYS-BATCH,System,Stationery purchase,0.0,21024.84,Not required,
JE1070397,1,2025-04-07,2025-04-06,5200,Employee benefit expense,Expense,CC-200,SYS-BATCH,System,Payroll for the month,3045809.9,0.0,Approved,A001
JE1070397,2,2025-04-07,2025-04-06,2120,Provision for employee benefits,Liability,CC-200,SYS-BATCH,System,Payroll for the month,0.0,3045809.9,Approved,A001
JE1070530,1,2025-04-07,2025-04-05,2100,Trade payables,Liability,CC-600,U020,Manual,Supplier payment,469464.61,0.0,Not required,
JE1070530,2,2025-04-07,2025-04-05,1110,Bank - current account,Asset,CC-600,U020,Manual,Supplier payment,0.0,469464.61,Not required,
JE1070839,1,2025-04-07,2025-04-06,5500,Finance cost,Expense,CC-300,SYS-BATCH,System,Interest on borrowings,298081.62,0.0,Not required,
JE1070839,2,2025-04-07,2025-04-06,2310,Interest accrued but not due,Liability,CC-300,SYS-BATCH,System,Interest on borrowings,0.0,298081.62,Not required,
JE1070881,1,2025-04-07,2025-04-07,5100,Cost of materials consumed,Expense,CC-200,SYS-BATCH,System,Purchase of raw material,77673.14,0.0,Not required,
JE1070881,2,2025-04-07,2025-04-07,2100,Trade payables,Liability,CC-200,SYS-BATCH,System,Purchase of raw material,0.0,77673.14,Not required,
JE1070887,1,2025-04-07,2025-04-07,1110,Bank - current account,Asset,CC-300,SYS-BATCH,System,Customer receipt,162662.38,0.0,Not required,
JE1070887,2,2025-04-07,2025-04-07,1200,Trade receivables,Asset,CC-300,SYS-BATCH,System,Customer receipt,0.0,162662.38,Not required,
JE1071338,1,2025-04-07,2025-04-06,2100,Trade payables,Liability,CC-100,SYS-BATCH,System,Supplier payment,669005.29,0.0,Approved,A003
JE1071338,2,2025-04-07,2025-04-06,1110,Bank - current account,Asset,CC-100,SYS-BATCH,System,Supplier payment,0.0,669005.29,Approved,A003
JE1071542,1,2025-04-07,2025-04-06,1110,Bank - current account,Asset,CC-500,SYS-BATCH,System,Customer receipt,616937.84,0.0,Approved,A002
JE1071542,2,2025-04-07,2025-04-06,1200,Trade receivables,Asset,CC-500,SYS-BATCH,System,Customer receipt,0.0,616937.84,Approved,A002
JE1071617,1,2025-04-07,2025-04-06,2100,Trade payables,Liability,CC-400,SYS-BATCH,System,TDS deducted on payment,48922.55,0.0,Not required,
JE1071617,2,2025-04-07,2025-04-06,2210,TDS payable,Liability,CC-400,SYS-BATCH,System,TDS deducted on payment,0.0,48922.55,Not required,
JE1071866,1,2025-04-07,2025-04-07,1200,Trade receivables,Asset,CC-100,SYS-BATCH,System,Sales invoice raised,231084.51,0.0,Not required,
JE1071866,2,2025-04-07,2025-04-07,4100,Revenue - product sales,Income,CC-100,SYS-BATCH,System,Sales invoice raised,0.0,231084.51,Not required,
JE1071926,1,2025-04-07,2025-04-04,1110,Bank - current account,Asset,CC-400,SYS-BATCH,System,Customer receipt,821138.35,0.0,Approved,A003
JE1071926,2,2025-04-07,2025-04-04,1200,Trade receivables,Asset,CC-400,SYS-BATCH,System,Customer receipt,0.0,821138.35,Approved,A003
JE1071972,1,2025-04-07,2025-04-06,2100,Trade payables,Liability,CC-200,U009,Manual,Supplier payment,691782.43,0.0,Approved,A001
JE1071972,2,2025-04-07,2025-04-06,1110,Bank - current account,Asset,CC-200,U009,Manual,Supplier payment,0.0,691782.43,Approved,A001
JE1072484,1,2025-04-07,2025-04-06,5300,Rent expense,Expense,CC-400,SYS-BATCH,System,Rent for the period,400220.63,0.0,Not required,
JE1072484,2,2025-04-07,2025-04-06,2110,Accrued expenses,Liability,CC-400,SYS-BATCH,System,Rent for the period,0.0,400220.63,Not required,
JE1072567,1,2025-04-07,2025-04-04,2100,Trade payables,Liability,CC-100,U021,Manual,Supplier payment,308914.69,0.0,Not required,
JE1072567,2,2025-04-07,2025-04-04,1110,Bank - current account,Asset,CC-100,U021,Manual,Supplier payment,0.0,308914.69,Not required,
JE1072700,1,2025-04-07,2025-04-07,5330,Travel and conveyance,Expense,CC-200,SYS-BATCH,System,Travel reimbursement,39077.52,0.0,Not required,
JE1072700,2,2025-04-07,2025-04-07,1110,Bank - current account,Asset,CC-200,SYS-BATCH,System,Travel reimbursement,0.0,39077.52,Not required,
JE1072755,1,2025-04-07,2025-04-06,5360,Insurance,Expense,CC-400,U019,Manual,Insurance premium,280222.09,0.0,Not required,
JE1072755,2,2025-04-07,2025-04-06,1400,Prepaid expenses,Asset,CC-400,U019,Manual,Insurance premium,0.0,280222.09,Not required,
JE1073017,1,2025-04-07,2025-04-04,2100,Trade payables,Liability,CC-100,U017,Manual,TDS deducted on payment,15476.8,0.0,Not required,
JE1073017,2,2025-04-07,2025-04-04,2210,TDS payable,Liability,CC-100,U017,Manual,TDS deducted on payment,0.0,15476.8,Not required,
JE1073115,1,2025-04-07,2025-04-07,1600,Input GST receivable,Asset,CC-500,SYS-BATCH,System,GST input booked,100498.36,0.0,Not required,
JE1073115,2,2025-04-07,2025-04-07,2100,Trade payables,Liability,CC-500,SYS-BATCH,System,GST input booked,0.0,100498.36,Not required,
JE1073419,1,2025-04-07,2025-04-07,1200,Trade receivables,Asset,CC-100,SYS-BATCH,System,Sales invoice raised,773221.42,0.0,Approved,A001
JE1073419,2,2025-04-07,2025-04-07,4100,Revenue - product sales,Income,CC-100,SYS-BATCH,System,Sales invoice raised,0.0,773221.42,Approved,A001
JE1073744,1,2025-04-07,2025-04-07,2100,Trade payables,Liability,CC-400,SYS-BATCH,System,Supplier payment,101083.23,0.0,Not required,
JE1073744,2,2025-04-07,2025-04-07,1110,Bank - current account,Asset,CC-400,SYS-BATCH,System,Supplier payment,0.0,101083.23,Not required,
JE1073899,1,2025-04-07,2025-04-04,5100,Cost of materials consumed,Expense,CC-200,SYS-BATCH,System,Purchase of raw material,123563.61,0.0,Not required,
JE1073899,2,2025-04-07,2025-04-04,2100,Trade payables,Liability,CC-200,SYS-BATCH,System,Purchase of raw material,0.0,123563.61,Not required,
JE1073973,1,2025-04-07,2025-04-06,5100,Cost of materials consumed,Expense,CC-500,SYS-BATCH,System,Purchase of raw material,667992.02,0.0,Approved,A003
JE1073973,2,2025-04-07,2025-04-06,2100,Trade payables,Liability,CC-500,SYS-BATCH,System,Purchase of raw material,0.0,667992.02,Approved,A003
JE1074117,1,2025-04-07,2025-04-07,5400,Depreciation and amortisation,Expense,CC-600,SYS-BATCH,System,Depreciation charge,328403.77,0.0,Not required,
JE1074117,2,2025-04-07,2025-04-07,1510,Accumulated depreciation,Asset,CC-600,SYS-BATCH,System,Depreciation charge,0.0,328403.77,Not required,
JE1074487,1,2025-04-07,2025-04-04,5300,Rent expense,Expense,CC-500,U008,Manual,Rent for the period,430224.39,0.0,Not required,
JE1074487,2,2025-04-07,2025-04-04,2110,Accrued expenses,Liability,CC-500,U008,Manual,Rent for the period,0.0,430224.39,Not required,
JE1074585,1,2025-04-07,2025-04-07,5310,Power and fuel,Expense,CC-500,SYS-BATCH,System,Electricity charges,187811.34,0.0,Not required,
JE1074585,2,2025-04-07,2025-04-07,2110,Accrued expenses,Liability,CC-500,SYS-BATCH,System,Electricity charges,0.0,187811.34,Not required,
JE1074587,1,2025-04-07,2025-04-07,5100,Cost of materials consumed,Expense,CC-600,SYS-BATCH,System,Purchase of raw material,487997.92,0.0,Not required,
JE1074587,2,2025-04-07,2025-04-07,2100,Trade payables,Liability,CC-600,SYS-BATCH,System,Purchase of raw material,0.0,487997.92,Not required,
JE1074676,1,2025-04-07,2025-04-06,5500,Finance cost,Expense,CC-100,SYS-BATCH,System,Interest on borrowings,310504.33,0.0,Not required,
JE1074676,2,2025-04-07,2025-04-06,2310,Interest accrued but not due,Liability,CC-100,SYS-BATCH,System,Interest on borrowings,0.0,310504.33,Not required,
JE1075042,1,2025-04-07,2025-04-06,5310,Power and fuel,Expense,CC-600,SYS-BATCH,System,Electricity charges,241348.04,0.0,Not required,
JE1075042,2,2025-04-07,2025-04-06,2110,Accrued expenses,Liability,CC-600,SYS-BATCH,System,Electricity charges,0.0,241348.04,Not required,
JE1075126,1,2025-04-07,2025-04-06,5100,Cost of materials consumed,Expense,CC-600,U013,Manual,Purchase of raw material,488004.92,0.0,Not required,
JE1075126,2,2025-04-07,2025-04-06,2100,Trade payables,Liability,CC-600,U013,Manual,Purchase of raw material,0.0,488004.92,Not required,
JE1075290,1,2025-04-07,2025-04-07,1200,Trade receivables,Asset,CC-100,SYS-BATCH,System,Service invoice raised,102139.39,0.0,Not required,
JE1075290,2,2025-04-07,2025-04-07,4110,Revenue - service income,Income,CC-100,SYS-BATCH,System,Service invoice raised,0.0,102139.39,Not required,
JE1075320,1,2025-04-07,2025-04-05,5310,Power and fuel,Expense,CC-300,SYS-BATCH,System,Electricity charges,223516.34,0.0,Not required,
JE1075320,2,2025-04-07,2025-04-05,2110,Accrued expenses,Liability,CC-300,SYS-BATCH,System,Electricity charges,0.0,223516.34,Not required,
JE1075395,1,2025-04-07,2025-04-07,5100,Cost of materials consumed,Expense,CC-500,SYS-BATCH,System,Purchase of raw material,253319.9,0.0,Not required,
JE1075395,2,2025-04-07,2025-04-07,2100,Trade payables,Liability,CC-500,SYS-BATCH,System,Purchase of raw material,0.0,253319.9,Not required,
JE1076169,1,2025-04-07,2025-04-05,2100,Trade payables,Liability,CC-600,SYS-BATCH,System,Supplier payment,219466.47,0.0,Not required,
JE1076169,2,2025-04-07,2025-04-05,1110,Bank - current account,Asset,CC-600,SYS-BATCH,System,Supplier payment,0.0,219466.47,Not required,
JE1076494,1,2025-04-07,2025-04-07,5210,Contract staff cost,Expense,CC-100,SYS-BATCH,System,Contract staff billing,197716.34,0.0,Not required,
JE1076494,2,2025-04-07,2025-04-07,2100,Trade payables,Liability,CC-100,SYS-BATCH,System,Contract staff billing,0.0,197716.34,Not required,
JE1076557,1,2025-04-07,2025-04-05,5300,Rent expense,Expense,CC-600,SYS-BATCH,System,Rent for the period,429605.08,0.0,Not required,
JE1076557,2,2025-04-07,2025-04-05,2110,Accrued expenses,Liability,CC-600,SYS-BATCH,System,Rent for the period,0.0,429605.08,Not required,
JE1076984,1,2025-04-07,2025-04-06,5200,Employee benefit expense,Expense,CC-200,SYS-BATCH,System,Payroll for the month,1648611.94,0.0,Approved,A001
JE1076984,2,2025-04-07,2025-04-06,2120,Provision for employee benefits,Liability,CC-200,SYS-BATCH,System,Payroll for the month,0.0,1648611.94,Approved,A001
JE1077182,1,2025-04-07,2025-04-07,2100,Trade payables,Liability,CC-600,SYS-BATCH,System,Supplier payment,667029.69,0.0,Approved,A002
JE1077182,2,2025-04-07,2025-04-07,1110,Bank - current account,Asset,CC-600,SYS-BATCH,System,Supplier payment,0.0,667029.69,Approved,A002
JE1077230,1,2025-04-07,2025-04-05,5380,Printing and stationery,Expense,CC-600,SYS-BATCH,System,Stationery purchase,5078.4,0.0,Not required,
JE1077230,2,2025-04-07,2025-04-05,2100,Trade payables,Liability,CC-600,SYS-BATCH,System,Stationery purchase,0.0,5078.4,Not required,
JE1077294,1,2025-04-07,2025-04-06,5350,Advertisement and marketing,Expense,CC-200,SYS-BATCH,System,Marketing spend,489042.75,0.0,Not required,
JE1077294,2,2025-04-07,2025-04-06,2100,Trade payables,Liability,CC-200,SYS-BATCH,System,Marketing spend,0.0,489042.75,Not required,
JE1077346,1,2025-04-07,2025-04-07,1200,Trade receivables,Asset,CC-200,SYS-BATCH,System,Sales invoice raised,575344.61,0.0,Approved,A002
JE1077346,2,2025-04-07,2025-04-07,4100,Revenue - product sales,Income,CC-200,SYS-BATCH,System,Sales invoice raised,0.0,575344.61,Approved,A002
JE1078133,1,2025-04-07,2025-04-07,5350,Advertisement and marketing,Expense,CC-100,U016,Manual,Marketing spend,426595.65,0.0,Not required,
JE1078133,2,2025-04-07,2025-04-07,2100,Trade payables,Liability,CC-100,U016,Manual,Marketing spend,0.0,426595.65,Not required,
JE1078154,1,2025-04-07,2025-04-06,5350,Advertisement and marketing,Expense,CC-400,U012,Manual,Marketing spend,297383.24,0.0,Not required,
JE1078154,2,2025-04-07,2025-04-06,2100,Trade payables,Liability,CC-400,U012,Manual,Marketing spend,0.0,297383.24,Not required,
JE1078253,1,2025-04-07,2025-04-07,2100,Trade payables,Liability,CC-600,SYS-BATCH,System,Supplier payment,342000.52,0.0,Not required,
JE1078253,2,2025-04-07,2025-04-07,1110,Bank - current account,Asset,CC-600,SYS-BATCH,System,Supplier payment,0.0,342000.52,Not required,
JE1078354,1,2025-04-07,2025-04-06,5200,Employee benefit expense,Expense,CC-200,SYS-BATCH,System,Payroll for the month,2335463.51,0.0,Approved,A002
JE1078354,2,2025-04-07,2025-04-06,2120,Provision for employee benefits,Liability,CC-200,SYS-BATCH,System,Payroll for the month,0.0,2335463.51,Approved,A002
JE1079053,1,2025-04-07,2025-04-06,2100,Trade payables,Liability,CC-100,SYS-BATCH,System,TDS deducted on payment,17264.77,0.0,Not required,
JE1079053,2,2025-04-07,2025-04-06,2210,TDS payable,Liability,CC-100,SYS-BATCH,System,TDS deducted on payment,0.0,17264.77,Not required,
JE1079262,1,2025-04-07,2025-04-04,1200,Trade receivables,Asset,CC-200,U017,Manual,Sales invoice raised,179085.4,0.0,Not required,
JE1079262,2,2025-04-07,2025-04-04,4100,Revenue - product sales,Income,CC-200,U017,Manual,Sales invoice raised,0.0,179085.4,Not required,
JE1079421,1,2025-04-07,2025-04-07,1110,Bank - current account,Asset,CC-400,SYS-BATCH,System,Customer receipt,580711.38,0.0,Approved,A002
JE1079421,2,2025-04-07,2025-04-07,1200,Trade receivables,Asset,CC-400,SYS-BATCH,System,Customer receipt,0.0,580711.38,Approved,A002
JE1079643,1,2025-04-07,2025-04-06,5380,Printing and stationery,Expense,CC-300,SYS-BATCH,System,Stationery purchase,10217.09,0.0,Not required,
JE1079643,2,2025-04-07,2025-04-06,2100,Trade payables,Liability,CC-300,SYS-BATCH,System,Stationery purchase,0.0,10217.09,Not required,
JE1080100,1,2025-04-07,2025-04-07,2100,Trade payables,Liability,CC-500,U014,Manual,Supplier payment,102940.64,0.0,Not required,
JE1080100,2,2025-04-07,2025-04-07,1110,Bank - current account,Asset,CC-500,U014,Manual,Supplier payment,0.0,102940.64,Not required,
JE1080976,1,2025-04-07,2025-04-07,1200,Trade receivables,Asset,CC-100,SYS-BATCH,System,Sales invoice raised,539559.11,0.0,Approved,A001
JE1080976,2,2025-04-07,2025-04-07,4100,Revenue - product sales,Income,CC-100,SYS-BATCH,System,Sales invoice raised,0.0,539559.11,Approved,A001
JE1081546,1,2025-04-07,2025-04-07,1200,Trade receivables,Asset,CC-600,U004,Manual,Sales invoice raised,625654.57,0.0,Approved,A003
JE1081546,2,2025-04-07,2025-04-07,4100,Revenue - product sales,Income,CC-600,U004,Manual,Sales invoice raised,0.0,625654.57,Approved,A003
JE1082129,1,2025-04-07,2025-04-06,5100,Cost of materials consumed,Expense,CC-600,SYS-BATCH,System,Purchase of raw material,409603.86,0.0,Not required,
JE1082129,2,2025-04-07,2025-04-06,2100,Trade payables,Liability,CC-600,SYS-BATCH,System,Purchase of raw material,0.0,409603.86,Not required,
JE1082464,1,2025-04-07,2025-04-07,5210,Contract staff cost,Expense,CC-600,SYS-BATCH,System,Contract staff billing,215925.55,0.0,Not required,
JE1082464,2,2025-04-07,2025-04-07,2100,Trade payables,Liability,CC-600,SYS-BATCH,System,Contract staff billing,0.0,215925.55,Not required,
JE1082589,1,2025-04-07,2025-04-07,1200,Trade receivables,Asset,CC-400,SYS-BATCH,System,Sales invoice raised,609164.55,0.0,Approved,A002
JE1082589,2,2025-04-07,2025-04-07,4100,Revenue - product sales,Income,CC-400,SYS-BATCH,System,Sales invoice raised,0.0,609164.55,Approved,A002
JE1083502,1,2025-04-07,2025-04-07,1110,Bank - current account,Asset,CC-400,SYS-BATCH,System,Customer receipt,136736.34,0.0,Not required,
JE1083502,2,2025-04-07,2025-04-07,1200,Trade receivables,Asset,CC-400,SYS-BATCH,System,Customer receipt,0.0,136736.34,Not required,
JE1083658,1,2025-04-07,2025-04-07,5330,Travel and conveyance,Expense,CC-600,SYS-BATCH,System,Travel reimbursement,33686.26,0.0,Not required,
JE1083658,2,2025-04-07,2025-04-07,1110,Bank - current account,Asset,CC-600,SYS-BATCH,System,Travel reimbursement,0.0,33686.26,Not required,
JE1000223,1,2025-04-08,2025-04-05,1200,Trade receivables,Asset,CC-100,SYS-BATCH,System,Sales invoice raised,224863.89,0.0,Not required,
JE1000223,2,2025-04-08,2025-04-05,4100,Revenue - product sales,Income,CC-100,SYS-BATCH,System,Sales invoice raised,0.0,224863.89,Not required,
JE1000313,1,2025-04-08,2025-04-07,1200,Trade receivables,Asset,CC-200,SYS-BATCH,System,Sales invoice raised,891096.05,0.0,Approved,A002
JE1000313,2,2025-04-08,2025-04-07,4100,Revenue - product sales,Income,CC-200,SYS-BATCH,System,Sales invoice raised,0.0,891096.05,Approved,A002
JE1000420,1,2025-04-08,2025-04-08,5100,Cost of materials consumed,Expense,CC-400,SYS-BATCH,System,Purchase of raw material,482735.89,0.0,Not required,
JE1000420,2,2025-04-08,2025-04-08,2100,Trade payables,Liability,CC-400,SYS-BATCH,System,Purchase of raw material,0.0,482735.89,Not required,
JE1000517,1,2025-04-08,2025-04-05,5100,Cost of materials consumed,Expense,CC-400,SYS-BATCH,System,Purchase of raw material,630309.07,0.0,Approved,A001
JE1000517,2,2025-04-08,2025-04-05,2100,Trade payables,Liability,CC-400,SYS-BATCH,System,Purchase of raw material,0.0,630309.07,Approved,A001
JE1000559,1,2025-04-08,2025-04-07,2100,Trade payables,Liability,CC-100,U001,Manual,Supplier payment,388234.87,0.0,Not required,
JE1000559,2,2025-04-08,2025-04-07,1110,Bank - current account,Asset,CC-100,U001,Manual,Supplier payment,0.0,388234.87,Not required,
JE1001328,1,2025-04-08,2025-04-06,2100,Trade payables,Liability,CC-600,SYS-BATCH,System,Supplier payment,549270.79,0.0,Approved,A003
JE1001328,2,2025-04-08,2025-04-06,1110,Bank - current account,Asset,CC-600,SYS-BATCH,System,Supplier payment,0.0,549270.79,Approved,A003
JE1001421,1,2025-04-08,2025-04-08,5340,Legal and professional fees,Expense,CC-400,SYS-BATCH,System,Professional fees billed,194314.3,0.0,Not required,
JE1001421,2,2025-04-08,2025-04-08,2100,Trade payables,Liability,CC-400,SYS-BATCH,System,Professional fees billed,0.0,194314.3,Not required,
JE1001479,1,2025-04-08,2025-04-08,1110,Bank - current account,Asset,CC-500,U011,Manual,Customer receipt,480127.84,0.0,Not required,
JE1001479,2,2025-04-08,2025-04-08,1200,Trade receivables,Asset,CC-500,U011,Manual,Customer receipt,0.0,480127.84,Not required,
JE1001653,1,2025-04-08,2025-04-08,1200,Trade receivables,Asset,CC-600,SYS-BATCH,System,GST output booked,13377.08,0.0,Not required,
JE1001653,2,2025-04-08,2025-04-08,2200,Output GST payable,Liability,CC-600,SYS-BATCH,System,GST output booked,0.0,13377.08,Not required,
JE1001850,1,2025-04-08,2025-04-08,5300,Rent expense,Expense,CC-500,SYS-BATCH,System,Rent for the period,380055.39,0.0,Not required,
JE1001850,2,2025-04-08,2025-04-08,2110,Accrued expenses,Liability,CC-500,SYS-BATCH,System,Rent for the period,0.0,380055.39,Not required,
JE1002120,1,2025-04-08,2025-04-08,5350,Advertisement and marketing,Expense,CC-300,SYS-BATCH,System,Marketing spend,181046.76,0.0,Not required,
JE1002120,2,2025-04-08,2025-04-08,2100,Trade payables,Liability,CC-300,SYS-BATCH,System,Marketing spend,0.0,181046.76,Not required,
JE1002739,1,2025-04-08,2025-04-08,1110,Bank - current account,Asset,CC-100,SYS-BATCH,System,Customer receipt,698641.65,0.0,Approved,A003
JE1002739,2,2025-04-08,2025-04-08,1200,Trade receivables,Asset,CC-100,SYS-BATCH,System,Customer receipt,0.0,698641.65,Approved,A003
JE1003018,1,2025-04-08,2025-04-08,5370,Communication expense,Expense,CC-600,SYS-BATCH,System,Telephone and internet,10467.0,0.0,Not required,
JE1003018,2,2025-04-08,2025-04-08,2110,Accrued expenses,Liability,CC-600,SYS-BATCH,System,Telephone and internet,0.0,10467.0,Not required,
JE1003212,1,2025-04-08,2025-04-06,2100,Trade payables,Liability,CC-500,SYS-BATCH,System,TDS deducted on payment,15588.75,0.0,Not required,
JE1003212,2,2025-04-08,2025-04-06,2210,TDS payable,Liability,CC-500,SYS-BATCH,System,TDS deducted on payment,0.0,15588.75,Not required,
JE1003329,1,2025-04-08,2025-04-07,5210,Contract staff cost,Expense,CC-500,SYS-BATCH,System,Contract staff billing,248040.64,0.0,Not required,
JE1003329,2,2025-04-08,2025-04-07,2100,Trade payables,Liability,CC-500,SYS-BATCH,System,Contract staff billing,0.0,248040.64,Not required,
JE1003472,1,2025-04-08,2025-04-05,5320,Repairs and maintenance,Expense,CC-100,SYS-BATCH,System,Repairs and upkeep,114991.7,0.0,Not required,
JE1003472,2,2025-04-08,2025-04-05,2100,Trade payables,Liability,CC-100,SYS-BATCH,System,Repairs and upkeep,0.0,114991.7,Not required,
JE1003687,1,2025-04-08,2025-04-06,1200,Trade receivables,Asset,CC-500,SYS-BATCH,System,Sales invoice raised,39351.04,0.0,Not required,
JE1003687,2,2025-04-08,2025-04-06,4100,Revenue - product sales,Income,CC-500,SYS-BATCH,System,Sales invoice raised,0.0,39351.04,Not required,
JE1004744,1,2025-04-08,2025-04-08,5340,Legal and professional fees,Expense,CC-500,SYS-BATCH,System,Professional fees billed,214965.5,0.0,Not required,
JE1004744,2,2025-04-08,2025-04-08,2100,Trade payables,Liability,CC-500,SYS-BATCH,System,Professional fees billed,0.0,214965.5,Not required,
JE1005181,1,2025-04-08,2025-04-05,5200,Employee benefit expense,Expense,CC-400,SYS-BATCH,System,Payroll for the month,981747.56,0.0,Approved,A001
JE1005181,2,2025-04-08,2025-04-05,2120,Provision for employee benefits,Liability,CC-400,SYS-BATCH,System,Payroll for the month,0.0,981747.56,Approved,A001
JE1005216,1,2025-04-08,2025-04-08,5200,Employee benefit expense,Expense,CC-200,SYS-BATCH,System,Payroll for the month,2772508.53,0.0,Approved,A003
JE1005216,2,2025-04-08,2025-04-08,2120,Provision for employee benefits,Liability,CC-200,SYS-BATCH,System,Payroll for the month,0.0,2772508.53,Approved,A003
JE1005563,1,2025-04-08,2025-04-07,5100,Cost of materials consumed,Expense,CC-200,SYS-BATCH,System,Purchase of raw material,284275.35,0.0,Not required,
JE1005563,2,2025-04-08,2025-04-07,2100,Trade payables,Liability,CC-200,SYS-BATCH,System,Purchase of raw material,0.0,284275.35,Not required,
JE1005991,1,2025-04-08,2025-04-08,5400,Depreciation and amortisation,Expense,CC-200,SYS-BATCH,System,Depreciation charge,1044632.59,0.0,Approved,A002
JE1005991,2,2025-04-08,2025-04-08,1510,Accumulated depreciation,Asset,CC-200,SYS-BATCH,System,Depreciation charge,0.0,1044632.59,Approved,A002
JE1006164,1,2025-04-08,2025-04-07,1200,Trade receivables,Asset,CC-400,SYS-BATCH,System,Service invoice raised,171767.3,0.0,Not required,
JE1006164,2,2025-04-08,2025-04-07,4110,Revenue - service income,Income,CC-400,SYS-BATCH,System,Service invoice raised,0.0,171767.3,Not required,
JE1006530,1,2025-04-08,2025-04-08,5210,Contract staff cost,Expense,CC-100,U013,Manual,Contract staff billing,121525.25,0.0,Not required,
JE1006530,2,2025-04-08,2025-04-08,2100,Trade payables,Liability,CC-100,U013,Manual,Contract staff billing,0.0,121525.25,Not required,
JE1006577,1,2025-04-08,2025-04-06,5210,Contract staff cost,Expense,CC-100,SYS-BATCH,System,Contract staff billing,176288.98,0.0,Not required,
JE1006577,2,2025-04-08,2025-04-06,2100,Trade payables,Liability,CC-100,SYS-BATCH,System,Contract staff billing,0.0,176288.98,Not required,
JE1006980,1,2025-04-08,2025-04-07,5320,Repairs and maintenance,Expense,CC-500,SYS-BATCH,System,Repairs and upkeep,97932.24,0.0,Not required,
JE1006980,2,2025-04-08,2025-04-07,2100,Trade payables,Liability,CC-500,SYS-BATCH,System,Repairs and upkeep,0.0,97932.24,Not required,
JE1007153,1,2025-04-08,2025-04-08,5340,Legal and professional fees,Expense,CC-200,SYS-BATCH,System,Professional fees billed,44722.25,0.0,Not required,
JE1007153,2,2025-04-08,2025-04-08,2100,Trade payables,Liability,CC-200,SYS-BATCH,System,Professional fees billed,0.0,44722.25,Not required,
JE1007412,1,2025-04-08,2025-04-05,5370,Communication expense,Expense,CC-100,U003,Manual,Telephone and internet,11611.46,0.0,Not required,
JE1007412,2,2025-04-08,2025-04-05,2110,Accrued expenses,Liability,CC-100,U003,Manual,Telephone and internet,0.0,11611.46,Not required,
JE1007466,1,2025-04-08,2025-04-07,5100,Cost of materials consumed,Expense,CC-500,SYS-BATCH,System,Purchase of raw material,583659.21,0.0,Approved,A003
JE1007466,2,2025-04-08,2025-04-07,2100,Trade payables,Liability,CC-500,SYS-BATCH,System,Purchase of raw material,0.0,583659.21,Approved,A003
JE1007482,1,2025-04-08,2025-04-08,1200,Trade receivables,Asset,CC-300,SYS-BATCH,System,Sales invoice raised,489991.71,0.0,Not required,
JE1007482,2,2025-04-08,2025-04-08,4100,Revenue - product sales,Income,CC-300,SYS-BATCH,System,Sales invoice raised,0.0,489991.71,Not required,
JE1007566,1,2025-04-08,2025-04-05,5210,Contract staff cost,Expense,CC-500,U003,Manual,Contract staff billing,305630.9,0.0,Not required,
JE1007566,2,2025-04-08,2025-04-05,2100,Trade payables,Liability,CC-500,U003,Manual,Contract staff billing,0.0,305630.9,Not required,
JE1007603,1,2025-04-08,2025-04-07,1410,Advance to suppliers,Asset,CC-300,SYS-BATCH,System,Advance to supplier,241491.22,0.0,Not required,
JE1007603,2,2025-04-08,2025-04-07,1110,Bank - current account,Asset,CC-300,SYS-BATCH,System,Advance to supplier,0.0,241491.22,Not required,
JE1008070,1,2025-04-08,2025-04-06,1110,Bank - current account,Asset,CC-100,SYS-BATCH,System,Customer receipt,272089.56,0.0,Not required,
JE1008070,2,2025-04-08,2025-04-06,1200,Trade receivables,Asset,CC-100,SYS-BATCH,System,Customer receipt,0.0,272089.56,Not required,
JE1008105,1,2025-04-08,2025-04-08,1110,Bank - current account,Asset,CC-500,SYS-BATCH,System,Customer receipt,299958.68,0.0,Not required,
JE1008105,2,2025-04-08,2025-04-08,1200,Trade receivables,Asset,CC-500,SYS-BATCH,System,Customer receipt,0.0,299958.68,Not required,
JE1008202,1,2025-04-08,2025-04-05,5100,Cost of materials consumed,Expense,CC-500,SYS-BATCH,System,Purchase of raw material,379517.3,0.0,Not required,
JE1008202,2,2025-04-08,2025-04-05,2100,Trade payables,Liability,CC-500,SYS-BATCH,System,Purchase of raw material,0.0,379517.3,Not required,
JE1008361,1,2025-04-08,2025-04-07,1200,Trade receivables,Asset,CC-400,SYS-BATCH,System,Service invoice raised,256410.7,0.0,Not required,
JE1008361,2,2025-04-08,2025-04-07,4110,Revenue - service income,Income,CC-400,SYS-BATCH,System,Service invoice raised,0.0,256410.7,Not required,
JE1008554,1,2025-04-08,2025-04-08,5100,Cost of materials consumed,Expense,CC-100,SYS-BATCH,System,Purchase of raw material,93713.14,0.0,Not required,
JE1008554,2,2025-04-08,2025-04-08,2100,Trade payables,Liability,CC-100,SYS-BATCH,System,Purchase of raw material,0.0,93713.14,Not required,
JE1008827,1,2025-04-08,2025-04-06,1110,Bank - current account,Asset,CC-600,SYS-BATCH,System,Customer receipt,234618.18,0.0,Not required,
JE1008827,2,2025-04-08,2025-04-06,1200,Trade receivables,Asset,CC-600,SYS-BATCH,System,Customer receipt,0.0,234618.18,Not required,
JE1008837,1,2025-04-08,2025-04-08,1110,Bank - current account,Asset,CC-100,SYS-BATCH,System,Customer receipt,183007.09,0.0,Not required,
JE1008837,2,2025-04-08,2025-04-08,1200,Trade receivables,Asset,CC-100,SYS-BATCH,System,Customer receipt,0.0,183007.09,Not required,
JE1009448,1,2025-04-08,2025-04-07,1200,Trade receivables,Asset,CC-200,SYS-BATCH,System,Sales invoice raised,52378.49,0.0,Not required,
JE1009448,2,2025-04-08,2025-04-07,4100,Revenue - product sales,Income,CC-200,SYS-BATCH,System,Sales invoice raised,0.0,52378.49,Not required,
JE1009700,1,2025-04-08,2025-04-07,5340,Legal and professional fees,Expense,CC-300,SYS-BATCH,System,Professional fees billed,95895.59,0.0,Not required,
JE1009700,2,2025-04-08,2025-04-07,2100,Trade payables,Liability,CC-300,SYS-BATCH,System,Professional fees billed,0.0,95895.59,Not required,
JE1009745,1,2025-04-08,2025-04-08,1600,Input GST receivable,Asset,CC-500,SYS-BATCH,System,GST input booked,78916.71,0.0,Not required,
JE1009745,2,2025-04-08,2025-04-08,2100,Trade payables,Liability,CC-500,SYS-BATCH,System,GST input booked,0.0,78916.71,Not required,
JE1011271,1,2025-04-08,2025-04-05,1110,Bank - current account,Asset,CC-600,SYS-BATCH,System,Customer receipt,280862.99,0.0,Not required,
JE1011271,2,2025-04-08,2025-04-05,1200,Trade receivables,Asset,CC-600,SYS-BATCH,System,Customer receipt,0.0,280862.99,Not required,
JE1011796,1,2025-04-08,2025-04-08,5400,Depreciation and amortisation,Expense,CC-200,SYS-BATCH,System,Depreciation charge,642281.66,0.0,Approved,A002
JE1011796,2,2025-04-08,2025-04-08,1510,Accumulated depreciation,Asset,CC-200,SYS-BATCH,System,Depreciation charge,0.0,642281.66,Approved,A002
JE1011939,1,2025-04-08,2025-04-05,1110,Bank - current account,Asset,CC-300,SYS-BATCH,System,Customer receipt,486485.04,0.0,Not required,
JE1011939,2,2025-04-08,2025-04-05,1200,Trade receivables,Asset,CC-300,SYS-BATCH,System,Customer receipt,0.0,486485.04,Not required,
JE1012084,1,2025-04-08,2025-04-08,1110,Bank - current account,Asset,CC-500,SYS-BATCH,System,Customer receipt,216991.49,0.0,Not required,
JE1012084,2,2025-04-08,2025-04-08,1200,Trade receivables,Asset,CC-500,SYS-BATCH,System,Customer receipt,0.0,216991.49,Not required,
JE1012563,1,2025-04-08,2025-04-08,5300,Rent expense,Expense,CC-600,U012,Manual,Rent for the period,404687.41,0.0,Not required,
JE1012563,2,2025-04-08,2025-04-08,2110,Accrued expenses,Liability,CC-600,U012,Manual,Rent for the period,0.0,404687.41,Not required,
JE1012787,1,2025-04-08,2025-04-05,5330,Travel and conveyance,Expense,CC-400,SYS-BATCH,System,Travel reimbursement,66280.26,0.0,Not required,
JE1012787,2,2025-04-08,2025-04-05,1110,Bank - current account,Asset,CC-400,SYS-BATCH,System,Travel reimbursement,0.0,66280.26,Not required,
JE1012790,1,2025-04-08,2025-04-08,1200,Trade receivables,Asset,CC-600,SYS-BATCH,System,GST output booked,127447.6,0.0,Not required,
JE1012790,2,2025-04-08,2025-04-08,2200,Output GST payable,Liability,CC-600,SYS-BATCH,System,GST output booked,0.0,127447.6,Not required,
JE1013053,1,2025-04-08,2025-04-05,2100,Trade payables,Liability,CC-200,SYS-BATCH,System,Supplier payment,142361.94,0.0,Not required,
JE1013053,2,2025-04-08,2025-04-05,1110,Bank - current account,Asset,CC-200,SYS-BATCH,System,Supplier payment,0.0,142361.94,Not required,
JE1013260,1,2025-04-08,2025-04-08,5330,Travel and conveyance,Expense,CC-400,SYS-BATCH,System,Travel reimbursement,58197.6,0.0,Not required,
JE1013260,2,2025-04-08,2025-04-08,1110,Bank - current account,Asset,CC-400,SYS-BATCH,System,Travel reimbursement,0.0,58197.6,Not required,
JE1013450,1,2025-04-08,2025-04-08,5330,Travel and conveyance,Expense,CC-500,SYS-BATCH,System,Travel reimbursement,64304.36,0.0,Not required,
JE1013450,2,2025-04-08,2025-04-08,1110,Bank - current account,Asset,CC-500,SYS-BATCH,System,Travel reimbursement,0.0,64304.36,Not required,
JE1013475,1,2025-04-08,2025-04-08,1110,Bank - current account,Asset,CC-600,SYS-BATCH,System,Customer receipt,394866.25,0.0,Not required,
JE1013475,2,2025-04-08,2025-04-08,1200,Trade receivables,Asset,CC-600,SYS-BATCH,System,Customer receipt,0.0,394866.25,Not required,
JE1013624,1,2025-04-08,2025-04-08,5100,Cost of materials consumed,Expense,CC-400,U018,Manual,Purchase of raw material,125939.79,0.0,Not required,
JE1013624,2,2025-04-08,2025-04-08,2100,Trade payables,Liability,CC-400,U018,Manual,Purchase of raw material,0.0,125939.79,Not required,
JE1013758,1,2025-04-08,2025-04-07,5310,Power and fuel,Expense,CC-400,U017,Manual,Electricity charges,35790.41,0.0,Not required,
JE1013758,2,2025-04-08,2025-04-07,2110,Accrued expenses,Liability,CC-400,U017,Manual,Electricity charges,0.0,35790.41,Not required,
JE1014399,1,2025-04-08,2025-04-07,5500,Finance cost,Expense,CC-100,SYS-BATCH,System,Interest on borrowings,289303.44,0.0,Not required,
JE1014399,2,2025-04-08,2025-04-07,2310,Interest accrued but not due,Liability,CC-100,SYS-BATCH,System,Interest on borrowings,0.0,289303.44,Not required,
JE1014550,1,2025-04-08,2025-04-08,1200,Trade receivables,Asset,CC-300,SYS-BATCH,System,GST output booked,62258.84,0.0,Not required,
JE1014550,2,2025-04-08,2025-04-08,2200,Output GST payable,Liability,CC-300,SYS-BATCH,System,GST output booked,0.0,62258.84,Not required,
JE1015684,1,2025-04-08,2025-04-08,5330,Travel and conveyance,Expense,CC-200,SYS-BATCH,System,Travel reimbursement,31874.67,0.0,Not required,
JE1015684,2,2025-04-08,2025-04-08,1110,Bank - current account,Asset,CC-200,SYS-BATCH,System,Travel reimbursement,0.0,31874.67,Not required,
JE1016013,1,2025-04-08,2025-04-08,5310,Power and fuel,Expense,CC-500,SYS-BATCH,System,Electricity charges,204121.46,0.0,Not required,
JE1016013,2,2025-04-08,2025-04-08,2110,Accrued expenses,Liability,CC-500,SYS-BATCH,System,Electricity charges,0.0,204121.46,Not required,
JE1016017,1,2025-04-08,2025-04-08,5330,Travel and conveyance,Expense,CC-400,SYS-BATCH,System,Travel reimbursement,87527.71,0.0,Not required,
JE1016017,2,2025-04-08,2025-04-08,1110,Bank - current account,Asset,CC-400,SYS-BATCH,System,Travel reimbursement,0.0,87527.71,Not required,
JE1017408,1,2025-04-08,2025-04-08,5200,Employee benefit expense,Expense,CC-600,SYS-BATCH,System,Payroll for the month,742991.51,0.0,Approved,A002
JE1017408,2,2025-04-08,2025-04-08,2120,Provision for employee benefits,Liability,CC-600,SYS-BATCH,System,Payroll for the month,0.0,742991.51,Approved,A002
JE1017426,1,2025-04-08,2025-04-05,1110,Bank - current account,Asset,CC-500,SYS-BATCH,System,Customer receipt,163708.17,0.0,Not required,
JE1017426,2,2025-04-08,2025-04-05,1200,Trade receivables,Asset,CC-500,SYS-BATCH,System,Customer receipt,0.0,163708.17,Not required,
JE1017933,1,2025-04-08,2025-04-08,5300,Rent expense,Expense,CC-500,U008,Manual,Rent for the period,313025.53,0.0,Not required,
JE1017933,2,2025-04-08,2025-04-08,2110,Accrued expenses,Liability,CC-500,U008,Manual,Rent for the period,0.0,313025.53,Not required,
JE1018424,1,2025-04-08,2025-04-08,1200,Trade receivables,Asset,CC-300,SYS-BATCH,System,Service invoice raised,284380.99,0.0,Not required,
JE1018424,2,2025-04-08,2025-04-08,4110,Revenue - service income,Income,CC-300,SYS-BATCH,System,Service invoice raised,0.0,284380.99,Not required,
JE1018689,1,2025-04-08,2025-04-08,2100,Trade payables,Liability,CC-600,SYS-BATCH,System,TDS deducted on payment,58431.52,0.0,Not required,
JE1018689,2,2025-04-08,2025-04-08,2210,TDS payable,Liability,CC-600,SYS-BATCH,System,TDS deducted on payment,0.0,58431.52,Not required,
JE1018822,1,2025-04-08,2025-04-07,1200,Trade receivables,Asset,CC-400,SYS-BATCH,System,GST output booked,141302.9,0.0,Not required,
JE1018822,2,2025-04-08,2025-04-07,2200,Output GST payable,Liability,CC-400,SYS-BATCH,System,GST output booked,0.0,141302.9,Not required,
JE1019015,1,2025-04-08,2025-04-07,1200,Trade receivables,Asset,CC-500,SYS-BATCH,System,Service invoice raised,32894.69,0.0,Not required,
JE1019015,2,2025-04-08,2025-04-07,4110,Revenue - service income,Income,CC-500,SYS-BATCH,System,Service invoice raised,0.0,32894.69,Not required,
JE1019088,1,2025-04-08,2025-04-08,5200,Employee benefit expense,Expense,CC-300,SYS-BATCH,System,Payroll for the month,877570.83,0.0,Approved,A001
JE1019088,2,2025-04-08,2025-04-08,2120,Provision for employee benefits,Liability,CC-300,SYS-BATCH,System,Payroll for the month,0.0,877570.83,Approved,A001
JE1019354,1,2025-04-08,2025-04-07,1200,Trade receivables,Asset,CC-200,U010,Manual,Sales invoice raised,650829.88,0.0,Approved,A002
JE1019354,2,2025-04-08,2025-04-07,4100,Revenue - product sales,Income,CC-200,U010,Manual,Sales invoice raised,0.0,650829.88,Approved,A002
JE1019774,1,2025-04-08,2025-04-08,1110,Bank - current account,Asset,CC-200,U005,Manual,Customer receipt,252379.35,0.0,Not required,
JE1019774,2,2025-04-08,2025-04-08,1200,Trade receivables,Asset,CC-200,U005,Manual,Customer receipt,0.0,252379.35,Not required,
JE1021040,1,2025-04-08,2025-04-07,2100,Trade payables,Liability,CC-600,U003,Manual,Supplier payment,78336.42,0.0,Not required,
JE1021040,2,2025-04-08,2025-04-07,1110,Bank - current account,Asset,CC-600,U003,Manual,Supplier payment,0.0,78336.42,Not required,
JE1021428,1,2025-04-08,2025-04-08,1200,Trade receivables,Asset,CC-400,SYS-BATCH,System,GST output booked,73572.14,0.0,Not required,
JE1021428,2,2025-04-08,2025-04-08,2200,Output GST payable,Liability,CC-400,SYS-BATCH,System,GST output booked,0.0,73572.14,Not required,
JE1021548,1,2025-04-08,2025-04-08,2100,Trade payables,Liability,CC-600,SYS-BATCH,System,TDS deducted on payment,56809.09,0.0,Not required,
JE1021548,2,2025-04-08,2025-04-08,2210,TDS payable,Liability,CC-600,SYS-BATCH,System,TDS deducted on payment,0.0,56809.09,Not required,
JE1022602,1,2025-04-08,2025-04-08,5340,Legal and professional fees,Expense,CC-200,SYS-BATCH,System,Professional fees billed,41513.48,0.0,Not required,
JE1022602,2,2025-04-08,2025-04-08,2100,Trade payables,Liability,CC-200,SYS-BATCH,System,Professional fees billed,0.0,41513.48,Not required,
JE1023519,1,2025-04-08,2025-04-08,2100,Trade payables,Liability,CC-500,SYS-BATCH,System,Supplier payment,178192.84,0.0,Not required,
JE1023519,2,2025-04-08,2025-04-08,1110,Bank - current account,Asset,CC-500,SYS-BATCH,System,Supplier payment,0.0,178192.84,Not required,
JE1023805,1,2025-04-08,2025-04-08,1110,Bank - current account,Asset,CC-300,SYS-BATCH,System,Customer receipt,889667.14,0.0,Approved,A001
JE1023805,2,2025-04-08,2025-04-08,1200,Trade receivables,Asset,CC-300,SYS-BATCH,System,Customer receipt,0.0,889667.14,Approved,A001
JE1024114,1,2025-04-08,2025-04-07,5320,Repairs and maintenance,Expense,CC-400,SYS-BATCH,System,Repairs and upkeep,125176.37,0.0,Not required,
JE1024114,2,2025-04-08,2025-04-07,2100,Trade payables,Liability,CC-400,SYS-BATCH,System,Repairs and upkeep,0.0,125176.37,Not required,
JE1024834,1,2025-04-08,2025-04-08,5370,Communication expense,Expense,CC-400,SYS-BATCH,System,Telephone and internet,55040.59,0.0,Not required,
JE1024834,2,2025-04-08,2025-04-08,2110,Accrued expenses,Liability,CC-400,SYS-BATCH,System,Telephone and internet,0.0,55040.59,Not required,
JE1025258,1,2025-04-08,2025-04-08,1200,Trade receivables,Asset,CC-600,SYS-BATCH,System,Service invoice raised,506851.04,0.0,Approved,A002
JE1025258,2,2025-04-08,2025-04-08,4110,Revenue - service income,Income,CC-600,SYS-BATCH,System,Service invoice raised,0.0,506851.04,Approved,A002
JE1025362,1,2025-04-08,2025-04-08,2100,Trade payables,Liability,CC-600,SYS-BATCH,System,Supplier payment,297662.01,0.0,Not required,
JE1025362,2,2025-04-08,2025-04-08,1110,Bank - current account,Asset,CC-600,SYS-BATCH,System,Supplier payment,0.0,297662.01,Not required,
JE1025676,1,2025-04-08,2025-04-07,1200,Trade receivables,Asset,CC-400,SYS-BATCH,System,GST output booked,99154.82,0.0,Not required,
JE1025676,2,2025-04-08,2025-04-07,2200,Output GST payable,Liability,CC-400,SYS-BATCH,System,GST output booked,0.0,99154.82,Not required,
JE1026122,1,2025-04-08,2025-04-07,5300,Rent expense,Expense,CC-600,SYS-BATCH,System,Rent for the period,159002.6,0.0,Not required,
JE1026122,2,2025-04-08,2025-04-07,2110,Accrued expenses,Liability,CC-600,SYS-BATCH,System,Rent for the period,0.0,159002.6,Not required,
JE1026549,1,2025-04-08,2025-04-08,1200,Trade receivables,Asset,CC-400,SYS-BATCH,System,Service invoice raised,368624.27,0.0,Not required,
JE1026549,2,2025-04-08,2025-04-08,4110,Revenue - service income,Income,CC-400,SYS-BATCH,System,Service invoice raised,0.0,368624.27,Not required,
JE1026635,1,2025-04-08,2025-04-08,2100,Trade payables,Liability,CC-400,SYS-BATCH,System,Supplier payment,10138.02,0.0,Not required,
JE1026635,2,2025-04-08,2025-04-08,1110,Bank - current account,Asset,CC-400,SYS-BATCH,System,Supplier payment,0.0,10138.02,Not required,
JE1026641,1,2025-04-08,2025-04-08,5330,Travel and conveyance,Expense,CC-100,U018,Manual,Travel reimbursement,56815.03,0.0,Not required,
JE1026641,2,2025-04-08,2025-04-08,1110,Bank - current account,Asset,CC-100,U018,Manual,Travel reimbursement,0.0,56815.03,Not required,
JE1027005,1,2025-04-08,2025-04-08,1110,Bank - current account,Asset,CC-300,SYS-BATCH,System,Customer receipt,828509.27,0.0,Approved,A001
JE1027005,2,2025-04-08,2025-04-08,1200,Trade receivables,Asset,CC-300,SYS-BATCH,System,Customer receipt,0.0,828509.27,Approved,A001
JE1027440,1,2025-04-08,2025-04-07,5330,Travel and conveyance,Expense,CC-600,SYS-BATCH,System,Travel reimbursement,42656.16,0.0,Not required,
JE1027440,2,2025-04-08,2025-04-07,1110,Bank - current account,Asset,CC-600,SYS-BATCH,System,Travel reimbursement,0.0,42656.16,Not required,
JE1027737,1,2025-04-08,2025-04-08,1110,Bank - current account,Asset,CC-300,SYS-BATCH,System,Customer receipt,188578.9,0.0,Not required,
JE1027737,2,2025-04-08,2025-04-08,1200,Trade receivables,Asset,CC-300,SYS-BATCH,System,Customer receipt,0.0,188578.9,Not required,
JE1027802,1,2025-04-08,2025-04-08,1110,Bank - current account,Asset,CC-400,SYS-BATCH,System,Customer receipt,124301.95,0.0,Not required,
JE1027802,2,2025-04-08,2025-04-08,1200,Trade receivables,Asset,CC-400,SYS-BATCH,System,Customer receipt,0.0,124301.95,Not required,
JE1028070,1,2025-04-08,2025-04-05,5100,Cost of materials consumed,Expense,CC-300,SYS-BATCH,System,Purchase of raw material,110158.76,0.0,Not required,
JE1028070,2,2025-04-08,2025-04-05,2100,Trade payables,Liability,CC-300,SYS-BATCH,System,Purchase of raw material,0.0,110158.76,Not required,
JE1028107,1,2025-04-08,2025-04-07,5100,Cost of materials consumed,Expense,CC-100,SYS-BATCH,System,Purchase of raw material,577001.78,0.0,Approved,A001
JE1028107,2,2025-04-08,2025-04-07,2100,Trade payables,Liability,CC-100,SYS-BATCH,System,Purchase of raw material,0.0,577001.78,Approved,A001
JE1028235,1,2025-04-08,2025-04-07,1200,Trade receivables,Asset,CC-200,SYS-BATCH,System,Service invoice raised,220072.21,0.0,Not required,
JE1028235,2,2025-04-08,2025-04-07,4110,Revenue - service income,Income,CC-200,SYS-BATCH,System,Service invoice raised,0.0,220072.21,Not required,
JE1028354,1,2025-04-08,2025-04-08,2100,Trade payables,Liability,CC-100,SYS-BATCH,System,Supplier payment,150753.5,0.0,Not required,
JE1028354,2,2025-04-08,2025-04-08,1110,Bank - current account,Asset,CC-100,SYS-BATCH,System,Supplier payment,0.0,150753.5,Not required,
JE1028458,1,2025-04-08,2025-04-06,5100,Cost of materials consumed,Expense,CC-600,SYS-BATCH,System,Purchase of raw material,636309.23,0.0,Approved,A001
JE1028458,2,2025-04-08,2025-04-06,2100,Trade payables,Liability,CC-600,SYS-BATCH,System,Purchase of raw material,0.0,636309.23,Approved,A001
JE1028924,1,2025-04-08,2025-04-06,5400,Depreciation and amortisation,Expense,CC-600,SYS-BATCH,System,Depreciation charge,579225.39,0.0,Approved,A003
JE1028924,2,2025-04-08,2025-04-06,1510,Accumulated depreciation,Asset,CC-600,SYS-BATCH,System,Depreciation charge,0.0,579225.39,Approved,A003
JE1029115,1,2025-04-08,2025-04-06,5330,Travel and conveyance,Expense,CC-300,SYS-BATCH,System,Travel reimbursement,51200.41,0.0,Not required,
JE1029115,2,2025-04-08,2025-04-06,1110,Bank - current account,Asset,CC-300,SYS-BATCH,System,Travel reimbursement,0.0,51200.41,Not required,
JE1029209,1,2025-04-08,2025-04-08,1600,Input GST receivable,Asset,CC-300,SYS-BATCH,System,GST input booked,109540.45,0.0,Not required,
JE1029209,2,2025-04-08,2025-04-08,2100,Trade payables,Liability,CC-300,SYS-BATCH,System,GST input booked,0.0,109540.45,Not required,
JE1029625,1,2025-04-08,2025-04-05,2100,Trade payables,Liability,CC-200,SYS-BATCH,System,Supplier payment,126024.35,0.0,Not required,
JE1029625,2,2025-04-08,2025-04-05,1110,Bank - current account,Asset,CC-200,SYS-BATCH,System,Supplier payment,0.0,126024.35,Not required,
JE1029998,1,2025-04-08,2025-04-05,5380,Printing and stationery,Expense,CC-500,SYS-BATCH,System,Stationery purchase,23883.76,0.0,Not required,
JE1029998,2,2025-04-08,2025-04-05,2100,Trade payables,Liability,CC-500,SYS-BATCH,System,Stationery purchase,0.0,23883.76,Not required,
JE1030190,1,2025-04-08,2025-04-07,1200,Trade receivables,Asset,CC-500,SYS-BATCH,System,Sales invoice raised,268638.62,0.0,Not required,
JE1030190,2,2025-04-08,2025-04-07,4100,Revenue - product sales,Income,CC-500,SYS-BATCH,System,Sales invoice raised,0.0,268638.62,Not required,
JE1030227,1,2025-04-08,2025-04-08,1200,Trade receivables,Asset,CC-500,U015,Manual,Sales invoice raised,457731.6,0.0,Not required,
JE1030227,2,2025-04-08,2025-04-08,4100,Revenue - product sales,Income,CC-500,U015,Manual,Sales invoice raised,0.0,457731.6,Not required,
JE1030242,1,2025-04-08,2025-04-08,1200,Trade receivables,Asset,CC-100,SYS-BATCH,System,Service invoice raised,180679.57,0.0,Not required,
JE1030242,2,2025-04-08,2025-04-08,4110,Revenue - service income,Income,CC-100,SYS-BATCH,System,Service invoice raised,0.0,180679.57,Not required,
JE1030421,1,2025-04-08,2025-04-08,1200,Trade receivables,Asset,CC-400,SYS-BATCH,System,Service invoice raised,279802.73,0.0,Not required,
JE1030421,2,2025-04-08,2025-04-08,4110,Revenue - service income,Income,CC-400,SYS-BATCH,System,Service invoice raised,0.0,279802.73,Not required,
JE1030685,1,2025-04-08,2025-04-06,5320,Repairs and maintenance,Expense,CC-400,SYS-BATCH,System,Repairs and upkeep,79399.13,0.0,Not required,
JE1030685,2,2025-04-08,2025-04-06,2100,Trade payables,Liability,CC-400,SYS-BATCH,System,Repairs and upkeep,0.0,79399.13,Not required,
JE1030692,1,2025-04-08,2025-04-08,5200,Employee benefit expense,Expense,CC-200,U016,Manual,Payroll for the month,1854432.84,0.0,Approved,A002
JE1030692,2,2025-04-08,2025-04-08,2120,Provision for employee benefits,Liability,CC-200,U016,Manual,Payroll for the month,0.0,1854432.84,Approved,A002
JE1031023,1,2025-04-08,2025-04-06,1110,Bank - current account,Asset,CC-200,SYS-BATCH,System,Bank interest credited,42445.32,0.0,Not required,
JE1031023,2,2025-04-08,2025-04-06,4300,Interest income,Income,CC-200,SYS-BATCH,System,Bank interest credited,0.0,42445.32,Not required,
JE1031214,1,2025-04-08,2025-04-08,1200,Trade receivables,Asset,CC-100,SYS-BATCH,System,Sales invoice raised,448062.36,0.0,Not required,
JE1031214,2,2025-04-08,2025-04-08,4100,Revenue - product sales,Income,CC-100,SYS-BATCH,System,Sales invoice raised,0.0,448062.36,Not required,
JE1031266,1,2025-04-08,2025-04-08,5380,Printing and stationery,Expense,CC-400,SYS-BATCH,System,Stationery purchase,7166.47,0.0,Not required,
JE1031266,2,2025-04-08,2025-04-08,2100,Trade payables,Liability,CC-400,SYS-BATCH,System,Stationery purchase,0.0,7166.47,Not required,
JE1032020,1,2025-04-08,2025-04-05,1110,Bank - current account,Asset,CC-200,SYS-BATCH,System,Customer receipt,495541.9,0.0,Not required,
JE1032020,2,2025-04-08,2025-04-05,1200,Trade receivables,Asset,CC-200,SYS-BATCH,System,Customer receipt,0.0,495541.9,Not required,
JE1032196,1,2025-04-08,2025-04-06,1600,Input GST receivable,Asset,CC-500,SYS-BATCH,System,GST input booked,94422.77,0.0,Not required,
JE1032196,2,2025-04-08,2025-04-06,2100,Trade payables,Liability,CC-500,SYS-BATCH,System,GST input booked,0.0,94422.77,Not required,
JE1032360,1,2025-04-08,2025-04-08,5100,Cost of materials consumed,Expense,CC-100,SYS-BATCH,System,Purchase of raw material,391970.66,0.0,Not required,
JE1032360,2,2025-04-08,2025-04-08,2100,Trade payables,Liability,CC-100,SYS-BATCH,System,Purchase of raw material,0.0,391970.66,Not required,
JE1032510,1,2025-04-08,2025-04-06,1410,Advance to suppliers,Asset,CC-400,SYS-BATCH,System,Advance to supplier,162007.67,0.0,Not required,
JE1032510,2,2025-04-08,2025-04-06,1110,Bank - current account,Asset,CC-400,SYS-BATCH,System,Advance to supplier,0.0,162007.67,Not required,
JE1032710,1,2025-04-08,2025-04-08,5100,Cost of materials consumed,Expense,CC-200,SYS-BATCH,System,Purchase of raw material,177218.77,0.0,Not required,
JE1032710,2,2025-04-08,2025-04-08,2100,Trade payables,Liability,CC-200,SYS-BATCH,System,Purchase of raw material,0.0,177218.77,Not required,
JE1032819,1,2025-04-08,2025-04-05,1110,Bank - current account,Asset,CC-200,U007,Manual,Customer receipt,302632.18,0.0,Not required,
JE1032819,2,2025-04-08,2025-04-05,1200,Trade receivables,Asset,CC-200,U007,Manual,Customer receipt,0.0,302632.18,Not required,
JE1032904,1,2025-04-08,2025-04-05,5330,Travel and conveyance,Expense,CC-500,SYS-BATCH,System,Travel reimbursement,35480.17,0.0,Not required,
JE1032904,2,2025-04-08,2025-04-05,1110,Bank - current account,Asset,CC-500,SYS-BATCH,System,Travel reimbursement,0.0,35480.17,Not required,
JE1033652,1,2025-04-08,2025-04-06,2100,Trade payables,Liability,CC-400,SYS-BATCH,System,TDS deducted on payment,65145.31,0.0,Not required,
JE1033652,2,2025-04-08,2025-04-06,2210,TDS payable,Liability,CC-400,SYS-BATCH,System,TDS deducted on payment,0.0,65145.31,Not required,
JE1033707,1,2025-04-08,2025-04-08,5400,Depreciation and amortisation,Expense,CC-100,SYS-BATCH,System,Depreciation charge,449629.12,0.0,Not required,
JE1033707,2,2025-04-08,2025-04-08,1510,Accumulated depreciation,Asset,CC-100,SYS-BATCH,System,Depreciation charge,0.0,449629.12,Not required,
JE1033770,1,2025-04-08,2025-04-07,5500,Finance cost,Expense,CC-300,SYS-BATCH,System,Interest on borrowings,181791.9,0.0,Not required,
JE1033770,2,2025-04-08,2025-04-07,2310,Interest accrued but not due,Liability,CC-300,SYS-BATCH,System,Interest on borrowings,0.0,181791.9,Not required,
JE1033789,1,2025-04-08,2025-04-06,5350,Advertisement and marketing,Expense,CC-400,U014,Manual,Marketing spend,335688.98,0.0,Not required,
JE1033789,2,2025-04-08,2025-04-06,2100,Trade payables,Liability,CC-400,U014,Manual,Marketing spend,0.0,335688.98,Not required,
JE1033990,1,2025-04-08,2025-04-07,5100,Cost of materials consumed,Expense,CC-200,SYS-BATCH,System,Purchase of raw material,370009.15,0.0,Not required,
JE1033990,2,2025-04-08,2025-04-07,2100,Trade payables,Liability,CC-200,SYS-BATCH,System,Purchase of raw material,0.0,370009.15,Not required,
JE1034015,1,2025-04-08,2025-04-07,5330,Travel and conveyance,Expense,CC-300,SYS-BATCH,System,Travel reimbursement,18091.04,0.0,Not required,
JE1034015,2,2025-04-08,2025-04-07,1110,Bank - current account,Asset,CC-300,SYS-BATCH,System,Travel reimbursement,0.0,18091.04,Not required,
JE1034245,1,2025-04-08,2025-04-08,5300,Rent expense,Expense,CC-400,SYS-BATCH,System,Rent for the period,438941.64,0.0,Not required,
JE1034245,2,2025-04-08,2025-04-08,2110,Accrued expenses,Liability,CC-400,SYS-BATCH,System,Rent for the period,0.0,438941.64,Not required,
JE1035291,1,2025-04-08,2025-04-06,1110,Bank - current account,Asset,CC-200,SYS-BATCH,System,Customer receipt,890674.15,0.0,Approved,A001
JE1035291,2,2025-04-08,2025-04-06,1200,Trade receivables,Asset,CC-200,SYS-BATCH,System,Customer receipt,0.0,890674.15,Approved,A001
JE1035416,1,2025-04-08,2025-04-08,1200,Trade receivables,Asset,CC-500,SYS-BATCH,System,Service invoice raised,174851.83,0.0,Not required,
JE1035416,2,2025-04-08,2025-04-08,4110,Revenue - service income,Income,CC-500,SYS-BATCH,System,Service invoice raised,0.0,174851.83,Not required,
JE1035906,1,2025-04-08,2025-04-08,5320,Repairs and maintenance,Expense,CC-200,U012,Manual,Repairs and upkeep,81538.96,0.0,Not required,
JE1035906,2,2025-04-08,2025-04-08,2100,Trade payables,Liability,CC-200,U012,Manual,Repairs and upkeep,0.0,81538.96,Not required,
JE1036029,1,2025-04-08,2025-04-08,1410,Advance to suppliers,Asset,CC-200,SYS-BATCH,System,Advance to supplier,239945.3,0.0,Not required,
JE1036029,2,2025-04-08,2025-04-08,1110,Bank - current account,Asset,CC-200,SYS-BATCH,System,Advance to supplier,0.0,239945.3,Not required,
JE1036656,1,2025-04-08,2025-04-08,1200,Trade receivables,Asset,CC-500,SYS-BATCH,System,Service invoice raised,514959.71,0.0,Approved,A003
JE1036656,2,2025-04-08,2025-04-08,4110,Revenue - service income,Income,CC-500,SYS-BATCH,System,Service invoice raised,0.0,514959.71,Approved,A003
JE1036681,1,2025-04-08,2025-04-06,1200,Trade receivables,Asset,CC-400,SYS-BATCH,System,GST output booked,120994.35,0.0,Not required,
JE1036681,2,2025-04-08,2025-04-06,2200,Output GST payable,Liability,CC-400,SYS-BATCH,System,GST output booked,0.0,120994.35,Not required,
JE1036882,1,2025-04-08,2025-04-08,1200,Trade receivables,Asset,CC-400,SYS-BATCH,System,Sales invoice raised,688299.47,0.0,Approved,A002
JE1036882,2,2025-04-08,2025-04-08,4100,Revenue - product sales,Income,CC-400,SYS-BATCH,System,Sales invoice raised,0.0,688299.47,Approved,A002
JE1036941,1,2025-04-08,2025-04-08,5100,Cost of materials consumed,Expense,CC-100,U018,Manual,Purchase of raw material,665195.79,0.0,Approved,A003
JE1036941,2,2025-04-08,2025-04-08,2100,Trade payables,Liability,CC-100,U018,Manual,Purchase of raw material,0.0,665195.79,Approved,A003
JE1037189,1,2025-04-08,2025-04-07,1410,Advance to suppliers,Asset,CC-100,SYS-BATCH,System,Advance to supplier,161949.44,0.0,Not required,
JE1037189,2,2025-04-08,2025-04-07,1110,Bank - current account,Asset,CC-100,SYS-BATCH,System,Advance to supplier,0.0,161949.44,Not required,
JE1037579,1,2025-04-08,2025-04-08,5300,Rent expense,Expense,CC-500,SYS-BATCH,System,Rent for the period,345669.59,0.0,Not required,
JE1037579,2,2025-04-08,2025-04-08,2110,Accrued expenses,Liability,CC-500,SYS-BATCH,System,Rent for the period,0.0,345669.59,Not required,
JE1037826,1,2025-04-08,2025-04-07,5340,Legal and professional fees,Expense,CC-100,U004,Manual,Professional fees billed,396260.09,0.0,Not required,
JE1037826,2,2025-04-08,2025-04-07,2100,Trade payables,Liability,CC-100,U004,Manual,Professional fees billed,0.0,396260.09,Not required,
JE1037960,1,2025-04-08,2025-04-07,5200,Employee benefit expense,Expense,CC-400,SYS-BATCH,System,Payroll for the month,3085833.64,0.0,Approved,A002
JE1037960,2,2025-04-08,2025-04-07,2120,Provision for employee benefits,Liability,CC-400,SYS-BATCH,System,Payroll for the month,0.0,3085833.64,Approved,A002
JE1038296,1,2025-04-08,2025-04-08,5210,Contract staff cost,Expense,CC-400,U020,Manual,Contract staff billing,264243.99,0.0,Not required,
JE1038296,2,2025-04-08,2025-04-08,2100,Trade payables,Liability,CC-400,U020,Manual,Contract staff billing,0.0,264243.99,Not required,
JE1038362,1,2025-04-08,2025-04-08,5350,Advertisement and marketing,Expense,CC-600,SYS-BATCH,System,Marketing spend,152854.22,0.0,Not required,
JE1038362,2,2025-04-08,2025-04-08,2100,Trade payables,Liability,CC-600,SYS-BATCH,System,Marketing spend,0.0,152854.22,Not required,
JE1038583,1,2025-04-08,2025-04-08,1200,Trade receivables,Asset,CC-300,SYS-BATCH,System,Sales invoice raised,126615.13,0.0,Not required,
JE1038583,2,2025-04-08,2025-04-08,4100,Revenue - product sales,Income,CC-300,SYS-BATCH,System,Sales invoice raised,0.0,126615.13,Not required,
JE1038926,1,2025-04-08,2025-04-07,5100,Cost of materials consumed,Expense,CC-300,SYS-BATCH,System,Purchase of raw material,586648.76,0.0,Approved,A003
JE1038926,2,2025-04-08,2025-04-07,2100,Trade payables,Liability,CC-300,SYS-BATCH,System,Purchase of raw material,0.0,586648.76,Approved,A003
JE1039036,1,2025-04-08,2025-04-08,2100,Trade payables,Liability,CC-600,U019,Manual,Supplier payment,216016.76,0.0,Not required,
JE1039036,2,2025-04-08,2025-04-08,1110,Bank - current account,Asset,CC-600,U019,Manual,Supplier payment,0.0,216016.76,Not required,
JE1040696,1,2025-04-08,2025-04-08,5500,Finance cost,Expense,CC-400,SYS-BATCH,System,Interest on borrowings,250948.63,0.0,Not required,
JE1040696,2,2025-04-08,2025-04-08,2310,Interest accrued but not due,Liability,CC-400,SYS-BATCH,System,Interest on borrowings,0.0,250948.63,Not required,
JE1040711,1,2025-04-08,2025-04-06,1200,Trade receivables,Asset,CC-500,SYS-BATCH,System,Sales invoice raised,773810.99,0.0,Approved,A001
JE1040711,2,2025-04-08,2025-04-06,4100,Revenue - product sales,Income,CC-500,SYS-BATCH,System,Sales invoice raised,0.0,773810.99,Approved,A001
JE1040794,1,2025-04-08,2025-04-07,2100,Trade payables,Liability,CC-500,SYS-BATCH,System,Supplier payment,40839.26,0.0,Not required,
JE1040794,2,2025-04-08,2025-04-07,1110,Bank - current account,Asset,CC-500,SYS-BATCH,System,Supplier payment,0.0,40839.26,Not required,
JE1041005,1,2025-04-08,2025-04-07,1110,Bank - current account,Asset,CC-300,SYS-BATCH,System,Customer receipt,19509.71,0.0,Not required,
JE1041005,2,2025-04-08,2025-04-07,1200,Trade receivables,Asset,CC-300,SYS-BATCH,System,Customer receipt,0.0,19509.71,Not required,
JE1041206,1,2025-04-08,2025-04-08,5330,Travel and conveyance,Expense,CC-300,SYS-BATCH,System,Travel reimbursement,62746.71,0.0,Not required,
JE1041206,2,2025-04-08,2025-04-08,1110,Bank - current account,Asset,CC-300,SYS-BATCH,System,Travel reimbursement,0.0,62746.71,Not required,
JE1041397,1,2025-04-08,2025-04-05,5330,Travel and conveyance,Expense,CC-200,SYS-BATCH,System,Travel reimbursement,15420.06,0.0,Not required,
JE1041397,2,2025-04-08,2025-04-05,1110,Bank - current account,Asset,CC-200,SYS-BATCH,System,Travel reimbursement,0.0,15420.06,Not required,
JE1041964,1,2025-04-08,2025-04-08,5350,Advertisement and marketing,Expense,CC-200,SYS-BATCH,System,Marketing spend,359124.1,0.0,Not required,
JE1041964,2,2025-04-08,2025-04-08,2100,Trade payables,Liability,CC-200,SYS-BATCH,System,Marketing spend,0.0,359124.1,Not required,
JE1042133,1,2025-04-08,2025-04-06,1110,Bank - current account,Asset,CC-200,SYS-BATCH,System,Customer receipt,335686.04,0.0,Not required,
JE1042133,2,2025-04-08,2025-04-06,1200,Trade receivables,Asset,CC-200,SYS-BATCH,System,Customer receipt,0.0,335686.04,Not required,
JE1042369,1,2025-04-08,2025-04-07,5360,Insurance,Expense,CC-300,SYS-BATCH,System,Insurance premium,263577.94,0.0,Not required,
JE1042369,2,2025-04-08,2025-04-07,1400,Prepaid expenses,Asset,CC-300,SYS-BATCH,System,Insurance premium,0.0,263577.94,Not required,
JE1042525,1,2025-04-08,2025-04-08,5370,Communication expense,Expense,CC-200,U008,Manual,Telephone and internet,17180.36,0.0,Not required,
JE1042525,2,2025-04-08,2025-04-08,2110,Accrued expenses,Liability,CC-200,U008,Manual,Telephone and internet,0.0,17180.36,Not required,
JE1042588,1,2025-04-08,2025-04-06,1110,Bank - current account,Asset,CC-400,U005,Manual,Customer receipt,393890.05,0.0,Not required,
JE1042588,2,2025-04-08,2025-04-06,1200,Trade receivables,Asset,CC-400,U005,Manual,Customer receipt,0.0,393890.05,Not required,
JE1042860,1,2025-04-08,2025-04-07,1110,Bank - current account,Asset,CC-100,U014,Manual,Customer receipt,723951.71,0.0,Approved,A002
JE1042860,2,2025-04-08,2025-04-07,1200,Trade receivables,Asset,CC-100,U014,Manual,Customer receipt,0.0,723951.71,Approved,A002
JE1043250,1,2025-04-08,2025-04-05,1200,Trade receivables,Asset,CC-100,SYS-BATCH,System,Sales invoice raised,516958.87,0.0,Approved,A003
JE1043250,2,2025-04-08,2025-04-05,4100,Revenue - product sales,Income,CC-100,SYS-BATCH,System,Sales invoice raised,0.0,516958.87,Approved,A003
JE1043363,1,2025-04-08,2025-04-07,2100,Trade payables,Liability,CC-300,SYS-BATCH,System,Supplier payment,139966.13,0.0,Not required,
JE1043363,2,2025-04-08,2025-04-07,1110,Bank - current account,Asset,CC-300,SYS-BATCH,System,Supplier payment,0.0,139966.13,Not required,
JE1043392,1,2025-04-08,2025-04-08,1110,Bank - current account,Asset,CC-400,SYS-BATCH,System,Customer receipt,860474.44,0.0,Approved,A002
JE1043392,2,2025-04-08,2025-04-08,1200,Trade receivables,Asset,CC-400,SYS-BATCH,System,Customer receipt,0.0,860474.44,Approved,A002
JE1043400,1,2025-04-08,2025-04-08,2100,Trade payables,Liability,CC-300,SYS-BATCH,System,Supplier payment,572652.85,0.0,Approved,A001
JE1043400,2,2025-04-08,2025-04-08,1110,Bank - current account,Asset,CC-300,SYS-BATCH,System,Supplier payment,0.0,572652.85,Approved,A001
JE1043451,1,2025-04-08,2025-04-07,1110,Bank - current account,Asset,CC-500,SYS-BATCH,System,Customer receipt,598562.41,0.0,Approved,A002
JE1043451,2,2025-04-08,2025-04-07,1200,Trade receivables,Asset,CC-500,SYS-BATCH,System,Customer receipt,0.0,598562.41,Approved,A002
JE1043604,1,2025-04-08,2025-04-07,5200,Employee benefit expense,Expense,CC-100,SYS-BATCH,System,Payroll for the month,3187254.63,0.0,Approved,A002
JE1043604,2,2025-04-08,2025-04-07,2120,Provision for employee benefits,Liability,CC-100,SYS-BATCH,System,Payroll for the month,0.0,3187254.63,Approved,A002
JE1043616,1,2025-04-08,2025-04-08,1200,Trade receivables,Asset,CC-100,SYS-BATCH,System,Sales invoice raised,610094.5,0.0,Approved,A001
JE1043616,2,2025-04-08,2025-04-08,4100,Revenue - product sales,Income,CC-100,SYS-BATCH,System,Sales invoice raised,0.0,610094.5,Approved,A001
JE1043802,1,2025-04-08,2025-04-07,5100,Cost of materials consumed,Expense,CC-300,SYS-BATCH,System,Purchase of raw material,228559.97,0.0,Not required,
JE1043802,2,2025-04-08,2025-04-07,2100,Trade payables,Liability,CC-300,SYS-BATCH,System,Purchase of raw material,0.0,228559.97,Not required,
JE1044021,1,2025-04-08,2025-04-08,1200,Trade receivables,Asset,CC-600,SYS-BATCH,System,Service invoice raised,43079.67,0.0,Not required,
JE1044021,2,2025-04-08,2025-04-08,4110,Revenue - service income,Income,CC-600,SYS-BATCH,System,Service invoice raised,0.0,43079.67,Not required,
JE1044129,1,2025-04-08,2025-04-07,5210,Contract staff cost,Expense,CC-100,SYS-BATCH,System,Contract staff billing,63911.0,0.0,Not required,
JE1044129,2,2025-04-08,2025-04-07,2100,Trade payables,Liability,CC-100,SYS-BATCH,System,Contract staff billing,0.0,63911.0,Not required,
JE1044225,1,2025-04-08,2025-04-05,1200,Trade receivables,Asset,CC-300,SYS-BATCH,System,Sales invoice raised,860955.55,0.0,Approved,A003
JE1044225,2,2025-04-08,2025-04-05,4100,Revenue - product sales,Income,CC-300,SYS-BATCH,System,Sales invoice raised,0.0,860955.55,Approved,A003
JE1044552,1,2025-04-08,2025-04-05,1600,Input GST receivable,Asset,CC-500,SYS-BATCH,System,GST input booked,71045.65,0.0,Not required,
JE1044552,2,2025-04-08,2025-04-05,2100,Trade payables,Liability,CC-500,SYS-BATCH,System,GST input booked,0.0,71045.65,Not required,
JE1044750,1,2025-04-08,2025-04-08,5100,Cost of materials consumed,Expense,CC-300,U011,Manual,Purchase of raw material,113524.49,0.0,Not required,
JE1044750,2,2025-04-08,2025-04-08,2100,Trade payables,Liability,CC-300,U011,Manual,Purchase of raw material,0.0,113524.49,Not required,
JE1045370,1,2025-04-08,2025-04-06,1110,Bank - current account,Asset,CC-200,SYS-BATCH,System,Customer receipt,731302.32,0.0,Approved,A003
JE1045370,2,2025-04-08,2025-04-06,1200,Trade receivables,Asset,CC-200,SYS-BATCH,System,Customer receipt,0.0,731302.32,Approved,A003
JE1045457,1,2025-04-08,2025-04-05,5210,Contract staff cost,Expense,CC-200,SYS-BATCH,System,Contract staff billing,72138.72,0.0,Not required,
JE1045457,2,2025-04-08,2025-04-05,2100,Trade payables,Liability,CC-200,SYS-BATCH,System,Contract staff billing,0.0,72138.72,Not required,
JE1045778,1,2025-04-08,2025-04-07,1110,Bank - current account,Asset,CC-100,SYS-BATCH,System,Customer receipt,25277.12,0.0,Not required,
JE1045778,2,2025-04-08,2025-04-07,1200,Trade receivables,Asset,CC-100,SYS-BATCH,System,Customer receipt,0.0,25277.12,Not required,
JE1045942,1,2025-04-08,2025-04-05,1200,Trade receivables,Asset,CC-300,SYS-BATCH,System,Sales invoice raised,151286.92,0.0,Not required,
JE1045942,2,2025-04-08,2025-04-05,4100,Revenue - product sales,Income,CC-300,SYS-BATCH,System,Sales invoice raised,0.0,151286.92,Not required,
JE1046058,1,2025-04-08,2025-04-07,1200,Trade receivables,Asset,CC-300,SYS-BATCH,System,Service invoice raised,419122.93,0.0,Not required,
JE1046058,2,2025-04-08,2025-04-07,4110,Revenue - service income,Income,CC-300,SYS-BATCH,System,Service invoice raised,0.0,419122.93,Not required,
JE1046087,1,2025-04-08,2025-04-08,5330,Travel and conveyance,Expense,CC-200,SYS-BATCH,System,Travel reimbursement,15467.7,0.0,Not required,
JE1046087,2,2025-04-08,2025-04-08,1110,Bank - current account,Asset,CC-200,SYS-BATCH,System,Travel reimbursement,0.0,15467.7,Not required,
JE1046313,1,2025-04-08,2025-04-08,5340,Legal and professional fees,Expense,CC-600,U009,Manual,Professional fees billed,204535.41,0.0,Not required,
JE1046313,2,2025-04-08,2025-04-08,2100,Trade payables,Liability,CC-600,U009,Manual,Professional fees billed,0.0,204535.41,Not required,
JE1046663,1,2025-04-08,2025-04-07,2100,Trade payables,Liability,CC-200,U020,Manual,Supplier payment,378649.45,0.0,Not required,
JE1046663,2,2025-04-08,2025-04-07,1110,Bank - current account,Asset,CC-200,U020,Manual,Supplier payment,0.0,378649.45,Not required,
JE1046694,1,2025-04-08,2025-04-08,5350,Advertisement and marketing,Expense,CC-600,SYS-BATCH,System,Marketing spend,388800.08,0.0,Not required,
JE1046694,2,2025-04-08,2025-04-08,2100,Trade payables,Liability,CC-600,SYS-BATCH,System,Marketing spend,0.0,388800.08,Not required,
JE1046778,1,2025-04-08,2025-04-08,1200,Trade receivables,Asset,CC-400,SYS-BATCH,System,Sales invoice raised,276853.48,0.0,Not required,
JE1046778,2,2025-04-08,2025-04-08,4100,Revenue - product sales,Income,CC-400,SYS-BATCH,System,Sales invoice raised,0.0,276853.48,Not required,
JE1046779,1,2025-04-08,2025-04-07,1200,Trade receivables,Asset,CC-300,SYS-BATCH,System,Service invoice raised,84199.84,0.0,Not required,
JE1046779,2,2025-04-08,2025-04-07,4110,Revenue - service income,Income,CC-300,SYS-BATCH,System,Service invoice raised,0.0,84199.84,Not required,
JE1046836,1,2025-04-08,2025-04-08,1200,Trade receivables,Asset,CC-500,U015,Manual,GST output booked,93827.64,0.0,Not required,
JE1046836,2,2025-04-08,2025-04-08,2200,Output GST payable,Liability,CC-500,U015,Manual,GST output booked,0.0,93827.64,Not required,
JE1046916,1,2025-04-08,2025-04-08,1200,Trade receivables,Asset,CC-100,SYS-BATCH,System,Service invoice raised,65290.83,0.0,Not required,
JE1046916,2,2025-04-08,2025-04-08,4110,Revenue - service income,Income,CC-100,SYS-BATCH,System,Service invoice raised,0.0,65290.83,Not required,
JE1046959,1,2025-04-08,2025-04-08,5360,Insurance,Expense,CC-600,SYS-BATCH,System,Insurance premium,131244.04,0.0,Not required,
JE1046959,2,2025-04-08,2025-04-08,1400,Prepaid expenses,Asset,CC-600,SYS-BATCH,System,Insurance premium,0.0,131244.04,Not required,
JE1047342,1,2025-04-08,2025-04-08,1600,Input GST receivable,Asset,CC-500,SYS-BATCH,System,GST input booked,9225.28,0.0,Not required,
JE1047342,2,2025-04-08,2025-04-08,2100,Trade payables,Liability,CC-500,SYS-BATCH,System,GST input booked,0.0,9225.28,Not required,
JE1047551,1,2025-04-08,2025-04-07,5200,Employee benefit expense,Expense,CC-400,SYS-BATCH,System,Payroll for the month,2953857.21,0.0,Approved,A003
JE1047551,2,2025-04-08,2025-04-07,2120,Provision for employee benefits,Liability,CC-400,SYS-BATCH,System,Payroll for the month,0.0,2953857.21,Approved,A003
JE1047603,1,2025-04-08,2025-04-07,2100,Trade payables,Liability,CC-500,SYS-BATCH,System,TDS deducted on payment,49211.19,0.0,Not required,
JE1047603,2,2025-04-08,2025-04-07,2210,TDS payable,Liability,CC-500,SYS-BATCH,System,TDS deducted on payment,0.0,49211.19,Not required,
JE1047954,1,2025-04-08,2025-04-07,5350,Advertisement and marketing,Expense,CC-300,SYS-BATCH,System,Marketing spend,276791.54,0.0,Not required,
JE1047954,2,2025-04-08,2025-04-07,2100,Trade payables,Liability,CC-300,SYS-BATCH,System,Marketing spend,0.0,276791.54,Not required,
JE1048128,1,2025-04-08,2025-04-08,1110,Bank - current account,Asset,CC-100,SYS-BATCH,System,Customer receipt,465558.15,0.0,Not required,
JE1048128,2,2025-04-08,2025-04-08,1200,Trade receivables,Asset,CC-100,SYS-BATCH,System,Customer receipt,0.0,465558.15,Not required,
JE1048630,1,2025-04-08,2025-04-07,1200,Trade receivables,Asset,CC-200,SYS-BATCH,System,Service invoice raised,156547.08,0.0,Not required,
JE1048630,2,2025-04-08,2025-04-07,4110,Revenue - service income,Income,CC-200,SYS-BATCH,System,Service invoice raised,0.0,156547.08,Not required,
JE1050066,1,2025-04-08,2025-04-07,1110,Bank - current account,Asset,CC-300,SYS-BATCH,System,Customer receipt,171708.6,0.0,Not required,
JE1050066,2,2025-04-08,2025-04-07,1200,Trade receivables,Asset,CC-300,SYS-BATCH,System,Customer receipt,0.0,171708.6,Not required,
JE1050225,1,2025-04-08,2025-04-05,5350,Advertisement and marketing,Expense,CC-600,U017,Manual,Marketing spend,155539.28,0.0,Not required,
JE1050225,2,2025-04-08,2025-04-05,2100,Trade payables,Liability,CC-600,U017,Manual,Marketing spend,0.0,155539.28,Not required,
JE1050807,1,2025-04-08,2025-04-08,2100,Trade payables,Liability,CC-200,SYS-BATCH,System,Supplier payment,87212.34,0.0,Not required,
JE1050807,2,2025-04-08,2025-04-08,1110,Bank - current account,Asset,CC-200,SYS-BATCH,System,Supplier payment,0.0,87212.34,Not required,
JE1050852,1,2025-04-08,2025-04-07,5360,Insurance,Expense,CC-400,SYS-BATCH,System,Insurance premium,134310.67,0.0,Not required,
JE1050852,2,2025-04-08,2025-04-07,1400,Prepaid expenses,Asset,CC-400,SYS-BATCH,System,Insurance premium,0.0,134310.67,Not required,
JE1050925,1,2025-04-08,2025-04-07,1200,Trade receivables,Asset,CC-100,SYS-BATCH,System,Service invoice raised,98231.98,0.0,Not required,
JE1050925,2,2025-04-08,2025-04-07,4110,Revenue - service income,Income,CC-100,SYS-BATCH,System,Service invoice raised,0.0,98231.98,Not required,
JE1051590,1,2025-04-08,2025-04-08,5330,Travel and conveyance,Expense,CC-500,U009,Manual,Travel reimbursement,25403.02,0.0,Not required,
JE1051590,2,2025-04-08,2025-04-08,1110,Bank - current account,Asset,CC-500,U009,Manual,Travel reimbursement,0.0,25403.02,Not required,
JE1051614,1,2025-04-08,2025-04-08,5500,Finance cost,Expense,CC-300,SYS-BATCH,System,Interest on borrowings,285863.31,0.0,Not required,
JE1051614,2,2025-04-08,2025-04-08,2310,Interest accrued but not due,Liability,CC-300,SYS-BATCH,System,Interest on borrowings,0.0,285863.31,Not required,
JE1051671,1,2025-04-08,2025-04-06,1600,Input GST receivable,Asset,CC-300,SYS-BATCH,System,GST input booked,70668.31,0.0,Not required,
JE1051671,2,2025-04-08,2025-04-06,2100,Trade payables,Liability,CC-300,SYS-BATCH,System,GST input booked,0.0,70668.31,Not required,
JE1051703,1,2025-04-08,2025-04-07,5100,Cost of materials consumed,Expense,CC-200,SYS-BATCH,System,Purchase of raw material,367095.45,0.0,Not required,
JE1051703,2,2025-04-08,2025-04-07,2100,Trade payables,Liability,CC-200,SYS-BATCH,System,Purchase of raw material,0.0,367095.45,Not required,
JE1051936,1,2025-04-08,2025-04-06,5320,Repairs and maintenance,Expense,CC-600,U015,Manual,Repairs and upkeep,174339.45,0.0,Not required,
JE1051936,2,2025-04-08,2025-04-06,2100,Trade payables,Liability,CC-600,U015,Manual,Repairs and upkeep,0.0,174339.45,Not required,
JE1052290,1,2025-04-08,2025-04-06,5100,Cost of materials consumed,Expense,CC-600,U018,Manual,Purchase of raw material,75120.89,0.0,Not required,
JE1052290,2,2025-04-08,2025-04-06,2100,Trade payables,Liability,CC-600,U018,Manual,Purchase of raw material,0.0,75120.89,Not required,
JE1052877,1,2025-04-08,2025-04-07,1110,Bank - current account,Asset,CC-500,SYS-BATCH,System,Customer receipt,524553.0,0.0,Approved,A003
JE1052877,2,2025-04-08,2025-04-07,1200,Trade receivables,Asset,CC-500,SYS-BATCH,System,Customer receipt,0.0,524553.0,Approved,A003
JE1052914,1,2025-04-08,2025-04-06,1200,Trade receivables,Asset,CC-600,SYS-BATCH,System,Service invoice raised,311745.21,0.0,Not required,
JE1052914,2,2025-04-08,2025-04-06,4110,Revenue - service income,Income,CC-600,SYS-BATCH,System,Service invoice raised,0.0,311745.21,Not required,
JE1052995,1,2025-04-08,2025-04-07,1110,Bank - current account,Asset,CC-100,SYS-BATCH,System,Customer receipt,499364.02,0.0,Not required,
JE1052995,2,2025-04-08,2025-04-07,1200,Trade receivables,Asset,CC-100,SYS-BATCH,System,Customer receipt,0.0,499364.02,Not required,
JE1053124,1,2025-04-08,2025-04-08,5310,Power and fuel,Expense,CC-500,SYS-BATCH,System,Electricity charges,98788.58,0.0,Not required,
JE1053124,2,2025-04-08,2025-04-08,2110,Accrued expenses,Liability,CC-500,SYS-BATCH,System,Electricity charges,0.0,98788.58,Not required,
JE1053478,1,2025-04-08,2025-04-07,1200,Trade receivables,Asset,CC-400,SYS-BATCH,System,Service invoice raised,392797.23,0.0,Not required,
JE1053478,2,2025-04-08,2025-04-07,4110,Revenue - service income,Income,CC-400,SYS-BATCH,System,Service invoice raised,0.0,392797.23,Not required,
JE1053870,1,2025-04-08,2025-04-08,2100,Trade payables,Liability,CC-600,SYS-BATCH,System,TDS deducted on payment,56649.01,0.0,Not required,
JE1053870,2,2025-04-08,2025-04-08,2210,TDS payable,Liability,CC-600,SYS-BATCH,System,TDS deducted on payment,0.0,56649.01,Not required,
JE1054240,1,2025-04-08,2025-04-08,1110,Bank - current account,Asset,CC-500,SYS-BATCH,System,Customer receipt,148628.16,0.0,Not required,
JE1054240,2,2025-04-08,2025-04-08,1200,Trade receivables,Asset,CC-500,SYS-BATCH,System,Customer receipt,0.0,148628.16,Not required,
JE1054334,1,2025-04-08,2025-04-08,1200,Trade receivables,Asset,CC-300,SYS-BATCH,System,Sales invoice raised,229542.21,0.0,Not required,
JE1054334,2,2025-04-08,2025-04-08,4100,Revenue - product sales,Income,CC-300,SYS-BATCH,System,Sales invoice raised,0.0,229542.21,Not required,
JE1054360,1,2025-04-08,2025-04-08,5370,Communication expense,Expense,CC-300,SYS-BATCH,System,Telephone and internet,38599.21,0.0,Not required,
JE1054360,2,2025-04-08,2025-04-08,2110,Accrued expenses,Liability,CC-300,SYS-BATCH,System,Telephone and internet,0.0,38599.21,Not required,
JE1054647,1,2025-04-08,2025-04-08,1200,Trade receivables,Asset,CC-600,SYS-BATCH,System,Sales invoice raised,111324.66,0.0,Not required,
JE1054647,2,2025-04-08,2025-04-08,4100,Revenue - product sales,Income,CC-600,SYS-BATCH,System,Sales invoice raised,0.0,111324.66,Not required,
JE1054852,1,2025-04-08,2025-04-07,1200,Trade receivables,Asset,CC-100,U019,Manual,Sales invoice raised,60141.49,0.0,Not required,
JE1054852,2,2025-04-08,2025-04-07,4100,Revenue - product sales,Income,CC-100,U019,Manual,Sales invoice raised,0.0,60141.49,Not required,
JE1055494,1,2025-04-08,2025-04-08,2100,Trade payables,Liability,CC-200,U007,Manual,Supplier payment,324506.15,0.0,Not required,
JE1055494,2,2025-04-08,2025-04-08,1110,Bank - current account,Asset,CC-200,U007,Manual,Supplier payment,0.0,324506.15,Not required,
JE1055989,1,2025-04-08,2025-04-08,5200,Employee benefit expense,Expense,CC-400,SYS-BATCH,System,Payroll for the month,1755050.49,0.0,Approved,A001
JE1055989,2,2025-04-08,2025-04-08,2120,Provision for employee benefits,Liability,CC-400,SYS-BATCH,System,Payroll for the month,0.0,1755050.49,Approved,A001
JE1056199,1,2025-04-08,2025-04-06,1600,Input GST receivable,Asset,CC-500,SYS-BATCH,System,GST input booked,8814.91,0.0,Not required,
JE1056199,2,2025-04-08,2025-04-06,2100,Trade payables,Liability,CC-500,SYS-BATCH,System,GST input booked,0.0,8814.91,Not required,
JE1056328,1,2025-04-08,2025-04-08,5320,Repairs and maintenance,Expense,CC-300,SYS-BATCH,System,Repairs and upkeep,75361.89,0.0,Not required,
JE1056328,2,2025-04-08,2025-04-08,2100,Trade payables,Liability,CC-300,SYS-BATCH,System,Repairs and upkeep,0.0,75361.89,Not required,
JE1056437,1,2025-04-08,2025-04-05,5210,Contract staff cost,Expense,CC-500,SYS-BATCH,System,Contract staff billing,71216.91,0.0,Not required,
JE1056437,2,2025-04-08,2025-04-05,2100,Trade payables,Liability,CC-500,SYS-BATCH,System,Contract staff billing,0.0,71216.91,Not required,
JE1056469,1,2025-04-08,2025-04-07,5340,Legal and professional fees,Expense,CC-200,SYS-BATCH,System,Professional fees billed,190192.1,0.0,Not required,
JE1056469,2,2025-04-08,2025-04-07,2100,Trade payables,Liability,CC-200,SYS-BATCH,System,Professional fees billed,0.0,190192.1,Not required,
JE1056840,1,2025-04-08,2025-04-06,1200,Trade receivables,Asset,CC-600,SYS-BATCH,System,Sales invoice raised,75139.93,0.0,Not required,
JE1056840,2,2025-04-08,2025-04-06,4100,Revenue - product sales,Income,CC-600,SYS-BATCH,System,Sales invoice raised,0.0,75139.93,Not required,
JE1057524,1,2025-04-08,2025-04-08,5400,Depreciation and amortisation,Expense,CC-400,SYS-BATCH,System,Depreciation charge,309436.54,0.0,Not required,
JE1057524,2,2025-04-08,2025-04-08,1510,Accumulated depreciation,Asset,CC-400,SYS-BATCH,System,Depreciation charge,0.0,309436.54,Not required,
JE1057836,1,2025-04-08,2025-04-08,5330,Travel and conveyance,Expense,CC-200,SYS-BATCH,System,Travel reimbursement,30307.39,0.0,Not required,
JE1057836,2,2025-04-08,2025-04-08,1110,Bank - current account,Asset,CC-200,SYS-BATCH,System,Travel reimbursement,0.0,30307.39,Not required,
JE1058152,1,2025-04-08,2025-04-08,1200,Trade receivables,Asset,CC-400,SYS-BATCH,System,Sales invoice raised,805348.22,0.0,Approved,A003
JE1058152,2,2025-04-08,2025-04-08,4100,Revenue - product sales,Income,CC-400,SYS-BATCH,System,Sales invoice raised,0.0,805348.22,Approved,A003
JE1058309,1,2025-04-08,2025-04-08,5330,Travel and conveyance,Expense,CC-400,SYS-BATCH,System,Travel reimbursement,14922.49,0.0,Not required,
JE1058309,2,2025-04-08,2025-04-08,1110,Bank - current account,Asset,CC-400,SYS-BATCH,System,Travel reimbursement,0.0,14922.49,Not required,
JE1058376,1,2025-04-08,2025-04-07,5320,Repairs and maintenance,Expense,CC-500,SYS-BATCH,System,Repairs and upkeep,164528.54,0.0,Not required,
JE1058376,2,2025-04-08,2025-04-07,2100,Trade payables,Liability,CC-500,SYS-BATCH,System,Repairs and upkeep,0.0,164528.54,Not required,
JE1059171,1,2025-04-08,2025-04-08,5400,Depreciation and amortisation,Expense,CC-500,SYS-BATCH,System,Depreciation charge,1023356.61,0.0,Approved,A002
JE1059171,2,2025-04-08,2025-04-08,1510,Accumulated depreciation,Asset,CC-500,SYS-BATCH,System,Depreciation charge,0.0,1023356.61,Approved,A002
JE1059218,1,2025-04-08,2025-04-08,1110,Bank - current account,Asset,CC-100,SYS-BATCH,System,Customer receipt,378783.52,0.0,Not required,
JE1059218,2,2025-04-08,2025-04-08,1200,Trade receivables,Asset,CC-100,SYS-BATCH,System,Customer receipt,0.0,378783.52,Not required,
JE1059229,1,2025-04-08,2025-04-07,2100,Trade payables,Liability,CC-600,SYS-BATCH,System,Supplier payment,523059.03,0.0,Approved,A003
JE1059229,2,2025-04-08,2025-04-07,1110,Bank - current account,Asset,CC-600,SYS-BATCH,System,Supplier payment,0.0,523059.03,Approved,A003
JE1059479,1,2025-04-08,2025-04-08,1200,Trade receivables,Asset,CC-500,SYS-BATCH,System,Service invoice raised,562615.83,0.0,Approved,A001
JE1059479,2,2025-04-08,2025-04-08,4110,Revenue - service income,Income,CC-500,SYS-BATCH,System,Service invoice raised,0.0,562615.83,Approved,A001
JE1059495,1,2025-04-08,2025-04-08,1200,Trade receivables,Asset,CC-200,SYS-BATCH,System,Sales invoice raised,684974.06,0.0,Approved,A003
JE1059495,2,2025-04-08,2025-04-08,4100,Revenue - product sales,Income,CC-200,SYS-BATCH,System,Sales invoice raised,0.0,684974.06,Approved,A003
JE1059549,1,2025-04-08,2025-04-07,1110,Bank - current account,Asset,CC-400,SYS-BATCH,System,Bank interest credited,77823.78,0.0,Not required,
JE1059549,2,2025-04-08,2025-04-07,4300,Interest income,Income,CC-400,SYS-BATCH,System,Bank interest credited,0.0,77823.78,Not required,
JE1059806,1,2025-04-08,2025-04-08,2100,Trade payables,Liability,CC-200,U009,Manual,Supplier payment,660626.3,0.0,Approved,A001
JE1059806,2,2025-04-08,2025-04-08,1110,Bank - current account,Asset,CC-200,U009,Manual,Supplier payment,0.0,660626.3,Approved,A001
JE1059911,1,2025-04-08,2025-04-08,1110,Bank - current account,Asset,CC-300,SYS-BATCH,System,Customer receipt,720651.84,0.0,Approved,A001
JE1059911,2,2025-04-08,2025-04-08,1200,Trade receivables,Asset,CC-300,SYS-BATCH,System,Customer receipt,0.0,720651.84,Approved,A001
JE1060281,1,2025-04-08,2025-04-05,5350,Advertisement and marketing,Expense,CC-400,SYS-BATCH,System,Marketing spend,144615.39,0.0,Not required,
JE1060281,2,2025-04-08,2025-04-05,2100,Trade payables,Liability,CC-400,SYS-BATCH,System,Marketing spend,0.0,144615.39,Not required,
JE1061282,1,2025-04-08,2025-04-07,1200,Trade receivables,Asset,CC-600,SYS-BATCH,System,Service invoice raised,215171.24,0.0,Not required,
JE1061282,2,2025-04-08,2025-04-07,4110,Revenue - service income,Income,CC-600,SYS-BATCH,System,Service invoice raised,0.0,215171.24,Not required,
JE1061368,1,2025-04-08,2025-04-05,2100,Trade payables,Liability,CC-400,SYS-BATCH,System,Supplier payment,606040.43,0.0,Approved,A003
JE1061368,2,2025-04-08,2025-04-05,1110,Bank - current account,Asset,CC-400,SYS-BATCH,System,Supplier payment,0.0,606040.43,Approved,A003
JE1061469,1,2025-04-08,2025-04-05,1200,Trade receivables,Asset,CC-200,SYS-BATCH,System,Sales invoice raised,144637.2,0.0,Not required,
JE1061469,2,2025-04-08,2025-04-05,4100,Revenue - product sales,Income,CC-200,SYS-BATCH,System,Sales invoice raised,0.0,144637.2,Not required,
JE1061583,1,2025-04-08,2025-04-07,1110,Bank - current account,Asset,CC-200,SYS-BATCH,System,Customer receipt,344372.5,0.0,Not required,
JE1061583,2,2025-04-08,2025-04-07,1200,Trade receivables,Asset,CC-200,SYS-BATCH,System,Customer receipt,0.0,344372.5,Not required,
JE1061706,1,2025-04-08,2025-04-06,5200,Employee benefit expense,Expense,CC-500,SYS-BATCH,System,Payroll for the month,2404448.89,0.0,Approved,A001
JE1061706,2,2025-04-08,2025-04-06,2120,Provision for employee benefits,Liability,CC-500,SYS-BATCH,System,Payroll for the month,0.0,2404448.89,Approved,A001
JE1061925,1,2025-04-08,2025-04-08,2100,Trade payables,Liability,CC-200,SYS-BATCH,System,Supplier payment,392978.27,0.0,Not required,
JE1061925,2,2025-04-08,2025-04-08,1110,Bank - current account,Asset,CC-200,SYS-BATCH,System,Supplier payment,0.0,392978.27,Not required,
JE1062450,1,2025-04-08,2025-04-08,1200,Trade receivables,Asset,CC-500,SYS-BATCH,System,Service invoice raised,248557.37,0.0,Not required,
JE1062450,2,2025-04-08,2025-04-08,4110,Revenue - service income,Income,CC-500,SYS-BATCH,System,Service invoice raised,0.0,248557.37,Not required,
JE1062626,1,2025-04-08,2025-04-08,5380,Printing and stationery,Expense,CC-500,U015,Manual,Stationery purchase,21833.22,0.0,Not required,
JE1062626,2,2025-04-08,2025-04-08,2100,Trade payables,Liability,CC-500,U015,Manual,Stationery purchase,0.0,21833.22,Not required,
JE1062653,1,2025-04-08,2025-04-07,1200,Trade receivables,Asset,CC-600,SYS-BATCH,System,Sales invoice raised,247292.36,0.0,Not required,
JE1062653,2,2025-04-08,2025-04-07,4100,Revenue - product sales,Income,CC-600,SYS-BATCH,System,Sales invoice raised,0.0,247292.36,Not required,
JE1062715,1,2025-04-08,2025-04-07,1410,Advance to suppliers,Asset,CC-300,SYS-BATCH,System,Advance to supplier,321965.23,0.0,Not required,
JE1062715,2,2025-04-08,2025-04-07,1110,Bank - current account,Asset,CC-300,SYS-BATCH,System,Advance to supplier,0.0,321965.23,Not required,
JE1062837,1,2025-04-08,2025-04-08,2100,Trade payables,Liability,CC-100,SYS-BATCH,System,Supplier payment,483256.64,0.0,Not required,
JE1062837,2,2025-04-08,2025-04-08,1110,Bank - current account,Asset,CC-100,SYS-BATCH,System,Supplier payment,0.0,483256.64,Not required,
JE1063290,1,2025-04-08,2025-04-07,2100,Trade payables,Liability,CC-200,SYS-BATCH,System,Supplier payment,561060.48,0.0,Approved,A003
JE1063290,2,2025-04-08,2025-04-07,1110,Bank - current account,Asset,CC-200,SYS-BATCH,System,Supplier payment,0.0,561060.48,Approved,A003
JE1063413,1,2025-04-08,2025-04-06,2100,Trade payables,Liability,CC-100,SYS-BATCH,System,Supplier payment,141490.39,0.0,Not required,
JE1063413,2,2025-04-08,2025-04-06,1110,Bank - current account,Asset,CC-100,SYS-BATCH,System,Supplier payment,0.0,141490.39,Not required,
JE1063467,1,2025-04-08,2025-04-07,5350,Advertisement and marketing,Expense,CC-600,SYS-BATCH,System,Marketing spend,123431.55,0.0,Not required,
JE1063467,2,2025-04-08,2025-04-07,2100,Trade payables,Liability,CC-600,SYS-BATCH,System,Marketing spend,0.0,123431.55,Not required,
JE1063539,1,2025-04-08,2025-04-08,5200,Employee benefit expense,Expense,CC-300,SYS-BATCH,System,Payroll for the month,2074775.98,0.0,Approved,A001
JE1063539,2,2025-04-08,2025-04-08,2120,Provision for employee benefits,Liability,CC-300,SYS-BATCH,System,Payroll for the month,0.0,2074775.98,Approved,A001
JE1063551,1,2025-04-08,2025-04-07,5100,Cost of materials consumed,Expense,CC-500,U012,Manual,Purchase of raw material,208954.98,0.0,Not required,
JE1063551,2,2025-04-08,2025-04-07,2100,Trade payables,Liability,CC-500,U012,Manual,Purchase of raw material,0.0,208954.98,Not required,
JE1063919,1,2025-04-08,2025-04-08,5360,Insurance,Expense,CC-600,U010,Manual,Insurance premium,51278.88,0.0,Not required,
JE1063919,2,2025-04-08,2025-04-08,1400,Prepaid expenses,Asset,CC-600,U010,Manual,Insurance premium,0.0,51278.88,Not required,
JE1064329,1,2025-04-08,2025-04-06,1410,Advance to suppliers,Asset,CC-600,SYS-BATCH,System,Advance to supplier,80157.92,0.0,Not required,
JE1064329,2,2025-04-08,2025-04-06,1110,Bank - current account,Asset,CC-600,SYS-BATCH,System,Advance to supplier,0.0,80157.92,Not required,
JE1064600,1,2025-04-08,2025-04-06,5380,Printing and stationery,Expense,CC-500,SYS-BATCH,System,Stationery purchase,21183.94,0.0,Not required,
JE1064600,2,2025-04-08,2025-04-06,2100,Trade payables,Liability,CC-500,SYS-BATCH,System,Stationery purchase,0.0,21183.94,Not required,
JE1064744,1,2025-04-08,2025-04-08,5210,Contract staff cost,Expense,CC-300,SYS-BATCH,System,Contract staff billing,265266.62,0.0,Not required,
JE1064744,2,2025-04-08,2025-04-08,2100,Trade payables,Liability,CC-300,SYS-BATCH,System,Contract staff billing,0.0,265266.62,Not required,
JE1064766,1,2025-04-08,2025-04-08,5100,Cost of materials consumed,Expense,CC-500,SYS-BATCH,System,Purchase of raw material,153033.46,0.0,Not required,
JE1064766,2,2025-04-08,2025-04-08,2100,Trade payables,Liability,CC-500,SYS-BATCH,System,Purchase of raw material,0.0,153033.46,Not required,
JE1065142,1,2025-04-08,2025-04-05,1200,Trade receivables,Asset,CC-600,U001,Manual,Sales invoice raised,593635.19,0.0,Approved,A001
JE1065142,2,2025-04-08,2025-04-05,4100,Revenue - product sales,Income,CC-600,U001,Manual,Sales invoice raised,0.0,593635.19,Approved,A001
JE1065178,1,2025-04-08,2025-04-08,1110,Bank - current account,Asset,CC-600,SYS-BATCH,System,Customer receipt,879522.63,0.0,Approved,A001
JE1065178,2,2025-04-08,2025-04-08,1200,Trade receivables,Asset,CC-600,SYS-BATCH,System,Customer receipt,0.0,879522.63,Approved,A001
JE1065371,1,2025-04-08,2025-04-08,5100,Cost of materials consumed,Expense,CC-100,SYS-BATCH,System,Purchase of raw material,347506.69,0.0,Not required,
JE1065371,2,2025-04-08,2025-04-08,2100,Trade payables,Liability,CC-100,SYS-BATCH,System,Purchase of raw material,0.0,347506.69,Not required,
JE1065390,1,2025-04-08,2025-04-08,1200,Trade receivables,Asset,CC-500,SYS-BATCH,System,GST output booked,85509.05,0.0,Not required,
JE1065390,2,2025-04-08,2025-04-08,2200,Output GST payable,Liability,CC-500,SYS-BATCH,System,GST output booked,0.0,85509.05,Not required,
JE1065487,1,2025-04-08,2025-04-08,1200,Trade receivables,Asset,CC-500,SYS-BATCH,System,Sales invoice raised,665757.0,0.0,Approved,A002
JE1065487,2,2025-04-08,2025-04-08,4100,Revenue - product sales,Income,CC-500,SYS-BATCH,System,Sales invoice raised,0.0,665757.0,Approved,A002
JE1065726,1,2025-04-08,2025-04-08,2100,Trade payables,Liability,CC-600,SYS-BATCH,System,Supplier payment,149735.78,0.0,Not required,
JE1065726,2,2025-04-08,2025-04-08,1110,Bank - current account,Asset,CC-600,SYS-BATCH,System,Supplier payment,0.0,149735.78,Not required,
JE1066162,1,2025-04-08,2025-04-08,1110,Bank - current account,Asset,CC-100,U018,Manual,Customer receipt,686452.06,0.0,Approved,A001
JE1066162,2,2025-04-08,2025-04-08,1200,Trade receivables,Asset,CC-100,U018,Manual,Customer receipt,0.0,686452.06,Approved,A001
JE1066467,1,2025-04-08,2025-04-08,1600,Input GST receivable,Asset,CC-100,U008,Manual,GST input booked,96850.69,0.0,Not required,
JE1066467,2,2025-04-08,2025-04-08,2100,Trade payables,Liability,CC-100,U008,Manual,GST input booked,0.0,96850.69,Not required,
JE1066479,1,2025-04-08,2025-04-06,5210,Contract staff cost,Expense,CC-400,SYS-BATCH,System,Contract staff billing,239452.1,0.0,Not required,
JE1066479,2,2025-04-08,2025-04-06,2100,Trade payables,Liability,CC-400,SYS-BATCH,System,Contract staff billing,0.0,239452.1,Not required,
JE1066718,1,2025-04-08,2025-04-08,5350,Advertisement and marketing,Expense,CC-100,SYS-BATCH,System,Marketing spend,380091.17,0.0,Not required,
JE1066718,2,2025-04-08,2025-04-08,2100,Trade payables,Liability,CC-100,SYS-BATCH,System,Marketing spend,0.0,380091.17,Not required,
JE1067366,1,2025-04-08,2025-04-07,2100,Trade payables,Liability,CC-200,SYS-BATCH,System,TDS deducted on payment,14597.44,0.0,Not required,
JE1067366,2,2025-04-08,2025-04-07,2210,TDS payable,Liability,CC-200,SYS-BATCH,System,TDS deducted on payment,0.0,14597.44,Not required,
JE1068400,1,2025-04-08,2025-04-08,1200,Trade receivables,Asset,CC-600,U001,Manual,Sales invoice raised,388468.33,0.0,Not required,
JE1068400,2,2025-04-08,2025-04-08,4100,Revenue - product sales,Income,CC-600,U001,Manual,Sales invoice raised,0.0,388468.33,Not required,
JE1068418,1,2025-04-08,2025-04-08,1110,Bank - current account,Asset,CC-500,SYS-BATCH,System,Customer receipt,267050.64,0.0,Not required,
JE1068418,2,2025-04-08,2025-04-08,1200,Trade receivables,Asset,CC-500,SYS-BATCH,System,Customer receipt,0.0,267050.64,Not required,
JE1068553,1,2025-04-08,2025-04-07,1200,Trade receivables,Asset,CC-500,U016,Manual,Service invoice raised,294973.91,0.0,Not required,
JE1068553,2,2025-04-08,2025-04-07,4110,Revenue - service income,Income,CC-500,U016,Manual,Service invoice raised,0.0,294973.91,Not required,
JE1068712,1,2025-04-08,2025-04-08,1600,Input GST receivable,Asset,CC-500,SYS-BATCH,System,GST input booked,105097.25,0.0,Not required,
JE1068712,2,2025-04-08,2025-04-08,2100,Trade payables,Liability,CC-500,SYS-BATCH,System,GST input booked,0.0,105097.25,Not required,
JE1068749,1,2025-04-08,2025-04-05,5300,Rent expense,Expense,CC-500,SYS-BATCH,System,Rent for the period,227392.88,0.0,Not required,
JE1068749,2,2025-04-08,2025-04-05,2110,Accrued expenses,Liability,CC-500,SYS-BATCH,System,Rent for the period,0.0,227392.88,Not required,
JE1068958,1,2025-04-08,2025-04-07,5400,Depreciation and amortisation,Expense,CC-300,SYS-BATCH,System,Depreciation charge,497978.28,0.0,Not required,
JE1068958,2,2025-04-08,2025-04-07,1510,Accumulated depreciation,Asset,CC-300,SYS-BATCH,System,Depreciation charge,0.0,497978.28,Not required,
JE1069078,1,2025-04-08,2025-04-08,1110,Bank - current account,Asset,CC-400,SYS-BATCH,System,Customer receipt,715246.95,0.0,Approved,A001
JE1069078,2,2025-04-08,2025-04-08,1200,Trade receivables,Asset,CC-400,SYS-BATCH,System,Customer receipt,0.0,715246.95,Approved,A001
JE1069782,1,2025-04-08,2025-04-08,2100,Trade payables,Liability,CC-200,U003,Manual,TDS deducted on payment,3648.01,0.0,Not required,
JE1069782,2,2025-04-08,2025-04-08,2210,TDS payable,Liability,CC-200,U003,Manual,TDS deducted on payment,0.0,3648.01,Not required,
JE1069812,1,2025-04-08,2025-04-06,5330,Travel and conveyance,Expense,CC-100,SYS-BATCH,System,Travel reimbursement,35718.3,0.0,Not required,
JE1069812,2,2025-04-08,2025-04-06,1110,Bank - current account,Asset,CC-100,SYS-BATCH,System,Travel reimbursement,0.0,35718.3,Not required,
JE1069815,1,2025-04-08,2025-04-07,1200,Trade receivables,Asset,CC-400,U010,Manual,Sales invoice raised,693468.3,0.0,Approved,A002
JE1069815,2,2025-04-08,2025-04-07,4100,Revenue - product sales,Income,CC-400,U010,Manual,Sales invoice raised,0.0,693468.3,Approved,A002
JE1069820,1,2025-04-08,2025-04-08,2100,Trade payables,Liability,CC-400,SYS-BATCH,System,Supplier payment,332040.34,0.0,Not required,
JE1069820,2,2025-04-08,2025-04-08,1110,Bank - current account,Asset,CC-400,SYS-BATCH,System,Supplier payment,0.0,332040.34,Not required,
JE1070043,1,2025-04-08,2025-04-08,1200,Trade receivables,Asset,CC-500,U016,Manual,Sales invoice raised,566245.77,0.0,Approved,A002
JE1070043,2,2025-04-08,2025-04-08,4100,Revenue - product sales,Income,CC-500,U016,Manual,Sales invoice raised,0.0,566245.77,Approved,A002
JE1070292,1,2025-04-08,2025-04-08,1110,Bank - current account,Asset,CC-400,U004,Manual,Customer receipt,754268.84,0.0,Approved,A001
JE1070292,2,2025-04-08,2025-04-08,1200,Trade receivables,Asset,CC-400,U004,Manual,Customer receipt,0.0,754268.84,Approved,A001
JE1070334,1,2025-04-08,2025-04-05,5330,Travel and conveyance,Expense,CC-600,U009,Manual,Travel reimbursement,80062.22,0.0,Not required,
JE1070334,2,2025-04-08,2025-04-05,1110,Bank - current account,Asset,CC-600,U009,Manual,Travel reimbursement,0.0,80062.22,Not required,
JE1070373,1,2025-04-08,2025-04-07,5340,Legal and professional fees,Expense,CC-500,SYS-BATCH,System,Professional fees billed,56087.3,0.0,Not required,
JE1070373,2,2025-04-08,2025-04-07,2100,Trade payables,Liability,CC-500,SYS-BATCH,System,Professional fees billed,0.0,56087.3,Not required,
JE1070427,1,2025-04-08,2025-04-08,1600,Input GST receivable,Asset,CC-200,SYS-BATCH,System,GST input booked,52077.06,0.0,Not required,
JE1070427,2,2025-04-08,2025-04-08,2100,Trade payables,Liability,CC-200,SYS-BATCH,System,GST input booked,0.0,52077.06,Not required,
JE1070810,1,2025-04-08,2025-04-08,1200,Trade receivables,Asset,CC-400,U018,Manual,Sales invoice raised,839081.91,0.0,Approved,A001
JE1070810,2,2025-04-08,2025-04-08,4100,Revenue - product sales,Income,CC-400,U018,Manual,Sales invoice raised,0.0,839081.91,Approved,A001
JE1070814,1,2025-04-08,2025-04-07,2100,Trade payables,Liability,CC-300,SYS-BATCH,System,Supplier payment,384218.33,0.0,Not required,
JE1070814,2,2025-04-08,2025-04-07,1110,Bank - current account,Asset,CC-300,SYS-BATCH,System,Supplier payment,0.0,384218.33,Not required,
JE1071036,1,2025-04-08,2025-04-08,5330,Travel and conveyance,Expense,CC-200,SYS-BATCH,System,Travel reimbursement,54321.41,0.0,Not required,
JE1071036,2,2025-04-08,2025-04-08,1110,Bank - current account,Asset,CC-200,SYS-BATCH,System,Travel reimbursement,0.0,54321.41,Not required,
JE1071141,1,2025-04-08,2025-04-06,5100,Cost of materials consumed,Expense,CC-200,SYS-BATCH,System,Purchase of raw material,256068.82,0.0,Not required,
JE1071141,2,2025-04-08,2025-04-06,2100,Trade payables,Liability,CC-200,SYS-BATCH,System,Purchase of raw material,0.0,256068.82,Not required,
JE1071345,1,2025-04-08,2025-04-07,1200,Trade receivables,Asset,CC-500,SYS-BATCH,System,Sales invoice raised,227440.14,0.0,Not required,
JE1071345,2,2025-04-08,2025-04-07,4100,Revenue - product sales,Income,CC-500,SYS-BATCH,System,Sales invoice raised,0.0,227440.14,Not required,
JE1071467,1,2025-04-08,2025-04-07,2100,Trade payables,Liability,CC-300,SYS-BATCH,System,Supplier payment,134154.11,0.0,Not required,
JE1071467,2,2025-04-08,2025-04-07,1110,Bank - current account,Asset,CC-300,SYS-BATCH,System,Supplier payment,0.0,134154.11,Not required,
JE1071592,1,2025-04-08,2025-04-08,1200,Trade receivables,Asset,CC-100,U017,Manual,Service invoice raised,542602.3,0.0,Approved,A002
JE1071592,2,2025-04-08,2025-04-08,4110,Revenue - service income,Income,CC-100,U017,Manual,Service invoice raised,0.0,542602.3,Approved,A002
JE1071921,1,2025-04-08,2025-04-08,1200,Trade receivables,Asset,CC-300,U003,Manual,Sales invoice raised,874640.44,0.0,Approved,A001
JE1071921,2,2025-04-08,2025-04-08,4100,Revenue - product sales,Income,CC-300,U003,Manual,Sales invoice raised,0.0,874640.44,Approved,A001
JE1071974,1,2025-04-08,2025-04-08,1200,Trade receivables,Asset,CC-300,SYS-BATCH,System,Sales invoice raised,263395.87,0.0,Not required,
JE1071974,2,2025-04-08,2025-04-08,4100,Revenue - product sales,Income,CC-300,SYS-BATCH,System,Sales invoice raised,0.0,263395.87,Not required,
JE1072233,1,2025-04-08,2025-04-06,2100,Trade payables,Liability,CC-500,SYS-BATCH,System,Supplier payment,70208.59,0.0,Not required,
JE1072233,2,2025-04-08,2025-04-06,1110,Bank - current account,Asset,CC-500,SYS-BATCH,System,Supplier payment,0.0,70208.59,Not required,
JE1072341,1,2025-04-08,2025-04-08,5330,Travel and conveyance,Expense,CC-400,SYS-BATCH,System,Travel reimbursement,33454.67,0.0,Not required,
JE1072341,2,2025-04-08,2025-04-08,1110,Bank - current account,Asset,CC-400,SYS-BATCH,System,Travel reimbursement,0.0,33454.67,Not required,
JE1073072,1,2025-04-08,2025-04-05,1110,Bank - current account,Asset,CC-500,SYS-BATCH,System,Customer receipt,856689.39,0.0,Approved,A002
JE1073072,2,2025-04-08,2025-04-05,1200,Trade receivables,Asset,CC-500,SYS-BATCH,System,Customer receipt,0.0,856689.39,Approved,A002
JE1073462,1,2025-04-08,2025-04-05,5350,Advertisement and marketing,Expense,CC-300,U004,Manual,Marketing spend,222261.17,0.0,Not required,
JE1073462,2,2025-04-08,2025-04-05,2100,Trade payables,Liability,CC-300,U004,Manual,Marketing spend,0.0,222261.17,Not required,
JE1073582,1,2025-04-08,2025-04-08,5500,Finance cost,Expense,CC-200,SYS-BATCH,System,Interest on borrowings,193123.23,0.0,Not required,
JE1073582,2,2025-04-08,2025-04-08,2310,Interest accrued but not due,Liability,CC-200,SYS-BATCH,System,Interest on borrowings,0.0,193123.23,Not required,
JE1073638,1,2025-04-08,2025-04-07,1200,Trade receivables,Asset,CC-100,SYS-BATCH,System,Sales invoice raised,608287.5,0.0,Approved,A003
JE1073638,2,2025-04-08,2025-04-07,4100,Revenue - product sales,Income,CC-100,SYS-BATCH,System,Sales invoice raised,0.0,608287.5,Approved,A003
JE1073775,1,2025-04-08,2025-04-08,5340,Legal and professional fees,Expense,CC-300,SYS-BATCH,System,Professional fees billed,323363.92,0.0,Not required,
JE1073775,2,2025-04-08,2025-04-08,2100,Trade payables,Liability,CC-300,SYS-BATCH,System,Professional fees billed,0.0,323363.92,Not required,
JE1074475,1,2025-04-08,2025-04-08,1110,Bank - current account,Asset,CC-100,SYS-BATCH,System,Customer receipt,211843.49,0.0,Not required,
JE1074475,2,2025-04-08,2025-04-08,1200,Trade receivables,Asset,CC-100,SYS-BATCH,System,Customer receipt,0.0,211843.49,Not required,
JE1074670,1,2025-04-08,2025-04-06,5400,Depreciation and amortisation,Expense,CC-400,SYS-BATCH,System,Depreciation charge,705888.67,0.0,Approved,A002
JE1074670,2,2025-04-08,2025-04-06,1510,Accumulated depreciation,Asset,CC-400,SYS-BATCH,System,Depreciation charge,0.0,705888.67,Approved,A002
JE1075022,1,2025-04-08,2025-04-08,1110,Bank - current account,Asset,CC-100,SYS-BATCH,System,Customer receipt,785284.6,0.0,Approved,A002
JE1075022,2,2025-04-08,2025-04-08,1200,Trade receivables,Asset,CC-100,SYS-BATCH,System,Customer receipt,0.0,785284.6,Approved,A002
JE1075076,1,2025-04-08,2025-04-06,2100,Trade payables,Liability,CC-300,SYS-BATCH,System,TDS deducted on payment,49350.3,0.0,Not required,
JE1075076,2,2025-04-08,2025-04-06,2210,TDS payable,Liability,CC-300,SYS-BATCH,System,TDS deducted on payment,0.0,49350.3,Not required,
JE1075177,1,2025-04-08,2025-04-06,1200,Trade receivables,Asset,CC-200,SYS-BATCH,System,Sales invoice raised,648324.32,0.0,Approved,A001
JE1075177,2,2025-04-08,2025-04-06,4100,Revenue - product sales,Income,CC-200,SYS-BATCH,System,Sales invoice raised,0.0,648324.32,Approved,A001
JE1075564,1,2025-04-08,2025-04-05,5330,Travel and conveyance,Expense,CC-400,U005,Manual,Travel reimbursement,19713.28,0.0,Not required,
JE1075564,2,2025-04-08,2025-04-05,1110,Bank - current account,Asset,CC-400,U005,Manual,Travel reimbursement,0.0,19713.28,Not required,
JE1075634,1,2025-04-08,2025-04-08,1200,Trade receivables,Asset,CC-400,SYS-BATCH,System,Service invoice raised,537060.19,0.0,Approved,A003
JE1075634,2,2025-04-08,2025-04-08,4110,Revenue - service income,Income,CC-400,SYS-BATCH,System,Service invoice raised,0.0,537060.19,Approved,A003
JE1076090,1,2025-04-08,2025-04-05,2100,Trade payables,Liability,CC-300,SYS-BATCH,System,Supplier payment,67894.5,0.0,Not required,
JE1076090,2,2025-04-08,2025-04-05,1110,Bank - current account,Asset,CC-300,SYS-BATCH,System,Supplier payment,0.0,67894.5,Not required,
JE1076092,1,2025-04-08,2025-04-08,5200,Employee benefit expense,Expense,CC-500,SYS-BATCH,System,Payroll for the month,1647181.68,0.0,Approved,A002
JE1076092,2,2025-04-08,2025-04-08,2120,Provision for employee benefits,Liability,CC-500,SYS-BATCH,System,Payroll for the month,0.0,1647181.68,Approved,A002
JE1076094,1,2025-04-08,2025-04-06,1110,Bank - current account,Asset,CC-600,SYS-BATCH,System,Customer receipt,108237.48,0.0,Not required,
JE1076094,2,2025-04-08,2025-04-06,1200,Trade receivables,Asset,CC-600,SYS-BATCH,System,Customer receipt,0.0,108237.48,Not required,
JE1076336,1,2025-04-08,2025-04-08,1200,Trade receivables,Asset,CC-500,SYS-BATCH,System,Sales invoice raised,661943.9,0.0,Approved,A003
JE1076336,2,2025-04-08,2025-04-08,4100,Revenue - product sales,Income,CC-500,SYS-BATCH,System,Sales invoice raised,0.0,661943.9,Approved,A003
JE1076444,1,2025-04-08,2025-04-08,5310,Power and fuel,Expense,CC-200,U002,Manual,Electricity charges,87042.79,0.0,Not required,
JE1076444,2,2025-04-08,2025-04-08,2110,Accrued expenses,Liability,CC-200,U002,Manual,Electricity charges,0.0,87042.79,Not required,
JE1077221,1,2025-04-08,2025-04-08,5200,Employee benefit expense,Expense,CC-500,U001,Manual,Payroll for the month,2675332.67,0.0,Approved,A002
JE1077221,2,2025-04-08,2025-04-08,2120,Provision for employee benefits,Liability,CC-500,U001,Manual,Payroll for the month,0.0,2675332.67,Approved,A002
JE1077823,1,2025-04-08,2025-04-08,5330,Travel and conveyance,Expense,CC-100,SYS-BATCH,System,Travel reimbursement,78177.9,0.0,Not required,
JE1077823,2,2025-04-08,2025-04-08,1110,Bank - current account,Asset,CC-100,SYS-BATCH,System,Travel reimbursement,0.0,78177.9,Not required,
JE1077924,1,2025-04-08,2025-04-08,2100,Trade payables,Liability,CC-300,SYS-BATCH,System,Supplier payment,342618.63,0.0,Not required,
JE1077924,2,2025-04-08,2025-04-08,1110,Bank - current account,Asset,CC-300,SYS-BATCH,System,Supplier payment,0.0,342618.63,Not required,
JE1078219,1,2025-04-08,2025-04-08,1200,Trade receivables,Asset,CC-300,SYS-BATCH,System,Sales invoice raised,804412.41,0.0,Approved,A003
JE1078219,2,2025-04-08,2025-04-08,4100,Revenue - product sales,Income,CC-300,SYS-BATCH,System,Sales invoice raised,0.0,804412.41,Approved,A003
JE1079244,1,2025-04-08,2025-04-08,1110,Bank - current account,Asset,CC-200,SYS-BATCH,System,Customer receipt,781692.3,0.0,Approved,A001
JE1079244,2,2025-04-08,2025-04-08,1200,Trade receivables,Asset,CC-200,SYS-BATCH,System,Customer receipt,0.0,781692.3,Approved,A001
JE1079259,1,2025-04-08,2025-04-08,2100,Trade payables,Liability,CC-100,U011,Manual,TDS deducted on payment,63275.17,0.0,Not required,
JE1079259,2,2025-04-08,2025-04-08,2210,TDS payable,Liability,CC-100,U011,Manual,TDS deducted on payment,0.0,63275.17,Not required,
JE1079436,1,2025-04-08,2025-04-08,2100,Trade payables,Liability,CC-300,SYS-BATCH,System,Supplier payment,352349.52,0.0,Not required,
JE1079436,2,2025-04-08,2025-04-08,1110,Bank - current account,Asset,CC-300,SYS-BATCH,System,Supplier payment,0.0,352349.52,Not required,
JE1080247,1,2025-04-08,2025-04-08,5100,Cost of materials consumed,Expense,CC-200,U004,Manual,Purchase of raw material,443108.07,0.0,Not required,
JE1080247,2,2025-04-08,2025-04-08,2100,Trade payables,Liability,CC-200,U004,Manual,Purchase of raw material,0.0,443108.07,Not required,
JE1080670,1,2025-04-08,2025-04-07,5100,Cost of materials consumed,Expense,CC-600,SYS-BATCH,System,Purchase of raw material,387184.34,0.0,Not required,
JE1080670,2,2025-04-08,2025-04-07,2100,Trade payables,Liability,CC-600,SYS-BATCH,System,Purchase of raw material,0.0,387184.34,Not required,
JE1080966,1,2025-04-08,2025-04-08,1110,Bank - current account,Asset,CC-400,SYS-BATCH,System,Customer receipt,792230.72,0.0,Approved,A001
JE1080966,2,2025-04-08,2025-04-08,1200,Trade receivables,Asset,CC-400,SYS-BATCH,System,Customer receipt,0.0,792230.72,Approved,A001
JE1081419,1,2025-04-08,2025-04-08,5100,Cost of materials consumed,Expense,CC-600,SYS-BATCH,System,Purchase of raw material,555860.11,0.0,Approved,A003
JE1081419,2,2025-04-08,2025-04-08,2100,Trade payables,Liability,CC-600,SYS-BATCH,System,Purchase of raw material,0.0,555860.11,Approved,A003
JE1081506,1,2025-04-08,2025-04-08,5360,Insurance,Expense,CC-600,U019,Manual,Insurance premium,298171.89,0.0,Not required,
JE1081506,2,2025-04-08,2025-04-08,1400,Prepaid expenses,Asset,CC-600,U019,Manual,Insurance premium,0.0,298171.89,Not required,
JE1081751,1,2025-04-08,2025-04-08,1110,Bank - current account,Asset,CC-300,SYS-BATCH,System,Customer receipt,48246.06,0.0,Not required,
JE1081751,2,2025-04-08,2025-04-08,1200,Trade receivables,Asset,CC-300,SYS-BATCH,System,Customer receipt,0.0,48246.06,Not required,
JE1081914,1,2025-04-08,2025-04-07,1110,Bank - current account,Asset,CC-100,SYS-BATCH,System,Customer receipt,321562.67,0.0,Not required,
JE1081914,2,2025-04-08,2025-04-07,1200,Trade receivables,Asset,CC-100,SYS-BATCH,System,Customer receipt,0.0,321562.67,Not required,
JE1081937,1,2025-04-08,2025-04-07,1110,Bank - current account,Asset,CC-100,SYS-BATCH,System,Bank interest credited,21406.66,0.0,Not required,
JE1081937,2,2025-04-08,2025-04-07,4300,Interest income,Income,CC-100,SYS-BATCH,System,Bank interest credited,0.0,21406.66,Not required,
JE1082278,1,2025-04-08,2025-04-08,5320,Repairs and maintenance,Expense,CC-600,SYS-BATCH,System,Repairs and upkeep,151274.43,0.0,Not required,
JE1082278,2,2025-04-08,2025-04-08,2100,Trade payables,Liability,CC-600,SYS-BATCH,System,Repairs and upkeep,0.0,151274.43,Not required,
JE1082629,1,2025-04-08,2025-04-08,1200,Trade receivables,Asset,CC-200,SYS-BATCH,System,Service invoice raised,65758.58,0.0,Not required,
JE1082629,2,2025-04-08,2025-04-08,4110,Revenue - service income,Income,CC-200,SYS-BATCH,System,Service invoice raised,0.0,65758.58,Not required,
JE1082687,1,2025-04-08,2025-04-08,1200,Trade receivables,Asset,CC-200,SYS-BATCH,System,Sales invoice raised,406701.17,0.0,Not required,
JE1082687,2,2025-04-08,2025-04-08,4100,Revenue - product sales,Income,CC-200,SYS-BATCH,System,Sales invoice raised,0.0,406701.17,Not required,
JE1082853,1,2025-04-08,2025-04-08,5370,Communication expense,Expense,CC-600,SYS-BATCH,System,Telephone and internet,46009.29,0.0,Not required,
JE1082853,2,2025-04-08,2025-04-08,2110,Accrued expenses,Liability,CC-600,SYS-BATCH,System,Telephone and internet,0.0,46009.29,Not required,
JE1082955,1,2025-04-08,2025-04-07,5340,Legal and professional fees,Expense,CC-400,SYS-BATCH,System,Professional fees billed,269050.8,0.0,Not required,
JE1082955,2,2025-04-08,2025-04-07,2100,Trade payables,Liability,CC-400,SYS-BATCH,System,Professional fees billed,0.0,269050.8,Not required,
JE1083361,1,2025-04-08,2025-04-08,2100,Trade payables,Liability,CC-400,SYS-BATCH,System,Supplier payment,451876.4,0.0,Not required,
JE1083361,2,2025-04-08,2025-04-08,1110,Bank - current account,Asset,CC-400,SYS-BATCH,System,Supplier payment,0.0,451876.4,Not required,
JE1000185,1,2025-04-09,2025-04-06,5310,Power and fuel,Expense,CC-600,SYS-BATCH,System,Electricity charges,219493.88,0.0,Not required,
JE1000185,2,2025-04-09,2025-04-06,2110,Accrued expenses,Liability,CC-600,SYS-BATCH,System,Electricity charges,0.0,219493.88,Not required,
JE1000194,1,2025-04-09,2025-04-09,1200,Trade receivables,Asset,CC-600,SYS-BATCH,System,Sales invoice raised,749501.94,0.0,Approved,A001
JE1000194,2,2025-04-09,2025-04-09,4100,Revenue - product sales,Income,CC-600,SYS-BATCH,System,Sales invoice raised,0.0,749501.94,Approved,A001
JE1000378,1,2025-04-09,2025-04-09,2100,Trade payables,Liability,CC-400,SYS-BATCH,System,TDS deducted on payment,10819.79,0.0,Not required,
JE1000378,2,2025-04-09,2025-04-09,2210,TDS payable,Liability,CC-400,SYS-BATCH,System,TDS deducted on payment,0.0,10819.79,Not required,
JE1000554,1,2025-04-09,2025-04-06,5310,Power and fuel,Expense,CC-600,U015,Manual,Electricity charges,158714.56,0.0,Not required,
JE1000554,2,2025-04-09,2025-04-06,2110,Accrued expenses,Liability,CC-600,U015,Manual,Electricity charges,0.0,158714.56,Not required,
JE1000925,1,2025-04-09,2025-04-09,1200,Trade receivables,Asset,CC-500,SYS-BATCH,System,Sales invoice raised,384005.8,0.0,Not required,
JE1000925,2,2025-04-09,2025-04-09,4100,Revenue - product sales,Income,CC-500,SYS-BATCH,System,Sales invoice raised,0.0,384005.8,Not required,
JE1001110,1,2025-04-09,2025-04-09,2100,Trade payables,Liability,CC-600,SYS-BATCH,System,TDS deducted on payment,14334.06,0.0,Not required,
JE1001110,2,2025-04-09,2025-04-09,2210,TDS payable,Liability,CC-600,SYS-BATCH,System,TDS deducted on payment,0.0,14334.06,Not required,
JE1001283,1,2025-04-09,2025-04-09,2100,Trade payables,Liability,CC-400,SYS-BATCH,System,Supplier payment,687806.02,0.0,Approved,A003
JE1001283,2,2025-04-09,2025-04-09,1110,Bank - current account,Asset,CC-400,SYS-BATCH,System,Supplier payment,0.0,687806.02,Approved,A003
JE1001509,1,2025-04-09,2025-04-09,5370,Communication expense,Expense,CC-600,SYS-BATCH,System,Telephone and internet,41321.93,0.0,Not required,
JE1001509,2,2025-04-09,2025-04-09,2110,Accrued expenses,Liability,CC-600,SYS-BATCH,System,Telephone and internet,0.0,41321.93,Not required,
JE1001637,1,2025-04-09,2025-04-08,5100,Cost of materials consumed,Expense,CC-200,SYS-BATCH,System,Purchase of raw material,192288.26,0.0,Not required,
JE1001637,2,2025-04-09,2025-04-08,2100,Trade payables,Liability,CC-200,SYS-BATCH,System,Purchase of raw material,0.0,192288.26,Not required,
JE1001786,1,2025-04-09,2025-04-08,2100,Trade payables,Liability,CC-100,SYS-BATCH,System,Supplier payment,476077.94,0.0,Not required,
JE1001786,2,2025-04-09,2025-04-08,1110,Bank - current account,Asset,CC-100,SYS-BATCH,System,Supplier payment,0.0,476077.94,Not required,
JE1001872,1,2025-04-09,2025-04-06,1200,Trade receivables,Asset,CC-300,SYS-BATCH,System,Sales invoice raised,729525.21,0.0,Approved,A003
JE1001872,2,2025-04-09,2025-04-06,4100,Revenue - product sales,Income,CC-300,SYS-BATCH,System,Sales invoice raised,0.0,729525.21,Approved,A003
JE1002200,1,2025-04-09,2025-04-08,5200,Employee benefit expense,Expense,CC-500,SYS-BATCH,System,Payroll for the month,1820417.21,0.0,Approved,A001
JE1002200,2,2025-04-09,2025-04-08,2120,Provision for employee benefits,Liability,CC-500,SYS-BATCH,System,Payroll for the month,0.0,1820417.21,Approved,A001
JE1002265,1,2025-04-09,2025-04-08,5100,Cost of materials consumed,Expense,CC-200,SYS-BATCH,System,Purchase of raw material,457854.82,0.0,Not required,
JE1002265,2,2025-04-09,2025-04-08,2100,Trade payables,Liability,CC-200,SYS-BATCH,System,Purchase of raw material,0.0,457854.82,Not required,
JE1002431,1,2025-04-09,2025-04-09,1200,Trade receivables,Asset,CC-600,SYS-BATCH,System,Sales invoice raised,314353.51,0.0,Not required,
JE1002431,2,2025-04-09,2025-04-09,4100,Revenue - product sales,Income,CC-600,SYS-BATCH,System,Sales invoice raised,0.0,314353.51,Not required,
JE1002812,1,2025-04-09,2025-04-09,5400,Depreciation and amortisation,Expense,CC-300,U005,Manual,Depreciation charge,899781.61,0.0,Approved,A002
JE1002812,2,2025-04-09,2025-04-09,1510,Accumulated depreciation,Asset,CC-300,U005,Manual,Depreciation charge,0.0,899781.61,Approved,A002
JE1002937,1,2025-04-09,2025-04-09,5320,Repairs and maintenance,Expense,CC-600,SYS-BATCH,System,Repairs and upkeep,23273.79,0.0,Not required,
JE1002937,2,2025-04-09,2025-04-09,2100,Trade payables,Liability,CC-600,SYS-BATCH,System,Repairs and upkeep,0.0,23273.79,Not required,
JE1003403,1,2025-04-09,2025-04-07,5370,Communication expense,Expense,CC-100,U019,Manual,Telephone and internet,29067.29,0.0,Not required,
JE1003403,2,2025-04-09,2025-04-07,2110,Accrued expenses,Liability,CC-100,U019,Manual,Telephone and internet,0.0,29067.29,Not required,
JE1003646,1,2025-04-09,2025-04-09,2100,Trade payables,Liability,CC-600,SYS-BATCH,System,Supplier payment,358355.48,0.0,Not required,
JE1003646,2,2025-04-09,2025-04-09,1110,Bank - current account,Asset,CC-600,SYS-BATCH,System,Supplier payment,0.0,358355.48,Not required,
JE1004109,1,2025-04-09,2025-04-09,1110,Bank - current account,Asset,CC-400,SYS-BATCH,System,Customer receipt,835166.11,0.0,Approved,A003
JE1004109,2,2025-04-09,2025-04-09,1200,Trade receivables,Asset,CC-400,SYS-BATCH,System,Customer receipt,0.0,835166.11,Approved,A003
JE1004234,1,2025-04-09,2025-04-08,5320,Repairs and maintenance,Expense,CC-500,SYS-BATCH,System,Repairs and upkeep,143484.36,0.0,Not required,
JE1004234,2,2025-04-09,2025-04-08,2100,Trade payables,Liability,CC-500,SYS-BATCH,System,Repairs and upkeep,0.0,143484.36,Not required,
JE1004396,1,2025-04-09,2025-04-09,2100,Trade payables,Liability,CC-300,SYS-BATCH,System,TDS deducted on payment,20022.16,0.0,Not required,
JE1004396,2,2025-04-09,2025-04-09,2210,TDS payable,Liability,CC-300,SYS-BATCH,System,TDS deducted on payment,0.0,20022.16,Not required,
JE1004567,1,2025-04-09,2025-04-08,1110,Bank - current account,Asset,CC-300,SYS-BATCH,System,Customer receipt,437369.39,0.0,Not required,
JE1004567,2,2025-04-09,2025-04-08,1200,Trade receivables,Asset,CC-300,SYS-BATCH,System,Customer receipt,0.0,437369.39,Not required,
JE1004697,1,2025-04-09,2025-04-07,1110,Bank - current account,Asset,CC-600,SYS-BATCH,System,Customer receipt,109746.31,0.0,Not required,
JE1004697,2,2025-04-09,2025-04-07,1200,Trade receivables,Asset,CC-600,SYS-BATCH,System,Customer receipt,0.0,109746.31,Not required,
JE1005017,1,2025-04-09,2025-04-09,5380,Printing and stationery,Expense,CC-200,SYS-BATCH,System,Stationery purchase,34955.64,0.0,Not required,
JE1005017,2,2025-04-09,2025-04-09,2100,Trade payables,Liability,CC-200,SYS-BATCH,System,Stationery purchase,0.0,34955.64,Not required,
JE1005089,1,2025-04-09,2025-04-07,5340,Legal and professional fees,Expense,CC-500,U014,Manual,Professional fees billed,154172.93,0.0,Not required,
JE1005089,2,2025-04-09,2025-04-07,2100,Trade payables,Liability,CC-500,U014,Manual,Professional fees billed,0.0,154172.93,Not required,
JE1005139,1,2025-04-09,2025-04-08,5400,Depreciation and amortisation,Expense,CC-600,SYS-BATCH,System,Depreciation charge,1025161.22,0.0,Approved,A001
JE1005139,2,2025-04-09,2025-04-08,1510,Accumulated depreciation,Asset,CC-600,SYS-BATCH,System,Depreciation charge,0.0,1025161.22,Approved,A001
JE1005168,1,2025-04-09,2025-04-09,1110,Bank - current account,Asset,CC-200,SYS-BATCH,System,Customer receipt,238294.6,0.0,Not required,
JE1005168,2,2025-04-09,2025-04-09,1200,Trade receivables,Asset,CC-200,SYS-BATCH,System,Customer receipt,0.0,238294.6,Not required,
JE1005273,1,2025-04-09,2025-04-09,5320,Repairs and maintenance,Expense,CC-600,U008,Manual,Repairs and upkeep,21716.28,0.0,Not required,
JE1005273,2,2025-04-09,2025-04-09,2100,Trade payables,Liability,CC-600,U008,Manual,Repairs and upkeep,0.0,21716.28,Not required,
JE1005746,1,2025-04-09,2025-04-06,5100,Cost of materials consumed,Expense,CC-200,SYS-BATCH,System,Purchase of raw material,688406.59,0.0,Approved,A001
JE1005746,2,2025-04-09,2025-04-06,2100,Trade payables,Liability,CC-200,SYS-BATCH,System,Purchase of raw material,0.0,688406.59,Approved,A001
JE1005797,1,2025-04-09,2025-04-07,5210,Contract staff cost,Expense,CC-300,SYS-BATCH,System,Contract staff billing,188705.48,0.0,Not required,
JE1005797,2,2025-04-09,2025-04-07,2100,Trade payables,Liability,CC-300,SYS-BATCH,System,Contract staff billing,0.0,188705.48,Not required,
JE1006026,1,2025-04-09,2025-04-08,1200,Trade receivables,Asset,CC-400,U021,Manual,Sales invoice raised,29371.88,0.0,Not required,
JE1006026,2,2025-04-09,2025-04-08,4100,Revenue - product sales,Income,CC-400,U021,Manual,Sales invoice raised,0.0,29371.88,Not required,
JE1006222,1,2025-04-09,2025-04-07,5340,Legal and professional fees,Expense,CC-600,SYS-BATCH,System,Professional fees billed,71007.85,0.0,Not required,
JE1006222,2,2025-04-09,2025-04-07,2100,Trade payables,Liability,CC-600,SYS-BATCH,System,Professional fees billed,0.0,71007.85,Not required,
JE1006438,1,2025-04-09,2025-04-08,5370,Communication expense,Expense,CC-400,SYS-BATCH,System,Telephone and internet,53352.97,0.0,Not required,
JE1006438,2,2025-04-09,2025-04-08,2110,Accrued expenses,Liability,CC-400,SYS-BATCH,System,Telephone and internet,0.0,53352.97,Not required,
JE1006453,1,2025-04-09,2025-04-08,1200,Trade receivables,Asset,CC-200,SYS-BATCH,System,Sales invoice raised,370246.96,0.0,Not required,
JE1006453,2,2025-04-09,2025-04-08,4100,Revenue - product sales,Income,CC-200,SYS-BATCH,System,Sales invoice raised,0.0,370246.96,Not required,
JE1007035,1,2025-04-09,2025-04-09,1110,Bank - current account,Asset,CC-200,SYS-BATCH,System,Customer receipt,767139.66,0.0,Approved,A003
JE1007035,2,2025-04-09,2025-04-09,1200,Trade receivables,Asset,CC-200,SYS-BATCH,System,Customer receipt,0.0,767139.66,Approved,A003
JE1007225,1,2025-04-09,2025-04-09,2100,Trade payables,Liability,CC-100,SYS-BATCH,System,Supplier payment,186675.92,0.0,Not required,
JE1007225,2,2025-04-09,2025-04-09,1110,Bank - current account,Asset,CC-100,SYS-BATCH,System,Supplier payment,0.0,186675.92,Not required,
JE1007274,1,2025-04-09,2025-04-08,5100,Cost of materials consumed,Expense,CC-300,SYS-BATCH,System,Purchase of raw material,409864.79,0.0,Not required,
JE1007274,2,2025-04-09,2025-04-08,2100,Trade payables,Liability,CC-300,SYS-BATCH,System,Purchase of raw material,0.0,409864.79,Not required,
JE1007332,1,2025-04-09,2025-04-09,1110,Bank - current account,Asset,CC-500,SYS-BATCH,System,Bank interest credited,19195.61,0.0,Not required,
JE1007332,2,2025-04-09,2025-04-09,4300,Interest income,Income,CC-500,SYS-BATCH,System,Bank interest credited,0.0,19195.61,Not required,
JE1007362,1,2025-04-09,2025-04-09,5210,Contract staff cost,Expense,CC-400,SYS-BATCH,System,Contract staff billing,195645.86,0.0,Not required,
JE1007362,2,2025-04-09,2025-04-09,2100,Trade payables,Liability,CC-400,SYS-BATCH,System,Contract staff billing,0.0,195645.86,Not required,
JE1007755,1,2025-04-09,2025-04-09,5100,Cost of materials consumed,Expense,CC-300,SYS-BATCH,System,Purchase of raw material,650034.73,0.0,Approved,A003
JE1007755,2,2025-04-09,2025-04-09,2100,Trade payables,Liability,CC-300,SYS-BATCH,System,Purchase of raw material,0.0,650034.73,Approved,A003
JE1007842,1,2025-04-09,2025-04-09,2100,Trade payables,Liability,CC-600,SYS-BATCH,System,Supplier payment,541739.95,0.0,Approved,A002
JE1007842,2,2025-04-09,2025-04-09,1110,Bank - current account,Asset,CC-600,SYS-BATCH,System,Supplier payment,0.0,541739.95,Approved,A002
JE1008312,1,2025-04-09,2025-04-07,5370,Communication expense,Expense,CC-300,SYS-BATCH,System,Telephone and internet,31379.24,0.0,Not required,
JE1008312,2,2025-04-09,2025-04-07,2110,Accrued expenses,Liability,CC-300,SYS-BATCH,System,Telephone and internet,0.0,31379.24,Not required,
JE1008566,1,2025-04-09,2025-04-06,1200,Trade receivables,Asset,CC-300,SYS-BATCH,System,Sales invoice raised,586316.16,0.0,Approved,A001
JE1008566,2,2025-04-09,2025-04-06,4100,Revenue - product sales,Income,CC-300,SYS-BATCH,System,Sales invoice raised,0.0,586316.16,Approved,A001
JE1009070,1,2025-04-09,2025-04-09,1410,Advance to suppliers,Asset,CC-500,SYS-BATCH,System,Advance to supplier,378933.75,0.0,Not required,
JE1009070,2,2025-04-09,2025-04-09,1110,Bank - current account,Asset,CC-500,SYS-BATCH,System,Advance to supplier,0.0,378933.75,Not required,
JE1009194,1,2025-04-09,2025-04-06,5300,Rent expense,Expense,CC-400,SYS-BATCH,System,Rent for the period,278433.71,0.0,Not required,
JE1009194,2,2025-04-09,2025-04-06,2110,Accrued expenses,Liability,CC-400,SYS-BATCH,System,Rent for the period,0.0,278433.71,Not required,
JE1009851,1,2025-04-09,2025-04-07,5100,Cost of materials consumed,Expense,CC-300,SYS-BATCH,System,Purchase of raw material,404994.74,0.0,Not required,
JE1009851,2,2025-04-09,2025-04-07,2100,Trade payables,Liability,CC-300,SYS-BATCH,System,Purchase of raw material,0.0,404994.74,Not required,
JE1010461,1,2025-04-09,2025-04-06,5350,Advertisement and marketing,Expense,CC-600,U021,Manual,Marketing spend,345285.69,0.0,Not required,
JE1010461,2,2025-04-09,2025-04-06,2100,Trade payables,Liability,CC-600,U021,Manual,Marketing spend,0.0,345285.69,Not required,
JE1010577,1,2025-04-09,2025-04-06,2100,Trade payables,Liability,CC-100,U018,Manual,Supplier payment,339452.66,0.0,Not required,
JE1010577,2,2025-04-09,2025-04-06,1110,Bank - current account,Asset,CC-100,U018,Manual,Supplier payment,0.0,339452.66,Not required,
JE1010704,1,2025-04-09,2025-04-08,1200,Trade receivables,Asset,CC-500,SYS-BATCH,System,Sales invoice raised,813431.56,0.0,Approved,A003
JE1010704,2,2025-04-09,2025-04-08,4100,Revenue - product sales,Income,CC-500,SYS-BATCH,System,Sales invoice raised,0.0,813431.56,Approved,A003
JE1010707,1,2025-04-09,2025-04-09,5340,Legal and professional fees,Expense,CC-500,SYS-BATCH,System,Professional fees billed,191439.83,0.0,Not required,
JE1010707,2,2025-04-09,2025-04-09,2100,Trade payables,Liability,CC-500,SYS-BATCH,System,Professional fees billed,0.0,191439.83,Not required,
JE1010765,1,2025-04-09,2025-04-09,1200,Trade receivables,Asset,CC-400,SYS-BATCH,System,Service invoice raised,433571.83,0.0,Not required,
JE1010765,2,2025-04-09,2025-04-09,4110,Revenue - service income,Income,CC-400,SYS-BATCH,System,Service invoice raised,0.0,433571.83,Not required,
JE1011700,1,2025-04-09,2025-04-09,1200,Trade receivables,Asset,CC-600,SYS-BATCH,System,Service invoice raised,463804.69,0.0,Not required,
JE1011700,2,2025-04-09,2025-04-09,4110,Revenue - service income,Income,CC-600,SYS-BATCH,System,Service invoice raised,0.0,463804.69,Not required,
JE1011879,1,2025-04-09,2025-04-09,2100,Trade payables,Liability,CC-300,U009,Manual,Supplier payment,146221.35,0.0,Not required,
JE1011879,2,2025-04-09,2025-04-09,1110,Bank - current account,Asset,CC-300,U009,Manual,Supplier payment,0.0,146221.35,Not required,
JE1012130,1,2025-04-09,2025-04-09,1200,Trade receivables,Asset,CC-100,SYS-BATCH,System,Sales invoice raised,363450.9,0.0,Not required,
JE1012130,2,2025-04-09,2025-04-09,4100,Revenue - product sales,Income,CC-100,SYS-BATCH,System,Sales invoice raised,0.0,363450.9,Not required,
JE1012286,1,2025-04-09,2025-04-09,1200,Trade receivables,Asset,CC-100,U001,Manual,Sales invoice raised,289940.56,0.0,Not required,
JE1012286,2,2025-04-09,2025-04-09,4100,Revenue - product sales,Income,CC-100,U001,Manual,Sales invoice raised,0.0,289940.56,Not required,
JE1012674,1,2025-04-09,2025-04-09,1110,Bank - current account,Asset,CC-200,SYS-BATCH,System,Customer receipt,638672.17,0.0,Approved,A002
JE1012674,2,2025-04-09,2025-04-09,1200,Trade receivables,Asset,CC-200,SYS-BATCH,System,Customer receipt,0.0,638672.17,Approved,A002
JE1013086,1,2025-04-09,2025-04-08,1600,Input GST receivable,Asset,CC-100,SYS-BATCH,System,GST input booked,94605.54,0.0,Not required,
JE1013086,2,2025-04-09,2025-04-08,2100,Trade payables,Liability,CC-100,SYS-BATCH,System,GST input booked,0.0,94605.54,Not required,
JE1013202,1,2025-04-09,2025-04-09,1200,Trade receivables,Asset,CC-300,SYS-BATCH,System,Service invoice raised,396189.6,0.0,Not required,
JE1013202,2,2025-04-09,2025-04-09,4110,Revenue - service income,Income,CC-300,SYS-BATCH,System,Service invoice raised,0.0,396189.6,Not required,
JE1013478,1,2025-04-09,2025-04-09,5100,Cost of materials consumed,Expense,CC-100,U004,Manual,Purchase of raw material,594709.75,0.0,Approved,A001
JE1013478,2,2025-04-09,2025-04-09,2100,Trade payables,Liability,CC-100,U004,Manual,Purchase of raw material,0.0,594709.75,Approved,A001
JE1013685,1,2025-04-09,2025-04-07,1110,Bank - current account,Asset,CC-300,SYS-BATCH,System,Customer receipt,278732.1,0.0,Not required,
JE1013685,2,2025-04-09,2025-04-07,1200,Trade receivables,Asset,CC-300,SYS-BATCH,System,Customer receipt,0.0,278732.1,Not required,
JE1014956,1,2025-04-09,2025-04-06,1200,Trade receivables,Asset,CC-500,SYS-BATCH,System,Service invoice raised,363469.17,0.0,Not required,
JE1014956,2,2025-04-09,2025-04-06,4110,Revenue - service income,Income,CC-500,SYS-BATCH,System,Service invoice raised,0.0,363469.17,Not required,
JE1015200,1,2025-04-09,2025-04-09,5100,Cost of materials consumed,Expense,CC-600,U013,Manual,Purchase of raw material,119493.23,0.0,Not required,
JE1015200,2,2025-04-09,2025-04-09,2100,Trade payables,Liability,CC-600,U013,Manual,Purchase of raw material,0.0,119493.23,Not required,
JE1015202,1,2025-04-09,2025-04-08,1110,Bank - current account,Asset,CC-600,SYS-BATCH,System,Customer receipt,480869.33,0.0,Not required,
JE1015202,2,2025-04-09,2025-04-08,1200,Trade receivables,Asset,CC-600,SYS-BATCH,System,Customer receipt,0.0,480869.33,Not required,
JE1015296,1,2025-04-09,2025-04-07,2100,Trade payables,Liability,CC-200,U013,Manual,Supplier payment,116436.93,0.0,Not required,
JE1015296,2,2025-04-09,2025-04-07,1110,Bank - current account,Asset,CC-200,U013,Manual,Supplier payment,0.0,116436.93,Not required,
JE1015369,1,2025-04-09,2025-04-08,1410,Advance to suppliers,Asset,CC-300,U015,Manual,Advance to supplier,197888.68,0.0,Not required,
JE1015369,2,2025-04-09,2025-04-08,1110,Bank - current account,Asset,CC-300,U015,Manual,Advance to supplier,0.0,197888.68,Not required,
JE1016294,1,2025-04-09,2025-04-08,2100,Trade payables,Liability,CC-100,SYS-BATCH,System,Supplier payment,12067.1,0.0,Not required,
JE1016294,2,2025-04-09,2025-04-08,1110,Bank - current account,Asset,CC-100,SYS-BATCH,System,Supplier payment,0.0,12067.1,Not required,
JE1016383,1,2025-04-09,2025-04-09,1600,Input GST receivable,Asset,CC-500,SYS-BATCH,System,GST input booked,76374.56,0.0,Not required,
JE1016383,2,2025-04-09,2025-04-09,2100,Trade payables,Liability,CC-500,SYS-BATCH,System,GST input booked,0.0,76374.56,Not required,
JE1017703,1,2025-04-09,2025-04-09,5100,Cost of materials consumed,Expense,CC-600,SYS-BATCH,System,Purchase of raw material,692044.79,0.0,Approved,A001
JE1017703,2,2025-04-09,2025-04-09,2100,Trade payables,Liability,CC-600,SYS-BATCH,System,Purchase of raw material,0.0,692044.79,Approved,A001
JE1017730,1,2025-04-09,2025-04-09,1200,Trade receivables,Asset,CC-400,SYS-BATCH,System,GST output booked,92343.86,0.0,Not required,
JE1017730,2,2025-04-09,2025-04-09,2200,Output GST payable,Liability,CC-400,SYS-BATCH,System,GST output booked,0.0,92343.86,Not required,
JE1017854,1,2025-04-09,2025-04-08,5380,Printing and stationery,Expense,CC-500,SYS-BATCH,System,Stationery purchase,3808.0,0.0,Not required,
JE1017854,2,2025-04-09,2025-04-08,2100,Trade payables,Liability,CC-500,SYS-BATCH,System,Stationery purchase,0.0,3808.0,Not required,
JE1018363,1,2025-04-09,2025-04-09,5340,Legal and professional fees,Expense,CC-300,SYS-BATCH,System,Professional fees billed,49303.95,0.0,Not required,
JE1018363,2,2025-04-09,2025-04-09,2100,Trade payables,Liability,CC-300,SYS-BATCH,System,Professional fees billed,0.0,49303.95,Not required,
JE1018752,1,2025-04-09,2025-04-08,1110,Bank - current account,Asset,CC-100,SYS-BATCH,System,Customer receipt,859686.6,0.0,Approved,A001
JE1018752,2,2025-04-09,2025-04-08,1200,Trade receivables,Asset,CC-100,SYS-BATCH,System,Customer receipt,0.0,859686.6,Approved,A001
JE1018858,1,2025-04-09,2025-04-08,1200,Trade receivables,Asset,CC-100,SYS-BATCH,System,Service invoice raised,218787.66,0.0,Not required,
JE1018858,2,2025-04-09,2025-04-08,4110,Revenue - service income,Income,CC-100,SYS-BATCH,System,Service invoice raised,0.0,218787.66,Not required,
JE1018930,1,2025-04-09,2025-04-07,5350,Advertisement and marketing,Expense,CC-500,SYS-BATCH,System,Marketing spend,181820.24,0.0,Not required,
JE1018930,2,2025-04-09,2025-04-07,2100,Trade payables,Liability,CC-500,SYS-BATCH,System,Marketing spend,0.0,181820.24,Not required,
JE1019019,1,2025-04-09,2025-04-09,1110,Bank - current account,Asset,CC-300,SYS-BATCH,System,Customer receipt,62412.55,0.0,Not required,
JE1019019,2,2025-04-09,2025-04-09,1200,Trade receivables,Asset,CC-300,SYS-BATCH,System,Customer receipt,0.0,62412.55,Not required,
JE1019689,1,2025-04-09,2025-04-07,5320,Repairs and maintenance,Expense,CC-500,SYS-BATCH,System,Repairs and upkeep,170185.65,0.0,Not required,
JE1019689,2,2025-04-09,2025-04-07,2100,Trade payables,Liability,CC-500,SYS-BATCH,System,Repairs and upkeep,0.0,170185.65,Not required,
JE1019755,1,2025-04-09,2025-04-09,1110,Bank - current account,Asset,CC-500,U008,Manual,Customer receipt,191246.5,0.0,Not required,
JE1019755,2,2025-04-09,2025-04-09,1200,Trade receivables,Asset,CC-500,U008,Manual,Customer receipt,0.0,191246.5,Not required,
JE1019834,1,2025-04-09,2025-04-09,1200,Trade receivables,Asset,CC-600,SYS-BATCH,System,Sales invoice raised,579265.17,0.0,Approved,A001
JE1019834,2,2025-04-09,2025-04-09,4100,Revenue - product sales,Income,CC-600,SYS-BATCH,System,Sales invoice raised,0.0,579265.17,Approved,A001
JE1020296,1,2025-04-09,2025-04-08,5400,Depreciation and amortisation,Expense,CC-600,SYS-BATCH,System,Depreciation charge,550389.16,0.0,Approved,A002
JE1020296,2,2025-04-09,2025-04-08,1510,Accumulated depreciation,Asset,CC-600,SYS-BATCH,System,Depreciation charge,0.0,550389.16,Approved,A002
JE1020549,1,2025-04-09,2025-04-08,5340,Legal and professional fees,Expense,CC-200,SYS-BATCH,System,Professional fees billed,91459.28,0.0,Not required,
JE1020549,2,2025-04-09,2025-04-08,2100,Trade payables,Liability,CC-200,SYS-BATCH,System,Professional fees billed,0.0,91459.28,Not required,
JE1021223,1,2025-04-09,2025-04-08,1600,Input GST receivable,Asset,CC-500,SYS-BATCH,System,GST input booked,8242.7,0.0,Not required,
JE1021223,2,2025-04-09,2025-04-08,2100,Trade payables,Liability,CC-500,SYS-BATCH,System,GST input booked,0.0,8242.7,Not required,
JE1021380,1,2025-04-09,2025-04-06,2100,Trade payables,Liability,CC-100,SYS-BATCH,System,Supplier payment,532637.83,0.0,Approved,A001
JE1021380,2,2025-04-09,2025-04-06,1110,Bank - current account,Asset,CC-100,SYS-BATCH,System,Supplier payment,0.0,532637.83,Approved,A001
JE1021553,1,2025-04-09,2025-04-08,2100,Trade payables,Liability,CC-200,SYS-BATCH,System,Supplier payment,306280.66,0.0,Not required,
JE1021553,2,2025-04-09,2025-04-08,1110,Bank - current account,Asset,CC-200,SYS-BATCH,System,Supplier payment,0.0,306280.66,Not required,
JE1021637,1,2025-04-09,2025-04-08,2100,Trade payables,Liability,CC-400,SYS-BATCH,System,Supplier payment,669788.29,0.0,Approved,A002
JE1021637,2,2025-04-09,2025-04-08,1110,Bank - current account,Asset,CC-400,SYS-BATCH,System,Supplier payment,0.0,669788.29,Approved,A002
JE1021743,1,2025-04-09,2025-04-09,1200,Trade receivables,Asset,CC-200,U019,Manual,Sales invoice raised,757151.03,0.0,Approved,A002
JE1021743,2,2025-04-09,2025-04-09,4100,Revenue - product sales,Income,CC-200,U019,Manual,Sales invoice raised,0.0,757151.03,Approved,A002
JE1021812,1,2025-04-09,2025-04-07,1200,Trade receivables,Asset,CC-300,SYS-BATCH,System,Service invoice raised,277332.05,0.0,Not required,
JE1021812,2,2025-04-09,2025-04-07,4110,Revenue - service income,Income,CC-300,SYS-BATCH,System,Service invoice raised,0.0,277332.05,Not required,
JE1022037,1,2025-04-09,2025-04-09,5100,Cost of materials consumed,Expense,CC-600,SYS-BATCH,System,Purchase of raw material,290566.22,0.0,Not required,
JE1022037,2,2025-04-09,2025-04-09,2100,Trade payables,Liability,CC-600,SYS-BATCH,System,Purchase of raw material,0.0,290566.22,Not required,
JE1022294,1,2025-04-09,2025-04-09,5370,Communication expense,Expense,CC-200,SYS-BATCH,System,Telephone and internet,56220.06,0.0,Not required,
JE1022294,2,2025-04-09,2025-04-09,2110,Accrued expenses,Liability,CC-200,SYS-BATCH,System,Telephone and internet,0.0,56220.06,Not required,
JE1022319,1,2025-04-09,2025-04-06,5380,Printing and stationery,Expense,CC-100,U017,Manual,Stationery purchase,28918.62,0.0,Not required,
JE1022319,2,2025-04-09,2025-04-06,2100,Trade payables,Liability,CC-100,U017,Manual,Stationery purchase,0.0,28918.62,Not required,
JE1022392,1,2025-04-09,2025-04-07,5310,Power and fuel,Expense,CC-200,SYS-BATCH,System,Electricity charges,46133.94,0.0,Not required,
JE1022392,2,2025-04-09,2025-04-07,2110,Accrued expenses,Liability,CC-200,SYS-BATCH,System,Electricity charges,0.0,46133.94,Not required,
JE1022423,1,2025-04-09,2025-04-09,2100,Trade payables,Liability,CC-400,SYS-BATCH,System,Supplier payment,499458.76,0.0,Not required,
JE1022423,2,2025-04-09,2025-04-09,1110,Bank - current account,Asset,CC-400,SYS-BATCH,System,Supplier payment,0.0,499458.76,Not required,
JE1023330,1,2025-04-09,2025-04-08,5370,Communication expense,Expense,CC-200,SYS-BATCH,System,Telephone and internet,18770.9,0.0,Not required,
JE1023330,2,2025-04-09,2025-04-08,2110,Accrued expenses,Liability,CC-200,SYS-BATCH,System,Telephone and internet,0.0,18770.9,Not required,
JE1023679,1,2025-04-09,2025-04-07,5350,Advertisement and marketing,Expense,CC-300,SYS-BATCH,System,Marketing spend,468780.14,0.0,Not required,
JE1023679,2,2025-04-09,2025-04-07,2100,Trade payables,Liability,CC-300,SYS-BATCH,System,Marketing spend,0.0,468780.14,Not required,
JE1023724,1,2025-04-09,2025-04-09,1200,Trade receivables,Asset,CC-500,SYS-BATCH,System,Sales invoice raised,480477.97,0.0,Not required,
JE1023724,2,2025-04-09,2025-04-09,4100,Revenue - product sales,Income,CC-500,SYS-BATCH,System,Sales invoice raised,0.0,480477.97,Not required,
JE1023971,1,2025-04-09,2025-04-09,1200,Trade receivables,Asset,CC-100,SYS-BATCH,System,Service invoice raised,477504.73,0.0,Not required,
JE1023971,2,2025-04-09,2025-04-09,4110,Revenue - service income,Income,CC-100,SYS-BATCH,System,Service invoice raised,0.0,477504.73,Not required,
JE1024399,1,2025-04-09,2025-04-08,1110,Bank - current account,Asset,CC-500,U018,Manual,Customer receipt,61106.61,0.0,Not required,
JE1024399,2,2025-04-09,2025-04-08,1200,Trade receivables,Asset,CC-500,U018,Manual,Customer receipt,0.0,61106.61,Not required,
JE1025002,1,2025-04-09,2025-04-06,1200,Trade receivables,Asset,CC-300,SYS-BATCH,System,Sales invoice raised,407456.01,0.0,Not required,
JE1025002,2,2025-04-09,2025-04-06,4100,Revenue - product sales,Income,CC-300,SYS-BATCH,System,Sales invoice raised,0.0,407456.01,Not required,
JE1025218,1,2025-04-09,2025-04-08,1200,Trade receivables,Asset,CC-400,SYS-BATCH,System,Sales invoice raised,726893.96,0.0,Approved,A001
JE1025218,2,2025-04-09,2025-04-08,4100,Revenue - product sales,Income,CC-400,SYS-BATCH,System,Sales invoice raised,0.0,726893.96,Approved,A001
JE1025469,1,2025-04-09,2025-04-06,1200,Trade receivables,Asset,CC-300,SYS-BATCH,System,Service invoice raised,557512.18,0.0,Approved,A003
JE1025469,2,2025-04-09,2025-04-06,4110,Revenue - service income,Income,CC-300,SYS-BATCH,System,Service invoice raised,0.0,557512.18,Approved,A003
JE1026312,1,2025-04-09,2025-04-09,5100,Cost of materials consumed,Expense,CC-200,SYS-BATCH,System,Purchase of raw material,348232.08,0.0,Not required,
JE1026312,2,2025-04-09,2025-04-09,2100,Trade payables,Liability,CC-200,SYS-BATCH,System,Purchase of raw material,0.0,348232.08,Not required,
JE1026342,1,2025-04-09,2025-04-09,5370,Communication expense,Expense,CC-100,SYS-BATCH,System,Telephone and internet,50880.06,0.0,Not required,
JE1026342,2,2025-04-09,2025-04-09,2110,Accrued expenses,Liability,CC-100,SYS-BATCH,System,Telephone and internet,0.0,50880.06,Not required,
JE1026366,1,2025-04-09,2025-04-09,5340,Legal and professional fees,Expense,CC-600,SYS-BATCH,System,Professional fees billed,70876.63,0.0,Not required,
JE1026366,2,2025-04-09,2025-04-09,2100,Trade payables,Liability,CC-600,SYS-BATCH,System,Professional fees billed,0.0,70876.63,Not required,
JE1026786,1,2025-04-09,2025-04-07,5200,Employee benefit expense,Expense,CC-600,U021,Manual,Payroll for the month,525433.13,0.0,Approved,A003
JE1026786,2,2025-04-09,2025-04-07,2120,Provision for employee benefits,Liability,CC-600,U021,Manual,Payroll for the month,0.0,525433.13,Approved,A003
JE1027097,1,2025-04-09,2025-04-08,5210,Contract staff cost,Expense,CC-500,U009,Manual,Contract staff billing,85012.19,0.0,Not required,
JE1027097,2,2025-04-09,2025-04-08,2100,Trade payables,Liability,CC-500,U009,Manual,Contract staff billing,0.0,85012.19,Not required,
JE1027409,1,2025-04-09,2025-04-09,1110,Bank - current account,Asset,CC-100,SYS-BATCH,System,Customer receipt,341054.93,0.0,Not required,
JE1027409,2,2025-04-09,2025-04-09,1200,Trade receivables,Asset,CC-100,SYS-BATCH,System,Customer receipt,0.0,341054.93,Not required,
JE1027462,1,2025-04-09,2025-04-09,1200,Trade receivables,Asset,CC-300,SYS-BATCH,System,GST output booked,20008.63,0.0,Not required,
JE1027462,2,2025-04-09,2025-04-09,2200,Output GST payable,Liability,CC-300,SYS-BATCH,System,GST output booked,0.0,20008.63,Not required,
JE1027637,1,2025-04-09,2025-04-09,1110,Bank - current account,Asset,CC-600,U014,Manual,Customer receipt,451541.46,0.0,Not required,
JE1027637,2,2025-04-09,2025-04-09,1200,Trade receivables,Asset,CC-600,U014,Manual,Customer receipt,0.0,451541.46,Not required,
JE1027721,1,2025-04-09,2025-04-09,1200,Trade receivables,Asset,CC-300,SYS-BATCH,System,Sales invoice raised,526223.45,0.0,Approved,A002
JE1027721,2,2025-04-09,2025-04-09,4100,Revenue - product sales,Income,CC-300,SYS-BATCH,System,Sales invoice raised,0.0,526223.45,Approved,A002
JE1027995,1,2025-04-09,2025-04-07,5100,Cost of materials consumed,Expense,CC-400,SYS-BATCH,System,Purchase of raw material,560742.84,0.0,Approved,A001
JE1027995,2,2025-04-09,2025-04-07,2100,Trade payables,Liability,CC-400,SYS-BATCH,System,Purchase of raw material,0.0,560742.84,Approved,A001
JE1028258,1,2025-04-09,2025-04-08,5100,Cost of materials consumed,Expense,CC-600,U016,Manual,Purchase of raw material,253614.5,0.0,Not required,
JE1028258,2,2025-04-09,2025-04-08,2100,Trade payables,Liability,CC-600,U016,Manual,Purchase of raw material,0.0,253614.5,Not required,
JE1028336,1,2025-04-09,2025-04-06,1200,Trade receivables,Asset,CC-600,SYS-BATCH,System,Sales invoice raised,540005.57,0.0,Approved,A003
JE1028336,2,2025-04-09,2025-04-06,4100,Revenue - product sales,Income,CC-600,SYS-BATCH,System,Sales invoice raised,0.0,540005.57,Approved,A003
JE1028350,1,2025-04-09,2025-04-09,1200,Trade receivables,Asset,CC-100,U015,Manual,Sales invoice raised,687123.96,0.0,Approved,A001
JE1028350,2,2025-04-09,2025-04-09,4100,Revenue - product sales,Income,CC-100,U015,Manual,Sales invoice raised,0.0,687123.96,Approved,A001
JE1029127,1,2025-04-09,2025-04-09,1200,Trade receivables,Asset,CC-500,SYS-BATCH,System,Service invoice raised,53885.07,0.0,Not required,
JE1029127,2,2025-04-09,2025-04-09,4110,Revenue - service income,Income,CC-500,SYS-BATCH,System,Service invoice raised,0.0,53885.07,Not required,
JE1029228,1,2025-04-09,2025-04-09,1110,Bank - current account,Asset,CC-600,U008,Manual,Customer receipt,289388.31,0.0,Not required,
JE1029228,2,2025-04-09,2025-04-09,1200,Trade receivables,Asset,CC-600,U008,Manual,Customer receipt,0.0,289388.31,Not required,
JE1029528,1,2025-04-09,2025-04-08,1600,Input GST receivable,Asset,CC-400,SYS-BATCH,System,GST input booked,82332.42,0.0,Not required,
JE1029528,2,2025-04-09,2025-04-08,2100,Trade payables,Liability,CC-400,SYS-BATCH,System,GST input booked,0.0,82332.42,Not required,
JE1029670,1,2025-04-09,2025-04-09,5200,Employee benefit expense,Expense,CC-600,U019,Manual,Payroll for the month,2451237.27,0.0,Approved,A002
JE1029670,2,2025-04-09,2025-04-09,2120,Provision for employee benefits,Liability,CC-600,U019,Manual,Payroll for the month,0.0,2451237.27,Approved,A002
JE1030357,1,2025-04-09,2025-04-08,2100,Trade payables,Liability,CC-100,SYS-BATCH,System,TDS deducted on payment,54816.29,0.0,Not required,
JE1030357,2,2025-04-09,2025-04-08,2210,TDS payable,Liability,CC-100,SYS-BATCH,System,TDS deducted on payment,0.0,54816.29,Not required,
JE1031089,1,2025-04-09,2025-04-08,1110,Bank - current account,Asset,CC-400,U002,Manual,Customer receipt,804240.91,0.0,Approved,A003
JE1031089,2,2025-04-09,2025-04-08,1200,Trade receivables,Asset,CC-400,U002,Manual,Customer receipt,0.0,804240.91,Approved,A003
JE1031295,1,2025-04-09,2025-04-07,1200,Trade receivables,Asset,CC-600,SYS-BATCH,System,Sales invoice raised,408617.69,0.0,Not required,
JE1031295,2,2025-04-09,2025-04-07,4100,Revenue - product sales,Income,CC-600,SYS-BATCH,System,Sales invoice raised,0.0,408617.69,Not required,
JE1031496,1,2025-04-09,2025-04-08,1110,Bank - current account,Asset,CC-600,SYS-BATCH,System,Customer receipt,351536.74,0.0,Not required,
JE1031496,2,2025-04-09,2025-04-08,1200,Trade receivables,Asset,CC-600,SYS-BATCH,System,Customer receipt,0.0,351536.74,Not required,
JE1031636,1,2025-04-09,2025-04-08,5100,Cost of materials consumed,Expense,CC-600,SYS-BATCH,System,Purchase of raw material,193171.73,0.0,Not required,
JE1031636,2,2025-04-09,2025-04-08,2100,Trade payables,Liability,CC-600,SYS-BATCH,System,Purchase of raw material,0.0,193171.73,Not required,
JE1031983,1,2025-04-09,2025-04-09,5200,Employee benefit expense,Expense,CC-500,SYS-BATCH,System,Payroll for the month,2987861.96,0.0,Approved,A001
JE1031983,2,2025-04-09,2025-04-09,2120,Provision for employee benefits,Liability,CC-500,SYS-BATCH,System,Payroll for the month,0.0,2987861.96,Approved,A001
JE1031997,1,2025-04-09,2025-04-08,1600,Input GST receivable,Asset,CC-600,SYS-BATCH,System,GST input booked,102409.51,0.0,Not required,
JE1031997,2,2025-04-09,2025-04-08,2100,Trade payables,Liability,CC-600,SYS-BATCH,System,GST input booked,0.0,102409.51,Not required,
JE1032309,1,2025-04-09,2025-04-06,5100,Cost of materials consumed,Expense,CC-600,SYS-BATCH,System,Purchase of raw material,583018.03,0.0,Approved,A003
JE1032309,2,2025-04-09,2025-04-06,2100,Trade payables,Liability,CC-600,SYS-BATCH,System,Purchase of raw material,0.0,583018.03,Approved,A003
JE1032424,1,2025-04-09,2025-04-08,5100,Cost of materials consumed,Expense,CC-200,SYS-BATCH,System,Purchase of raw material,652998.98,0.0,Approved,A002
JE1032424,2,2025-04-09,2025-04-08,2100,Trade payables,Liability,CC-200,SYS-BATCH,System,Purchase of raw material,0.0,652998.98,Approved,A002
JE1032674,1,2025-04-09,2025-04-07,1110,Bank - current account,Asset,CC-500,U011,Manual,Customer receipt,417685.93,0.0,Not required,
JE1032674,2,2025-04-09,2025-04-07,1200,Trade receivables,Asset,CC-500,U011,Manual,Customer receipt,0.0,417685.93,Not required,
JE1032920,1,2025-04-09,2025-04-09,5320,Repairs and maintenance,Expense,CC-500,SYS-BATCH,System,Repairs and upkeep,43624.85,0.0,Not required,
JE1032920,2,2025-04-09,2025-04-09,2100,Trade payables,Liability,CC-500,SYS-BATCH,System,Repairs and upkeep,0.0,43624.85,Not required,
JE1033239,1,2025-04-09,2025-04-09,5210,Contract staff cost,Expense,CC-300,SYS-BATCH,System,Contract staff billing,72750.98,0.0,Not required,
JE1033239,2,2025-04-09,2025-04-09,2100,Trade payables,Liability,CC-300,SYS-BATCH,System,Contract staff billing,0.0,72750.98,Not required,
JE1033301,1,2025-04-09,2025-04-09,2100,Trade payables,Liability,CC-400,SYS-BATCH,System,Supplier payment,550150.94,0.0,Approved,A003
JE1033301,2,2025-04-09,2025-04-09,1110,Bank - current account,Asset,CC-400,SYS-BATCH,System,Supplier payment,0.0,550150.94,Approved,A003
JE1033488,1,2025-04-09,2025-04-09,5370,Communication expense,Expense,CC-300,SYS-BATCH,System,Telephone and internet,48852.31,0.0,Not required,
JE1033488,2,2025-04-09,2025-04-09,2110,Accrued expenses,Liability,CC-300,SYS-BATCH,System,Telephone and internet,0.0,48852.31,Not required,
JE1034042,1,2025-04-09,2025-04-07,5100,Cost of materials consumed,Expense,CC-500,SYS-BATCH,System,Purchase of raw material,622006.11,0.0,Approved,A001
JE1034042,2,2025-04-09,2025-04-07,2100,Trade payables,Liability,CC-500,SYS-BATCH,System,Purchase of raw material,0.0,622006.11,Approved,A001
JE1034078,1,2025-04-09,2025-04-09,5100,Cost of materials consumed,Expense,CC-200,SYS-BATCH,System,Purchase of raw material,675751.38,0.0,Approved,A002
JE1034078,2,2025-04-09,2025-04-09,2100,Trade payables,Liability,CC-200,SYS-BATCH,System,Purchase of raw material,0.0,675751.38,Approved,A002
JE1034105,1,2025-04-09,2025-04-09,2100,Trade payables,Liability,CC-600,SYS-BATCH,System,Supplier payment,82177.64,0.0,Not required,
JE1034105,2,2025-04-09,2025-04-09,1110,Bank - current account,Asset,CC-600,SYS-BATCH,System,Supplier payment,0.0,82177.64,Not required,
JE1034660,1,2025-04-09,2025-04-09,5300,Rent expense,Expense,CC-200,SYS-BATCH,System,Rent for the period,365894.5,0.0,Not required,
JE1034660,2,2025-04-09,2025-04-09,2110,Accrued expenses,Liability,CC-200,SYS-BATCH,System,Rent for the period,0.0,365894.5,Not required,
JE1034699,1,2025-04-09,2025-04-09,5330,Travel and conveyance,Expense,CC-300,SYS-BATCH,System,Travel reimbursement,73021.21,0.0,Not required,
JE1034699,2,2025-04-09,2025-04-09,1110,Bank - current account,Asset,CC-300,SYS-BATCH,System,Travel reimbursement,0.0,73021.21,Not required,
JE1034720,1,2025-04-09,2025-04-09,5320,Repairs and maintenance,Expense,CC-300,SYS-BATCH,System,Repairs and upkeep,60018.0,0.0,Not required,
JE1034720,2,2025-04-09,2025-04-09,2100,Trade payables,Liability,CC-300,SYS-BATCH,System,Repairs and upkeep,0.0,60018.0,Not required,
JE1034851,1,2025-04-09,2025-04-07,5380,Printing and stationery,Expense,CC-600,U005,Manual,Stationery purchase,32722.11,0.0,Not required,
JE1034851,2,2025-04-09,2025-04-07,2100,Trade payables,Liability,CC-600,U005,Manual,Stationery purchase,0.0,32722.11,Not required,
JE1035137,1,2025-04-09,2025-04-09,5300,Rent expense,Expense,CC-400,U003,Manual,Rent for the period,405181.34,0.0,Not required,
JE1035137,2,2025-04-09,2025-04-09,2110,Accrued expenses,Liability,CC-400,U003,Manual,Rent for the period,0.0,405181.34,Not required,
JE1035140,1,2025-04-09,2025-04-07,5300,Rent expense,Expense,CC-300,SYS-BATCH,System,Rent for the period,237157.58,0.0,Not required,
JE1035140,2,2025-04-09,2025-04-07,2110,Accrued expenses,Liability,CC-300,SYS-BATCH,System,Rent for the period,0.0,237157.58,Not required,
JE1035708,1,2025-04-09,2025-04-08,2100,Trade payables,Liability,CC-300,U018,Manual,Supplier payment,216280.79,0.0,Not required,
JE1035708,2,2025-04-09,2025-04-08,1110,Bank - current account,Asset,CC-300,U018,Manual,Supplier payment,0.0,216280.79,Not required,
JE1036076,1,2025-04-09,2025-04-09,1200,Trade receivables,Asset,CC-100,SYS-BATCH,System,GST output booked,121861.54,0.0,Not required,
JE1036076,2,2025-04-09,2025-04-09,2200,Output GST payable,Liability,CC-100,SYS-BATCH,System,GST output booked,0.0,121861.54,Not required,
JE1036290,1,2025-04-09,2025-04-09,1110,Bank - current account,Asset,CC-600,SYS-BATCH,System,Customer receipt,367886.02,0.0,Not required,
JE1036290,2,2025-04-09,2025-04-09,1200,Trade receivables,Asset,CC-600,SYS-BATCH,System,Customer receipt,0.0,367886.02,Not required,
JE1036505,1,2025-04-09,2025-04-09,5310,Power and fuel,Expense,CC-500,SYS-BATCH,System,Electricity charges,98333.9,0.0,Not required,
JE1036505,2,2025-04-09,2025-04-09,2110,Accrued expenses,Liability,CC-500,SYS-BATCH,System,Electricity charges,0.0,98333.9,Not required,
JE1036671,1,2025-04-09,2025-04-09,5320,Repairs and maintenance,Expense,CC-300,U002,Manual,Repairs and upkeep,75450.12,0.0,Not required,
JE1036671,2,2025-04-09,2025-04-09,2100,Trade payables,Liability,CC-300,U002,Manual,Repairs and upkeep,0.0,75450.12,Not required,
JE1036684,1,2025-04-09,2025-04-09,1200,Trade receivables,Asset,CC-600,SYS-BATCH,System,Service invoice raised,86611.43,0.0,Not required,
JE1036684,2,2025-04-09,2025-04-09,4110,Revenue - service income,Income,CC-600,SYS-BATCH,System,Service invoice raised,0.0,86611.43,Not required,
JE1036921,1,2025-04-09,2025-04-08,2100,Trade payables,Liability,CC-100,SYS-BATCH,System,Supplier payment,567922.99,0.0,Approved,A002
JE1036921,2,2025-04-09,2025-04-08,1110,Bank - current account,Asset,CC-100,SYS-BATCH,System,Supplier payment,0.0,567922.99,Approved,A002
JE1037169,1,2025-04-09,2025-04-09,5100,Cost of materials consumed,Expense,CC-100,U008,Manual,Purchase of raw material,515849.93,0.0,Approved,A001
JE1037169,2,2025-04-09,2025-04-09,2100,Trade payables,Liability,CC-100,U008,Manual,Purchase of raw material,0.0,515849.93,Approved,A001
JE1037399,1,2025-04-09,2025-04-08,5310,Power and fuel,Expense,CC-500,SYS-BATCH,System,Electricity charges,41502.63,0.0,Not required,
JE1037399,2,2025-04-09,2025-04-08,2110,Accrued expenses,Liability,CC-500,SYS-BATCH,System,Electricity charges,0.0,41502.63,Not required,
JE1037510,1,2025-04-09,2025-04-09,5100,Cost of materials consumed,Expense,CC-400,SYS-BATCH,System,Purchase of raw material,118881.69,0.0,Not required,
JE1037510,2,2025-04-09,2025-04-09,2100,Trade payables,Liability,CC-400,SYS-BATCH,System,Purchase of raw material,0.0,118881.69,Not required,
JE1037972,1,2025-04-09,2025-04-08,1110,Bank - current account,Asset,CC-300,SYS-BATCH,System,Customer receipt,179683.38,0.0,Not required,
JE1037972,2,2025-04-09,2025-04-08,1200,Trade receivables,Asset,CC-300,SYS-BATCH,System,Customer receipt,0.0,179683.38,Not required,
JE1038186,1,2025-04-09,2025-04-09,1200,Trade receivables,Asset,CC-500,U011,Manual,Sales invoice raised,536562.37,0.0,Approved,A001
JE1038186,2,2025-04-09,2025-04-09,4100,Revenue - product sales,Income,CC-500,U011,Manual,Sales invoice raised,0.0,536562.37,Approved,A001
JE1038226,1,2025-04-09,2025-04-06,5200,Employee benefit expense,Expense,CC-600,U021,Manual,Payroll for the month,448561.08,0.0,Not required,
JE1038226,2,2025-04-09,2025-04-06,2120,Provision for employee benefits,Liability,CC-600,U021,Manual,Payroll for the month,0.0,448561.08,Not required,
JE1038355,1,2025-04-09,2025-04-07,5100,Cost of materials consumed,Expense,CC-200,SYS-BATCH,System,Purchase of raw material,525399.26,0.0,Approved,A002
JE1038355,2,2025-04-09,2025-04-07,2100,Trade payables,Liability,CC-200,SYS-BATCH,System,Purchase of raw material,0.0,525399.26,Approved,A002
JE1039013,1,2025-04-09,2025-04-09,5100,Cost of materials consumed,Expense,CC-600,SYS-BATCH,System,Purchase of raw material,180805.79,0.0,Not required,
JE1039013,2,2025-04-09,2025-04-09,2100,Trade payables,Liability,CC-600,SYS-BATCH,System,Purchase of raw material,0.0,180805.79,Not required,
JE1039626,1,2025-04-09,2025-04-09,1110,Bank - current account,Asset,CC-600,SYS-BATCH,System,Customer receipt,207163.73,0.0,Not required,
JE1039626,2,2025-04-09,2025-04-09,1200,Trade receivables,Asset,CC-600,SYS-BATCH,System,Customer receipt,0.0,207163.73,Not required,
JE1039931,1,2025-04-09,2025-04-09,1110,Bank - current account,Asset,CC-600,SYS-BATCH,System,Customer receipt,899700.24,0.0,Approved,A003
JE1039931,2,2025-04-09,2025-04-09,1200,Trade receivables,Asset,CC-600,SYS-BATCH,System,Customer receipt,0.0,899700.24,Approved,A003
JE1040726,1,2025-04-09,2025-04-09,1110,Bank - current account,Asset,CC-100,SYS-BATCH,System,Customer receipt,422963.79,0.0,Not required,
JE1040726,2,2025-04-09,2025-04-09,1200,Trade receivables,Asset,CC-100,SYS-BATCH,System,Customer receipt,0.0,422963.79,Not required,
JE1040790,1,2025-04-09,2025-04-09,5210,Contract staff cost,Expense,CC-200,SYS-BATCH,System,Contract staff billing,159222.32,0.0,Not required,
JE1040790,2,2025-04-09,2025-04-09,2100,Trade payables,Liability,CC-200,SYS-BATCH,System,Contract staff billing,0.0,159222.32,Not required,
JE1040798,1,2025-04-09,2025-04-07,5370,Communication expense,Expense,CC-400,SYS-BATCH,System,Telephone and internet,57245.59,0.0,Not required,
JE1040798,2,2025-04-09,2025-04-07,2110,Accrued expenses,Liability,CC-400,SYS-BATCH,System,Telephone and internet,0.0,57245.59,Not required,
JE1040998,1,2025-04-09,2025-04-09,5100,Cost of materials consumed,Expense,CC-400,SYS-BATCH,System,Purchase of raw material,493123.56,0.0,Not required,
JE1040998,2,2025-04-09,2025-04-09,2100,Trade payables,Liability,CC-400,SYS-BATCH,System,Purchase of raw material,0.0,493123.56,Not required,
JE1041452,1,2025-04-09,2025-04-08,1110,Bank - current account,Asset,CC-300,U019,Manual,Customer receipt,332205.0,0.0,Not required,
JE1041452,2,2025-04-09,2025-04-08,1200,Trade receivables,Asset,CC-300,U019,Manual,Customer receipt,0.0,332205.0,Not required,
JE1041478,1,2025-04-09,2025-04-09,5350,Advertisement and marketing,Expense,CC-200,SYS-BATCH,System,Marketing spend,20647.49,0.0,Not required,
JE1041478,2,2025-04-09,2025-04-09,2100,Trade payables,Liability,CC-200,SYS-BATCH,System,Marketing spend,0.0,20647.49,Not required,
JE1041596,1,2025-04-09,2025-04-06,5300,Rent expense,Expense,CC-400,SYS-BATCH,System,Rent for the period,335319.91,0.0,Not required,
JE1041596,2,2025-04-09,2025-04-06,2110,Accrued expenses,Liability,CC-400,SYS-BATCH,System,Rent for the period,0.0,335319.91,Not required,
JE1042625,1,2025-04-09,2025-04-08,1200,Trade receivables,Asset,CC-500,SYS-BATCH,System,Sales invoice raised,414466.15,0.0,Not required,
JE1042625,2,2025-04-09,2025-04-08,4100,Revenue - product sales,Income,CC-500,SYS-BATCH,System,Sales invoice raised,0.0,414466.15,Not required,
JE1042820,1,2025-04-09,2025-04-08,5310,Power and fuel,Expense,CC-100,SYS-BATCH,System,Electricity charges,52569.13,0.0,Not required,
JE1042820,2,2025-04-09,2025-04-08,2110,Accrued expenses,Liability,CC-100,SYS-BATCH,System,Electricity charges,0.0,52569.13,Not required,
JE1043169,1,2025-04-09,2025-04-06,1200,Trade receivables,Asset,CC-300,SYS-BATCH,System,Sales invoice raised,307272.08,0.0,Not required,
JE1043169,2,2025-04-09,2025-04-06,4100,Revenue - product sales,Income,CC-300,SYS-BATCH,System,Sales invoice raised,0.0,307272.08,Not required,
JE1043181,1,2025-04-09,2025-04-07,5400,Depreciation and amortisation,Expense,CC-400,SYS-BATCH,System,Depreciation charge,630762.0,0.0,Approved,A001
JE1043181,2,2025-04-09,2025-04-07,1510,Accumulated depreciation,Asset,CC-400,SYS-BATCH,System,Depreciation charge,0.0,630762.0,Approved,A001
JE1043251,1,2025-04-09,2025-04-09,5500,Finance cost,Expense,CC-600,SYS-BATCH,System,Interest on borrowings,442530.04,0.0,Not required,
JE1043251,2,2025-04-09,2025-04-09,2310,Interest accrued but not due,Liability,CC-600,SYS-BATCH,System,Interest on borrowings,0.0,442530.04,Not required,
JE1043282,1,2025-04-09,2025-04-09,5200,Employee benefit expense,Expense,CC-200,SYS-BATCH,System,Payroll for the month,2106558.22,0.0,Approved,A002
JE1043282,2,2025-04-09,2025-04-09,2120,Provision for employee benefits,Liability,CC-200,SYS-BATCH,System,Payroll for the month,0.0,2106558.22,Approved,A002
JE1043331,1,2025-04-09,2025-04-09,1110,Bank - current account,Asset,CC-300,SYS-BATCH,System,Customer receipt,602587.21,0.0,Approved,A001
JE1043331,2,2025-04-09,2025-04-09,1200,Trade receivables,Asset,CC-300,SYS-BATCH,System,Customer receipt,0.0,602587.21,Approved,A001
JE1044045,1,2025-04-09,2025-04-08,1110,Bank - current account,Asset,CC-300,U006,Manual,Customer receipt,345826.29,0.0,Not required,
JE1044045,2,2025-04-09,2025-04-08,1200,Trade receivables,Asset,CC-300,U006,Manual,Customer receipt,0.0,345826.29,Not required,
JE1044078,1,2025-04-09,2025-04-06,5320,Repairs and maintenance,Expense,CC-400,SYS-BATCH,System,Repairs and upkeep,145768.15,0.0,Not required,
JE1044078,2,2025-04-09,2025-04-06,2100,Trade payables,Liability,CC-400,SYS-BATCH,System,Repairs and upkeep,0.0,145768.15,Not required,
JE1044257,1,2025-04-09,2025-04-08,5500,Finance cost,Expense,CC-100,SYS-BATCH,System,Interest on borrowings,237793.04,0.0,Not required,
JE1044257,2,2025-04-09,2025-04-08,2310,Interest accrued but not due,Liability,CC-100,SYS-BATCH,System,Interest on borrowings,0.0,237793.04,Not required,
JE1044460,1,2025-04-09,2025-04-06,1200,Trade receivables,Asset,CC-500,SYS-BATCH,System,Service invoice raised,274786.74,0.0,Not required,
JE1044460,2,2025-04-09,2025-04-06,4110,Revenue - service income,Income,CC-500,SYS-BATCH,System,Service invoice raised,0.0,274786.74,Not required,
JE1044468,1,2025-04-09,2025-04-08,5100,Cost of materials consumed,Expense,CC-500,SYS-BATCH,System,Purchase of raw material,382680.43,0.0,Not required,
JE1044468,2,2025-04-09,2025-04-08,2100,Trade payables,Liability,CC-500,SYS-BATCH,System,Purchase of raw material,0.0,382680.43,Not required,
JE1044813,1,2025-04-09,2025-04-09,5100,Cost of materials consumed,Expense,CC-300,SYS-BATCH,System,Purchase of raw material,278980.81,0.0,Not required,
JE1044813,2,2025-04-09,2025-04-09,2100,Trade payables,Liability,CC-300,SYS-BATCH,System,Purchase of raw material,0.0,278980.81,Not required,
JE1044852,1,2025-04-09,2025-04-09,1600,Input GST receivable,Asset,CC-500,U004,Manual,GST input booked,10006.06,0.0,Not required,
JE1044852,2,2025-04-09,2025-04-09,2100,Trade payables,Liability,CC-500,U004,Manual,GST input booked,0.0,10006.06,Not required,
JE1044971,1,2025-04-09,2025-04-08,1110,Bank - current account,Asset,CC-600,SYS-BATCH,System,Customer receipt,423400.65,0.0,Not required,
JE1044971,2,2025-04-09,2025-04-08,1200,Trade receivables,Asset,CC-600,SYS-BATCH,System,Customer receipt,0.0,423400.65,Not required,
JE1046135,1,2025-04-09,2025-04-08,5400,Depreciation and amortisation,Expense,CC-200,U020,Manual,Depreciation charge,198088.89,0.0,Not required,
JE1046135,2,2025-04-09,2025-04-08,1510,Accumulated depreciation,Asset,CC-200,U020,Manual,Depreciation charge,0.0,198088.89,Not required,
JE1046191,1,2025-04-09,2025-04-09,5100,Cost of materials consumed,Expense,CC-400,SYS-BATCH,System,Purchase of raw material,625669.52,0.0,Approved,A002
JE1046191,2,2025-04-09,2025-04-09,2100,Trade payables,Liability,CC-400,SYS-BATCH,System,Purchase of raw material,0.0,625669.52,Approved,A002
JE1046329,1,2025-04-09,2025-04-09,2100,Trade payables,Liability,CC-600,SYS-BATCH,System,Supplier payment,105846.09,0.0,Not required,
JE1046329,2,2025-04-09,2025-04-09,1110,Bank - current account,Asset,CC-600,SYS-BATCH,System,Supplier payment,0.0,105846.09,Not required,
JE1046392,1,2025-04-09,2025-04-09,5400,Depreciation and amortisation,Expense,CC-200,SYS-BATCH,System,Depreciation charge,375991.14,0.0,Not required,
JE1046392,2,2025-04-09,2025-04-09,1510,Accumulated depreciation,Asset,CC-200,SYS-BATCH,System,Depreciation charge,0.0,375991.14,Not required,
JE1046539,1,2025-04-09,2025-04-09,5370,Communication expense,Expense,CC-500,SYS-BATCH,System,Telephone and internet,38206.02,0.0,Not required,
JE1046539,2,2025-04-09,2025-04-09,2110,Accrued expenses,Liability,CC-500,SYS-BATCH,System,Telephone and internet,0.0,38206.02,Not required,
JE1046613,1,2025-04-09,2025-04-06,5500,Finance cost,Expense,CC-600,SYS-BATCH,System,Interest on borrowings,217506.43,0.0,Not required,
JE1046613,2,2025-04-09,2025-04-06,2310,Interest accrued but not due,Liability,CC-600,SYS-BATCH,System,Interest on borrowings,0.0,217506.43,Not required,
JE1046621,1,2025-04-09,2025-04-09,1200,Trade receivables,Asset,CC-600,U020,Manual,Sales invoice raised,307434.12,0.0,Not required,
JE1046621,2,2025-04-09,2025-04-09,4100,Revenue - product sales,Income,CC-600,U020,Manual,Sales invoice raised,0.0,307434.12,Not required,
JE1046966,1,2025-04-09,2025-04-09,5100,Cost of materials consumed,Expense,CC-600,SYS-BATCH,System,Purchase of raw material,224205.48,0.0,Not required,
JE1046966,2,2025-04-09,2025-04-09,2100,Trade payables,Liability,CC-600,SYS-BATCH,System,Purchase of raw material,0.0,224205.48,Not required,
JE1047160,1,2025-04-09,2025-04-06,1410,Advance to suppliers,Asset,CC-600,SYS-BATCH,System,Advance to supplier,56080.68,0.0,Not required,
JE1047160,2,2025-04-09,2025-04-06,1110,Bank - current account,Asset,CC-600,SYS-BATCH,System,Advance to supplier,0.0,56080.68,Not required,
JE1047925,1,2025-04-09,2025-04-09,5100,Cost of materials consumed,Expense,CC-600,SYS-BATCH,System,Purchase of raw material,393727.62,0.0,Not required,
JE1047925,2,2025-04-09,2025-04-09,2100,Trade payables,Liability,CC-600,SYS-BATCH,System,Purchase of raw material,0.0,393727.62,Not required,
JE1047956,1,2025-04-09,2025-04-06,5340,Legal and professional fees,Expense,CC-400,U006,Manual,Professional fees billed,141584.27,0.0,Not required,
JE1047956,2,2025-04-09,2025-04-06,2100,Trade payables,Liability,CC-400,U006,Manual,Professional fees billed,0.0,141584.27,Not required,
JE1048033,1,2025-04-09,2025-04-09,1200,Trade receivables,Asset,CC-300,SYS-BATCH,System,Sales invoice raised,413554.44,0.0,Not required,
JE1048033,2,2025-04-09,2025-04-09,4100,Revenue - product sales,Income,CC-300,SYS-BATCH,System,Sales invoice raised,0.0,413554.44,Not required,
JE1048146,1,2025-04-09,2025-04-06,2100,Trade payables,Liability,CC-100,U005,Manual,TDS deducted on payment,18427.69,0.0,Not required,
JE1048146,2,2025-04-09,2025-04-06,2210,TDS payable,Liability,CC-100,U005,Manual,TDS deducted on payment,0.0,18427.69,Not required,
JE1048162,1,2025-04-09,2025-04-09,1110,Bank - current account,Asset,CC-400,SYS-BATCH,System,Customer receipt,627267.28,0.0,Approved,A002
JE1048162,2,2025-04-09,2025-04-09,1200,Trade receivables,Asset,CC-400,SYS-BATCH,System,Customer receipt,0.0,627267.28,Approved,A002
JE1048422,1,2025-04-09,2025-04-07,2100,Trade payables,Liability,CC-100,SYS-BATCH,System,TDS deducted on payment,33881.32,0.0,Not required,
JE1048422,2,2025-04-09,2025-04-07,2210,TDS payable,Liability,CC-100,SYS-BATCH,System,TDS deducted on payment,0.0,33881.32,Not required,
JE1048816,1,2025-04-09,2025-04-06,5100,Cost of materials consumed,Expense,CC-600,SYS-BATCH,System,Purchase of raw material,39319.34,0.0,Not required,
JE1048816,2,2025-04-09,2025-04-06,2100,Trade payables,Liability,CC-600,SYS-BATCH,System,Purchase of raw material,0.0,39319.34,Not required,
JE1049057,1,2025-04-09,2025-04-09,2100,Trade payables,Liability,CC-600,SYS-BATCH,System,Supplier payment,572027.56,0.0,Approved,A003
JE1049057,2,2025-04-09,2025-04-09,1110,Bank - current account,Asset,CC-600,SYS-BATCH,System,Supplier payment,0.0,572027.56,Approved,A003
JE1049112,1,2025-04-09,2025-04-09,5200,Employee benefit expense,Expense,CC-500,SYS-BATCH,System,Payroll for the month,1424366.82,0.0,Approved,A001
JE1049112,2,2025-04-09,2025-04-09,2120,Provision for employee benefits,Liability,CC-500,SYS-BATCH,System,Payroll for the month,0.0,1424366.82,Approved,A001
JE1049671,1,2025-04-09,2025-04-09,5310,Power and fuel,Expense,CC-500,SYS-BATCH,System,Electricity charges,125960.23,0.0,Not required,
JE1049671,2,2025-04-09,2025-04-09,2110,Accrued expenses,Liability,CC-500,SYS-BATCH,System,Electricity charges,0.0,125960.23,Not required,
JE1049962,1,2025-04-09,2025-04-09,1110,Bank - current account,Asset,CC-300,SYS-BATCH,System,Bank interest credited,31807.8,0.0,Not required,
JE1049962,2,2025-04-09,2025-04-09,4300,Interest income,Income,CC-300,SYS-BATCH,System,Bank interest credited,0.0,31807.8,Not required,
JE1050612,1,2025-04-09,2025-04-09,1200,Trade receivables,Asset,CC-100,SYS-BATCH,System,Service invoice raised,370031.7,0.0,Not required,
JE1050612,2,2025-04-09,2025-04-09,4110,Revenue - service income,Income,CC-100,SYS-BATCH,System,Service invoice raised,0.0,370031.7,Not required,
JE1050684,1,2025-04-09,2025-04-09,1110,Bank - current account,Asset,CC-100,SYS-BATCH,System,Customer receipt,70109.68,0.0,Not required,
JE1050684,2,2025-04-09,2025-04-09,1200,Trade receivables,Asset,CC-100,SYS-BATCH,System,Customer receipt,0.0,70109.68,Not required,
JE1050693,1,2025-04-09,2025-04-09,5300,Rent expense,Expense,CC-100,SYS-BATCH,System,Rent for the period,222885.83,0.0,Not required,
JE1050693,2,2025-04-09,2025-04-09,2110,Accrued expenses,Liability,CC-100,SYS-BATCH,System,Rent for the period,0.0,222885.83,Not required,
JE1051190,1,2025-04-09,2025-04-09,5200,Employee benefit expense,Expense,CC-600,SYS-BATCH,System,Payroll for the month,3090965.26,0.0,Approved,A003
JE1051190,2,2025-04-09,2025-04-09,2120,Provision for employee benefits,Liability,CC-600,SYS-BATCH,System,Payroll for the month,0.0,3090965.26,Approved,A003
JE1051521,1,2025-04-09,2025-04-09,1200,Trade receivables,Asset,CC-400,U006,Manual,Sales invoice raised,665855.78,0.0,Approved,A002
JE1051521,2,2025-04-09,2025-04-09,4100,Revenue - product sales,Income,CC-400,U006,Manual,Sales invoice raised,0.0,665855.78,Approved,A002
JE1052026,1,2025-04-09,2025-04-09,5500,Finance cost,Expense,CC-500,U004,Manual,Interest on borrowings,226582.93,0.0,Not required,
JE1052026,2,2025-04-09,2025-04-09,2310,Interest accrued but not due,Liability,CC-500,U004,Manual,Interest on borrowings,0.0,226582.93,Not required,
JE1052039,1,2025-04-09,2025-04-08,5330,Travel and conveyance,Expense,CC-200,SYS-BATCH,System,Travel reimbursement,82453.53,0.0,Not required,
JE1052039,2,2025-04-09,2025-04-08,1110,Bank - current account,Asset,CC-200,SYS-BATCH,System,Travel reimbursement,0.0,82453.53,Not required,
JE1052210,1,2025-04-09,2025-04-09,1110,Bank - current account,Asset,CC-400,SYS-BATCH,System,Bank interest credited,78056.77,0.0,Not required,
JE1052210,2,2025-04-09,2025-04-09,4300,Interest income,Income,CC-400,SYS-BATCH,System,Bank interest credited,0.0,78056.77,Not required,
JE1053025,1,2025-04-09,2025-04-07,5210,Contract staff cost,Expense,CC-400,SYS-BATCH,System,Contract staff billing,83025.44,0.0,Not required,
JE1053025,2,2025-04-09,2025-04-07,2100,Trade payables,Liability,CC-400,SYS-BATCH,System,Contract staff billing,0.0,83025.44,Not required,
JE1053404,1,2025-04-09,2025-04-09,1110,Bank - current account,Asset,CC-500,SYS-BATCH,System,Customer receipt,779956.62,0.0,Approved,A001
JE1053404,2,2025-04-09,2025-04-09,1200,Trade receivables,Asset,CC-500,SYS-BATCH,System,Customer receipt,0.0,779956.62,Approved,A001
JE1053665,1,2025-04-09,2025-04-09,1200,Trade receivables,Asset,CC-300,U018,Manual,Sales invoice raised,302277.09,0.0,Not required,
JE1053665,2,2025-04-09,2025-04-09,4100,Revenue - product sales,Income,CC-300,U018,Manual,Sales invoice raised,0.0,302277.09,Not required,
JE1053690,1,2025-04-09,2025-04-09,1110,Bank - current account,Asset,CC-100,SYS-BATCH,System,Customer receipt,272395.59,0.0,Not required,
JE1053690,2,2025-04-09,2025-04-09,1200,Trade receivables,Asset,CC-100,SYS-BATCH,System,Customer receipt,0.0,272395.59,Not required,
JE1054812,1,2025-04-09,2025-04-07,1200,Trade receivables,Asset,CC-100,U007,Manual,Service invoice raised,363945.98,0.0,Not required,
JE1054812,2,2025-04-09,2025-04-07,4110,Revenue - service income,Income,CC-100,U007,Manual,Service invoice raised,0.0,363945.98,Not required,
JE1054900,1,2025-04-09,2025-04-09,5500,Finance cost,Expense,CC-200,SYS-BATCH,System,Interest on borrowings,311387.55,0.0,Not required,
JE1054900,2,2025-04-09,2025-04-09,2310,Interest accrued but not due,Liability,CC-200,SYS-BATCH,System,Interest on borrowings,0.0,311387.55,Not required,
JE1055116,1,2025-04-09,2025-04-06,1200,Trade receivables,Asset,CC-100,SYS-BATCH,System,Sales invoice raised,550739.79,0.0,Approved,A001
JE1055116,2,2025-04-09,2025-04-06,4100,Revenue - product sales,Income,CC-100,SYS-BATCH,System,Sales invoice raised,0.0,550739.79,Approved,A001
JE1055707,1,2025-04-09,2025-04-08,2100,Trade payables,Liability,CC-500,SYS-BATCH,System,TDS deducted on payment,7521.58,0.0,Not required,
JE1055707,2,2025-04-09,2025-04-08,2210,TDS payable,Liability,CC-500,SYS-BATCH,System,TDS deducted on payment,0.0,7521.58,Not required,
JE1055862,1,2025-04-09,2025-04-09,1200,Trade receivables,Asset,CC-400,SYS-BATCH,System,Sales invoice raised,710825.78,0.0,Approved,A001
JE1055862,2,2025-04-09,2025-04-09,4100,Revenue - product sales,Income,CC-400,SYS-BATCH,System,Sales invoice raised,0.0,710825.78,Approved,A001
JE1055912,1,2025-04-09,2025-04-08,5100,Cost of materials consumed,Expense,CC-300,SYS-BATCH,System,Purchase of raw material,694414.22,0.0,Approved,A002
JE1055912,2,2025-04-09,2025-04-08,2100,Trade payables,Liability,CC-300,SYS-BATCH,System,Purchase of raw material,0.0,694414.22,Approved,A002
JE1056007,1,2025-04-09,2025-04-09,2100,Trade payables,Liability,CC-200,U004,Manual,Supplier payment,260434.66,0.0,Not required,
JE1056007,2,2025-04-09,2025-04-09,1110,Bank - current account,Asset,CC-200,U004,Manual,Supplier payment,0.0,260434.66,Not required,
JE1056090,1,2025-04-09,2025-04-09,5100,Cost of materials consumed,Expense,CC-400,SYS-BATCH,System,Purchase of raw material,135623.96,0.0,Not required,
JE1056090,2,2025-04-09,2025-04-09,2100,Trade payables,Liability,CC-400,SYS-BATCH,System,Purchase of raw material,0.0,135623.96,Not required,
JE1056355,1,2025-04-09,2025-04-09,5100,Cost of materials consumed,Expense,CC-400,SYS-BATCH,System,Purchase of raw material,164941.73,0.0,Not required,
JE1056355,2,2025-04-09,2025-04-09,2100,Trade payables,Liability,CC-400,SYS-BATCH,System,Purchase of raw material,0.0,164941.73,Not required,
JE1056408,1,2025-04-09,2025-04-09,5360,Insurance,Expense,CC-100,SYS-BATCH,System,Insurance premium,124012.09,0.0,Not required,
JE1056408,2,2025-04-09,2025-04-09,1400,Prepaid expenses,Asset,CC-100,SYS-BATCH,System,Insurance premium,0.0,124012.09,Not required,
JE1056675,1,2025-04-09,2025-04-09,1110,Bank - current account,Asset,CC-500,SYS-BATCH,System,Customer receipt,449374.72,0.0,Not required,
JE1056675,2,2025-04-09,2025-04-09,1200,Trade receivables,Asset,CC-500,SYS-BATCH,System,Customer receipt,0.0,449374.72,Not required,
JE1056929,1,2025-04-09,2025-04-09,5330,Travel and conveyance,Expense,CC-300,SYS-BATCH,System,Travel reimbursement,41933.73,0.0,Not required,
JE1056929,2,2025-04-09,2025-04-09,1110,Bank - current account,Asset,CC-300,SYS-BATCH,System,Travel reimbursement,0.0,41933.73,Not required,
JE1057526,1,2025-04-09,2025-04-09,5320,Repairs and maintenance,Expense,CC-200,U003,Manual,Repairs and upkeep,62857.24,0.0,Not required,
JE1057526,2,2025-04-09,2025-04-09,2100,Trade payables,Liability,CC-200,U003,Manual,Repairs and upkeep,0.0,62857.24,Not required,
JE1058065,1,2025-04-09,2025-04-09,1110,Bank - current account,Asset,CC-500,SYS-BATCH,System,Customer receipt,515993.97,0.0,Approved,A001
JE1058065,2,2025-04-09,2025-04-09,1200,Trade receivables,Asset,CC-500,SYS-BATCH,System,Customer receipt,0.0,515993.97,Approved,A001
JE1058512,1,2025-04-09,2025-04-06,1200,Trade receivables,Asset,CC-400,SYS-BATCH,System,GST output booked,144916.52,0.0,Not required,
JE1058512,2,2025-04-09,2025-04-06,2200,Output GST payable,Liability,CC-400,SYS-BATCH,System,GST output booked,0.0,144916.52,Not required,
JE1058623,1,2025-04-09,2025-04-09,1200,Trade receivables,Asset,CC-300,SYS-BATCH,System,Sales invoice raised,416957.15,0.0,Not required,
JE1058623,2,2025-04-09,2025-04-09,4100,Revenue - product sales,Income,CC-300,SYS-BATCH,System,Sales invoice raised,0.0,416957.15,Not required,
JE1058841,1,2025-04-09,2025-04-07,1200,Trade receivables,Asset,CC-600,SYS-BATCH,System,Service invoice raised,300579.02,0.0,Not required,
JE1058841,2,2025-04-09,2025-04-07,4110,Revenue - service income,Income,CC-600,SYS-BATCH,System,Service invoice raised,0.0,300579.02,Not required,
JE1059308,1,2025-04-09,2025-04-06,2100,Trade payables,Liability,CC-100,SYS-BATCH,System,TDS deducted on payment,38936.09,0.0,Not required,
JE1059308,2,2025-04-09,2025-04-06,2210,TDS payable,Liability,CC-100,SYS-BATCH,System,TDS deducted on payment,0.0,38936.09,Not required,
JE1059403,1,2025-04-09,2025-04-09,5200,Employee benefit expense,Expense,CC-200,SYS-BATCH,System,Payroll for the month,605929.27,0.0,Approved,A002
JE1059403,2,2025-04-09,2025-04-09,2120,Provision for employee benefits,Liability,CC-200,SYS-BATCH,System,Payroll for the month,0.0,605929.27,Approved,A002
JE1059506,1,2025-04-09,2025-04-08,2100,Trade payables,Liability,CC-200,U013,Manual,Supplier payment,447395.74,0.0,Not required,
JE1059506,2,2025-04-09,2025-04-08,1110,Bank - current account,Asset,CC-200,U013,Manual,Supplier payment,0.0,447395.74,Not required,
JE1059644,1,2025-04-09,2025-04-06,5340,Legal and professional fees,Expense,CC-400,SYS-BATCH,System,Professional fees billed,336588.9,0.0,Not required,
JE1059644,2,2025-04-09,2025-04-06,2100,Trade payables,Liability,CC-400,SYS-BATCH,System,Professional fees billed,0.0,336588.9,Not required,
JE1060139,1,2025-04-09,2025-04-09,1110,Bank - current account,Asset,CC-600,SYS-BATCH,System,Customer receipt,445413.03,0.0,Not required,
JE1060139,2,2025-04-09,2025-04-09,1200,Trade receivables,Asset,CC-600,SYS-BATCH,System,Customer receipt,0.0,445413.03,Not required,
JE1060303,1,2025-04-09,2025-04-07,2100,Trade payables,Liability,CC-200,SYS-BATCH,System,Supplier payment,217949.17,0.0,Not required,
JE1060303,2,2025-04-09,2025-04-07,1110,Bank - current account,Asset,CC-200,SYS-BATCH,System,Supplier payment,0.0,217949.17,Not required,
JE1060500,1,2025-04-09,2025-04-09,1600,Input GST receivable,Asset,CC-300,SYS-BATCH,System,GST input booked,37272.66,0.0,Not required,
JE1060500,2,2025-04-09,2025-04-09,2100,Trade payables,Liability,CC-300,SYS-BATCH,System,GST input booked,0.0,37272.66,Not required,
JE1060710,1,2025-04-09,2025-04-09,5310,Power and fuel,Expense,CC-400,SYS-BATCH,System,Electricity charges,135232.81,0.0,Not required,
JE1060710,2,2025-04-09,2025-04-09,2110,Accrued expenses,Liability,CC-400,SYS-BATCH,System,Electricity charges,0.0,135232.81,Not required,
JE1060829,1,2025-04-09,2025-04-06,2100,Trade payables,Liability,CC-300,SYS-BATCH,System,TDS deducted on payment,17817.94,0.0,Not required,
JE1060829,2,2025-04-09,2025-04-06,2210,TDS payable,Liability,CC-300,SYS-BATCH,System,TDS deducted on payment,0.0,17817.94,Not required,
JE1060895,1,2025-04-09,2025-04-06,5100,Cost of materials consumed,Expense,CC-200,U007,Manual,Purchase of raw material,399975.07,0.0,Not required,
JE1060895,2,2025-04-09,2025-04-06,2100,Trade payables,Liability,CC-200,U007,Manual,Purchase of raw material,0.0,399975.07,Not required,
JE1060909,1,2025-04-09,2025-04-08,5340,Legal and professional fees,Expense,CC-400,U008,Manual,Professional fees billed,321772.42,0.0,Not required,
JE1060909,2,2025-04-09,2025-04-08,2100,Trade payables,Liability,CC-400,U008,Manual,Professional fees billed,0.0,321772.42,Not required,
JE1060913,1,2025-04-09,2025-04-09,1200,Trade receivables,Asset,CC-200,SYS-BATCH,System,Sales invoice raised,311747.07,0.0,Not required,
JE1060913,2,2025-04-09,2025-04-09,4100,Revenue - product sales,Income,CC-200,SYS-BATCH,System,Sales invoice raised,0.0,311747.07,Not required,
JE1061262,1,2025-04-09,2025-04-09,5360,Insurance,Expense,CC-200,SYS-BATCH,System,Insurance premium,263181.25,0.0,Not required,
JE1061262,2,2025-04-09,2025-04-09,1400,Prepaid expenses,Asset,CC-200,SYS-BATCH,System,Insurance premium,0.0,263181.25,Not required,
JE1061485,1,2025-04-09,2025-04-08,1110,Bank - current account,Asset,CC-300,SYS-BATCH,System,Customer receipt,459760.05,0.0,Not required,
JE1061485,2,2025-04-09,2025-04-08,1200,Trade receivables,Asset,CC-300,SYS-BATCH,System,Customer receipt,0.0,459760.05,Not required,
JE1061717,1,2025-04-09,2025-04-09,5200,Employee benefit expense,Expense,CC-500,SYS-BATCH,System,Payroll for the month,537846.48,0.0,Approved,A001
JE1061717,2,2025-04-09,2025-04-09,2120,Provision for employee benefits,Liability,CC-500,SYS-BATCH,System,Payroll for the month,0.0,537846.48,Approved,A001
JE1061867,1,2025-04-09,2025-04-09,5100,Cost of materials consumed,Expense,CC-300,SYS-BATCH,System,Purchase of raw material,643253.59,0.0,Approved,A002
JE1061867,2,2025-04-09,2025-04-09,2100,Trade payables,Liability,CC-300,SYS-BATCH,System,Purchase of raw material,0.0,643253.59,Approved,A002
JE1062030,1,2025-04-09,2025-04-08,5360,Insurance,Expense,CC-300,SYS-BATCH,System,Insurance premium,291727.19,0.0,Not required,
JE1062030,2,2025-04-09,2025-04-08,1400,Prepaid expenses,Asset,CC-300,SYS-BATCH,System,Insurance premium,0.0,291727.19,Not required,
JE1062101,1,2025-04-09,2025-04-09,1200,Trade receivables,Asset,CC-300,SYS-BATCH,System,Sales invoice raised,133847.2,0.0,Not required,
JE1062101,2,2025-04-09,2025-04-09,4100,Revenue - product sales,Income,CC-300,SYS-BATCH,System,Sales invoice raised,0.0,133847.2,Not required,
JE1062406,1,2025-04-09,2025-04-08,5200,Employee benefit expense,Expense,CC-400,SYS-BATCH,System,Payroll for the month,2172138.53,0.0,Approved,A001
JE1062406,2,2025-04-09,2025-04-08,2120,Provision for employee benefits,Liability,CC-400,SYS-BATCH,System,Payroll for the month,0.0,2172138.53,Approved,A001
JE1062449,1,2025-04-09,2025-04-09,1600,Input GST receivable,Asset,CC-400,SYS-BATCH,System,GST input booked,29633.67,0.0,Not required,
JE1062449,2,2025-04-09,2025-04-09,2100,Trade payables,Liability,CC-400,SYS-BATCH,System,GST input booked,0.0,29633.67,Not required,
JE1062538,1,2025-04-09,2025-04-09,1200,Trade receivables,Asset,CC-200,SYS-BATCH,System,Sales invoice raised,174961.07,0.0,Not required,
JE1062538,2,2025-04-09,2025-04-09,4100,Revenue - product sales,Income,CC-200,SYS-BATCH,System,Sales invoice raised,0.0,174961.07,Not required,
JE1062842,1,2025-04-09,2025-04-09,5350,Advertisement and marketing,Expense,CC-600,U011,Manual,Marketing spend,41946.31,0.0,Not required,
JE1062842,2,2025-04-09,2025-04-09,2100,Trade payables,Liability,CC-600,U011,Manual,Marketing spend,0.0,41946.31,Not required,
JE1063493,1,2025-04-09,2025-04-09,1110,Bank - current account,Asset,CC-500,SYS-BATCH,System,Customer receipt,638892.16,0.0,Approved,A002
JE1063493,2,2025-04-09,2025-04-09,1200,Trade receivables,Asset,CC-500,SYS-BATCH,System,Customer receipt,0.0,638892.16,Approved,A002
JE1063550,1,2025-04-09,2025-04-06,5100,Cost of materials consumed,Expense,CC-100,SYS-BATCH,System,Purchase of raw material,47463.4,0.0,Not required,
JE1063550,2,2025-04-09,2025-04-06,2100,Trade payables,Liability,CC-100,SYS-BATCH,System,Purchase of raw material,0.0,47463.4,Not required,
JE1063584,1,2025-04-09,2025-04-09,5100,Cost of materials consumed,Expense,CC-600,SYS-BATCH,System,Purchase of raw material,437441.8,0.0,Not required,
JE1063584,2,2025-04-09,2025-04-09,2100,Trade payables,Liability,CC-600,SYS-BATCH,System,Purchase of raw material,0.0,437441.8,Not required,
JE1063684,1,2025-04-09,2025-04-07,5100,Cost of materials consumed,Expense,CC-100,SYS-BATCH,System,Purchase of raw material,451333.97,0.0,Not required,
JE1063684,2,2025-04-09,2025-04-07,2100,Trade payables,Liability,CC-100,SYS-BATCH,System,Purchase of raw material,0.0,451333.97,Not required,
JE1063977,1,2025-04-09,2025-04-09,1200,Trade receivables,Asset,CC-100,U013,Manual,Sales invoice raised,470111.79,0.0,Not required,
JE1063977,2,2025-04-09,2025-04-09,4100,Revenue - product sales,Income,CC-100,U013,Manual,Sales invoice raised,0.0,470111.79,Not required,
JE1064364,1,2025-04-09,2025-04-09,5400,Depreciation and amortisation,Expense,CC-500,SYS-BATCH,System,Depreciation charge,222891.43,0.0,Not required,
JE1064364,2,2025-04-09,2025-04-09,1510,Accumulated depreciation,Asset,CC-500,SYS-BATCH,System,Depreciation charge,0.0,222891.43,Not required,
JE1065124,1,2025-04-09,2025-04-08,1110,Bank - current account,Asset,CC-600,SYS-BATCH,System,Customer receipt,38515.56,0.0,Not required,
JE1065124,2,2025-04-09,2025-04-08,1200,Trade receivables,Asset,CC-600,SYS-BATCH,System,Customer receipt,0.0,38515.56,Not required,
JE1065162,1,2025-04-09,2025-04-09,2100,Trade payables,Liability,CC-600,U009,Manual,Supplier payment,623504.67,0.0,Approved,A002
JE1065162,2,2025-04-09,2025-04-09,1110,Bank - current account,Asset,CC-600,U009,Manual,Supplier payment,0.0,623504.67,Approved,A002
JE1065470,1,2025-04-09,2025-04-08,1110,Bank - current account,Asset,CC-200,SYS-BATCH,System,Customer receipt,299587.18,0.0,Not required,
JE1065470,2,2025-04-09,2025-04-08,1200,Trade receivables,Asset,CC-200,SYS-BATCH,System,Customer receipt,0.0,299587.18,Not required,
JE1066055,1,2025-04-09,2025-04-07,5100,Cost of materials consumed,Expense,CC-400,SYS-BATCH,System,Purchase of raw material,692707.32,0.0,Approved,A002
JE1066055,2,2025-04-09,2025-04-07,2100,Trade payables,Liability,CC-400,SYS-BATCH,System,Purchase of raw material,0.0,692707.32,Approved,A002
JE1066068,1,2025-04-09,2025-04-09,1200,Trade receivables,Asset,CC-300,SYS-BATCH,System,Sales invoice raised,174531.34,0.0,Not required,
JE1066068,2,2025-04-09,2025-04-09,4100,Revenue - product sales,Income,CC-300,SYS-BATCH,System,Sales invoice raised,0.0,174531.34,Not required,
JE1066272,1,2025-04-09,2025-04-09,5330,Travel and conveyance,Expense,CC-300,SYS-BATCH,System,Travel reimbursement,68924.65,0.0,Not required,
JE1066272,2,2025-04-09,2025-04-09,1110,Bank - current account,Asset,CC-300,SYS-BATCH,System,Travel reimbursement,0.0,68924.65,Not required,
JE1066277,1,2025-04-09,2025-04-09,1200,Trade receivables,Asset,CC-300,SYS-BATCH,System,Sales invoice raised,115742.1,0.0,Not required,
JE1066277,2,2025-04-09,2025-04-09,4100,Revenue - product sales,Income,CC-300,SYS-BATCH,System,Sales invoice raised,0.0,115742.1,Not required,
JE1066322,1,2025-04-09,2025-04-07,1200,Trade receivables,Asset,CC-300,SYS-BATCH,System,Sales invoice raised,580633.96,0.0,Approved,A002
JE1066322,2,2025-04-09,2025-04-07,4100,Revenue - product sales,Income,CC-300,SYS-BATCH,System,Sales invoice raised,0.0,580633.96,Approved,A002
JE1066383,1,2025-04-09,2025-04-08,5100,Cost of materials consumed,Expense,CC-300,U019,Manual,Purchase of raw material,49613.15,0.0,Not required,
JE1066383,2,2025-04-09,2025-04-08,2100,Trade payables,Liability,CC-300,U019,Manual,Purchase of raw material,0.0,49613.15,Not required,
JE1067073,1,2025-04-09,2025-04-09,1200,Trade receivables,Asset,CC-100,SYS-BATCH,System,Sales invoice raised,69493.77,0.0,Not required,
JE1067073,2,2025-04-09,2025-04-09,4100,Revenue - product sales,Income,CC-100,SYS-BATCH,System,Sales invoice raised,0.0,69493.77,Not required,
JE1067216,1,2025-04-09,2025-04-09,1110,Bank - current account,Asset,CC-500,SYS-BATCH,System,Customer receipt,753055.86,0.0,Approved,A003
JE1067216,2,2025-04-09,2025-04-09,1200,Trade receivables,Asset,CC-500,SYS-BATCH,System,Customer receipt,0.0,753055.86,Approved,A003
JE1067377,1,2025-04-09,2025-04-07,5100,Cost of materials consumed,Expense,CC-600,SYS-BATCH,System,Purchase of raw material,346113.71,0.0,Not required,
JE1067377,2,2025-04-09,2025-04-07,2100,Trade payables,Liability,CC-600,SYS-BATCH,System,Purchase of raw material,0.0,346113.71,Not required,
JE1067504,1,2025-04-09,2025-04-09,5330,Travel and conveyance,Expense,CC-500,SYS-BATCH,System,Travel reimbursement,57125.58,0.0,Not required,
JE1067504,2,2025-04-09,2025-04-09,1110,Bank - current account,Asset,CC-500,SYS-BATCH,System,Travel reimbursement,0.0,57125.58,Not required,
JE1067751,1,2025-04-09,2025-04-09,5100,Cost of materials consumed,Expense,CC-500,SYS-BATCH,System,Purchase of raw material,338112.67,0.0,Not required,
JE1067751,2,2025-04-09,2025-04-09,2100,Trade payables,Liability,CC-500,SYS-BATCH,System,Purchase of raw material,0.0,338112.67,Not required,
JE1068424,1,2025-04-09,2025-04-08,5500,Finance cost,Expense,CC-500,U013,Manual,Interest on borrowings,358347.66,0.0,Not required,
JE1068424,2,2025-04-09,2025-04-08,2310,Interest accrued but not due,Liability,CC-500,U013,Manual,Interest on borrowings,0.0,358347.66,Not required,
JE1068672,1,2025-04-09,2025-04-07,5300,Rent expense,Expense,CC-600,SYS-BATCH,System,Rent for the period,421017.74,0.0,Not required,
JE1068672,2,2025-04-09,2025-04-07,2110,Accrued expenses,Liability,CC-600,SYS-BATCH,System,Rent for the period,0.0,421017.74,Not required,
JE1068723,1,2025-04-09,2025-04-08,1200,Trade receivables,Asset,CC-500,SYS-BATCH,System,GST output booked,127318.29,0.0,Not required,
JE1068723,2,2025-04-09,2025-04-08,2200,Output GST payable,Liability,CC-500,SYS-BATCH,System,GST output booked,0.0,127318.29,Not required,
JE1068744,1,2025-04-09,2025-04-09,1110,Bank - current account,Asset,CC-200,SYS-BATCH,System,Customer receipt,320212.04,0.0,Not required,
JE1068744,2,2025-04-09,2025-04-09,1200,Trade receivables,Asset,CC-200,SYS-BATCH,System,Customer receipt,0.0,320212.04,Not required,
JE1069190,1,2025-04-09,2025-04-09,5100,Cost of materials consumed,Expense,CC-400,SYS-BATCH,System,Purchase of raw material,14576.27,0.0,Not required,
JE1069190,2,2025-04-09,2025-04-09,2100,Trade payables,Liability,CC-400,SYS-BATCH,System,Purchase of raw material,0.0,14576.27,Not required,
JE1069502,1,2025-04-09,2025-04-07,1110,Bank - current account,Asset,CC-100,SYS-BATCH,System,Customer receipt,583004.51,0.0,Approved,A003
JE1069502,2,2025-04-09,2025-04-07,1200,Trade receivables,Asset,CC-100,SYS-BATCH,System,Customer receipt,0.0,583004.51,Approved,A003
JE1069543,1,2025-04-09,2025-04-06,2100,Trade payables,Liability,CC-200,SYS-BATCH,System,Supplier payment,323161.11,0.0,Not required,
JE1069543,2,2025-04-09,2025-04-06,1110,Bank - current account,Asset,CC-200,SYS-BATCH,System,Supplier payment,0.0,323161.11,Not required,
JE1069748,1,2025-04-09,2025-04-08,5210,Contract staff cost,Expense,CC-400,SYS-BATCH,System,Contract staff billing,82587.82,0.0,Not required,
JE1069748,2,2025-04-09,2025-04-08,2100,Trade payables,Liability,CC-400,SYS-BATCH,System,Contract staff billing,0.0,82587.82,Not required,
JE1069807,1,2025-04-09,2025-04-09,1110,Bank - current account,Asset,CC-600,SYS-BATCH,System,Customer receipt,594304.04,0.0,Approved,A002
JE1069807,2,2025-04-09,2025-04-09,1200,Trade receivables,Asset,CC-600,SYS-BATCH,System,Customer receipt,0.0,594304.04,Approved,A002
JE1069809,1,2025-04-09,2025-04-09,1410,Advance to suppliers,Asset,CC-300,SYS-BATCH,System,Advance to supplier,150614.07,0.0,Not required,
JE1069809,2,2025-04-09,2025-04-09,1110,Bank - current account,Asset,CC-300,SYS-BATCH,System,Advance to supplier,0.0,150614.07,Not required,
JE1069819,1,2025-04-09,2025-04-08,5370,Communication expense,Expense,CC-200,SYS-BATCH,System,Telephone and internet,58684.01,0.0,Not required,
JE1069819,2,2025-04-09,2025-04-08,2110,Accrued expenses,Liability,CC-200,SYS-BATCH,System,Telephone and internet,0.0,58684.01,Not required,
JE1070062,1,2025-04-09,2025-04-06,1200,Trade receivables,Asset,CC-300,SYS-BATCH,System,Service invoice raised,252956.04,0.0,Not required,
JE1070062,2,2025-04-09,2025-04-06,4110,Revenue - service income,Income,CC-300,SYS-BATCH,System,Service invoice raised,0.0,252956.04,Not required,
JE1070553,1,2025-04-09,2025-04-08,1110,Bank - current account,Asset,CC-100,SYS-BATCH,System,Customer receipt,885215.93,0.0,Approved,A002
JE1070553,2,2025-04-09,2025-04-08,1200,Trade receivables,Asset,CC-100,SYS-BATCH,System,Customer receipt,0.0,885215.93,Approved,A002
JE1071135,1,2025-04-09,2025-04-09,5100,Cost of materials consumed,Expense,CC-100,SYS-BATCH,System,Purchase of raw material,238769.51,0.0,Not required,
JE1071135,2,2025-04-09,2025-04-09,2100,Trade payables,Liability,CC-100,SYS-BATCH,System,Purchase of raw material,0.0,238769.51,Not required,
JE1071451,1,2025-04-09,2025-04-06,1200,Trade receivables,Asset,CC-600,SYS-BATCH,System,Sales invoice raised,573375.64,0.0,Approved,A001
JE1071451,2,2025-04-09,2025-04-06,4100,Revenue - product sales,Income,CC-600,SYS-BATCH,System,Sales invoice raised,0.0,573375.64,Approved,A001
JE1071582,1,2025-04-09,2025-04-08,1200,Trade receivables,Asset,CC-400,SYS-BATCH,System,GST output booked,44090.2,0.0,Not required,
JE1071582,2,2025-04-09,2025-04-08,2200,Output GST payable,Liability,CC-400,SYS-BATCH,System,GST output booked,0.0,44090.2,Not required,
JE1071901,1,2025-04-09,2025-04-08,5350,Advertisement and marketing,Expense,CC-600,SYS-BATCH,System,Marketing spend,333494.55,0.0,Not required,
JE1071901,2,2025-04-09,2025-04-08,2100,Trade payables,Liability,CC-600,SYS-BATCH,System,Marketing spend,0.0,333494.55,Not required,
JE1072063,1,2025-04-09,2025-04-08,5310,Power and fuel,Expense,CC-400,U010,Manual,Electricity charges,133084.54,0.0,Not required,
JE1072063,2,2025-04-09,2025-04-08,2110,Accrued expenses,Liability,CC-400,U010,Manual,Electricity charges,0.0,133084.54,Not required,
JE1072572,1,2025-04-09,2025-04-09,1110,Bank - current account,Asset,CC-200,U003,Manual,Customer receipt,738045.64,0.0,Approved,A003
JE1072572,2,2025-04-09,2025-04-09,1200,Trade receivables,Asset,CC-200,U003,Manual,Customer receipt,0.0,738045.64,Approved,A003
JE1072788,1,2025-04-09,2025-04-08,1110,Bank - current account,Asset,CC-400,SYS-BATCH,System,Customer receipt,488297.03,0.0,Not required,
JE1072788,2,2025-04-09,2025-04-08,1200,Trade receivables,Asset,CC-400,SYS-BATCH,System,Customer receipt,0.0,488297.03,Not required,
JE1073107,1,2025-04-09,2025-04-07,1200,Trade receivables,Asset,CC-200,SYS-BATCH,System,Sales invoice raised,207993.35,0.0,Not required,
JE1073107,2,2025-04-09,2025-04-07,4100,Revenue - product sales,Income,CC-200,SYS-BATCH,System,Sales invoice raised,0.0,207993.35,Not required,
JE1073165,1,2025-04-09,2025-04-08,1200,Trade receivables,Asset,CC-500,SYS-BATCH,System,Service invoice raised,156092.03,0.0,Not required,
JE1073165,2,2025-04-09,2025-04-08,4110,Revenue - service income,Income,CC-500,SYS-BATCH,System,Service invoice raised,0.0,156092.03,Not required,
JE1073201,1,2025-04-09,2025-04-09,1110,Bank - current account,Asset,CC-400,SYS-BATCH,System,Customer receipt,377877.12,0.0,Not required,
JE1073201,2,2025-04-09,2025-04-09,1200,Trade receivables,Asset,CC-400,SYS-BATCH,System,Customer receipt,0.0,377877.12,Not required,
JE1073807,1,2025-04-09,2025-04-09,5100,Cost of materials consumed,Expense,CC-500,SYS-BATCH,System,Purchase of raw material,531225.19,0.0,Approved,A002
JE1073807,2,2025-04-09,2025-04-09,2100,Trade payables,Liability,CC-500,SYS-BATCH,System,Purchase of raw material,0.0,531225.19,Approved,A002
JE1073999,1,2025-04-09,2025-04-08,2100,Trade payables,Liability,CC-200,SYS-BATCH,System,Supplier payment,421251.31,0.0,Not required,
JE1073999,2,2025-04-09,2025-04-08,1110,Bank - current account,Asset,CC-200,SYS-BATCH,System,Supplier payment,0.0,421251.31,Not required,
JE1074017,1,2025-04-09,2025-04-09,5200,Employee benefit expense,Expense,CC-300,U006,Manual,Payroll for the month,2164196.73,0.0,Approved,A001
JE1074017,2,2025-04-09,2025-04-09,2120,Provision for employee benefits,Liability,CC-300,U006,Manual,Payroll for the month,0.0,2164196.73,Approved,A001
JE1074022,1,2025-04-09,2025-04-06,1200,Trade receivables,Asset,CC-500,SYS-BATCH,System,Sales invoice raised,70680.21,0.0,Not required,
JE1074022,2,2025-04-09,2025-04-06,4100,Revenue - product sales,Income,CC-500,SYS-BATCH,System,Sales invoice raised,0.0,70680.21,Not required,
JE1074361,1,2025-04-09,2025-04-09,5400,Depreciation and amortisation,Expense,CC-200,SYS-BATCH,System,Depreciation charge,558700.43,0.0,Approved,A001
JE1074361,2,2025-04-09,2025-04-09,1510,Accumulated depreciation,Asset,CC-200,SYS-BATCH,System,Depreciation charge,0.0,558700.43,Approved,A001
JE1074718,1,2025-04-09,2025-04-08,1410,Advance to suppliers,Asset,CC-100,SYS-BATCH,System,Advance to supplier,78589.82,0.0,Not required,
JE1074718,2,2025-04-09,2025-04-08,1110,Bank - current account,Asset,CC-100,SYS-BATCH,System,Advance to supplier,0.0,78589.82,Not required,
JE1074966,1,2025-04-09,2025-04-08,1200,Trade receivables,Asset,CC-300,SYS-BATCH,System,Sales invoice raised,185483.55,0.0,Not required,
JE1074966,2,2025-04-09,2025-04-08,4100,Revenue - product sales,Income,CC-300,SYS-BATCH,System,Sales invoice raised,0.0,185483.55,Not required,
JE1075046,1,2025-04-09,2025-04-08,5310,Power and fuel,Expense,CC-100,SYS-BATCH,System,Electricity charges,146421.05,0.0,Not required,
JE1075046,2,2025-04-09,2025-04-08,2110,Accrued expenses,Liability,CC-100,SYS-BATCH,System,Electricity charges,0.0,146421.05,Not required,
JE1075221,1,2025-04-09,2025-04-09,1110,Bank - current account,Asset,CC-300,SYS-BATCH,System,Customer receipt,299099.2,0.0,Not required,
JE1075221,2,2025-04-09,2025-04-09,1200,Trade receivables,Asset,CC-300,SYS-BATCH,System,Customer receipt,0.0,299099.2,Not required,
JE1075316,1,2025-04-09,2025-04-06,5210,Contract staff cost,Expense,CC-100,U019,Manual,Contract staff billing,44864.0,0.0,Not required,
JE1075316,2,2025-04-09,2025-04-06,2100,Trade payables,Liability,CC-100,U019,Manual,Contract staff billing,0.0,44864.0,Not required,
JE1075398,1,2025-04-09,2025-04-09,5200,Employee benefit expense,Expense,CC-200,U009,Manual,Payroll for the month,460949.6,0.0,Not required,
JE1075398,2,2025-04-09,2025-04-09,2120,Provision for employee benefits,Liability,CC-200,U009,Manual,Payroll for the month,0.0,460949.6,Not required,
JE1075629,1,2025-04-09,2025-04-09,1200,Trade receivables,Asset,CC-500,SYS-BATCH,System,Sales invoice raised,538710.4,0.0,Approved,A002
JE1075629,2,2025-04-09,2025-04-09,4100,Revenue - product sales,Income,CC-500,SYS-BATCH,System,Sales invoice raised,0.0,538710.4,Approved,A002
JE1075803,1,2025-04-09,2025-04-09,5320,Repairs and maintenance,Expense,CC-300,SYS-BATCH,System,Repairs and upkeep,77524.56,0.0,Not required,
JE1075803,2,2025-04-09,2025-04-09,2100,Trade payables,Liability,CC-300,SYS-BATCH,System,Repairs and upkeep,0.0,77524.56,Not required,
JE1075974,1,2025-04-09,2025-04-09,5320,Repairs and maintenance,Expense,CC-100,U010,Manual,Repairs and upkeep,142234.37,0.0,Not required,
JE1075974,2,2025-04-09,2025-04-09,2100,Trade payables,Liability,CC-100,U010,Manual,Repairs and upkeep,0.0,142234.37,Not required,
JE1076072,1,2025-04-09,2025-04-09,1200,Trade receivables,Asset,CC-300,SYS-BATCH,System,GST output booked,68718.18,0.0,Not required,
JE1076072,2,2025-04-09,2025-04-09,2200,Output GST payable,Liability,CC-300,SYS-BATCH,System,GST output booked,0.0,68718.18,Not required,
JE1076224,1,2025-04-09,2025-04-07,5370,Communication expense,Expense,CC-600,SYS-BATCH,System,Telephone and internet,20654.02,0.0,Not required,
JE1076224,2,2025-04-09,2025-04-07,2110,Accrued expenses,Liability,CC-600,SYS-BATCH,System,Telephone and internet,0.0,20654.02,Not required,
JE1076317,1,2025-04-09,2025-04-08,5100,Cost of materials consumed,Expense,CC-100,SYS-BATCH,System,Purchase of raw material,150811.51,0.0,Not required,
JE1076317,2,2025-04-09,2025-04-08,2100,Trade payables,Liability,CC-100,SYS-BATCH,System,Purchase of raw material,0.0,150811.51,Not required,
JE1076628,1,2025-04-09,2025-04-09,1110,Bank - current account,Asset,CC-200,U021,Manual,Customer receipt,830913.87,0.0,Approved,A002
JE1076628,2,2025-04-09,2025-04-09,1200,Trade receivables,Asset,CC-200,U021,Manual,Customer receipt,0.0,830913.87,Approved,A002
JE1076675,1,2025-04-09,2025-04-07,1200,Trade receivables,Asset,CC-200,U011,Manual,Service invoice raised,500177.96,0.0,Approved,A002
JE1076675,2,2025-04-09,2025-04-07,4110,Revenue - service income,Income,CC-200,U011,Manual,Service invoice raised,0.0,500177.96,Approved,A002
JE1076677,1,2025-04-09,2025-04-08,5100,Cost of materials consumed,Expense,CC-300,SYS-BATCH,System,Purchase of raw material,86252.84,0.0,Not required,
JE1076677,2,2025-04-09,2025-04-08,2100,Trade payables,Liability,CC-300,SYS-BATCH,System,Purchase of raw material,0.0,86252.84,Not required,
JE1076784,1,2025-04-09,2025-04-07,1600,Input GST receivable,Asset,CC-300,SYS-BATCH,System,GST input booked,96324.48,0.0,Not required,
JE1076784,2,2025-04-09,2025-04-07,2100,Trade payables,Liability,CC-300,SYS-BATCH,System,GST input booked,0.0,96324.48,Not required,
JE1076837,1,2025-04-09,2025-04-09,1200,Trade receivables,Asset,CC-400,SYS-BATCH,System,Sales invoice raised,718089.54,0.0,Approved,A001
JE1076837,2,2025-04-09,2025-04-09,4100,Revenue - product sales,Income,CC-400,SYS-BATCH,System,Sales invoice raised,0.0,718089.54,Approved,A001
JE1077033,1,2025-04-09,2025-04-09,1200,Trade receivables,Asset,CC-400,SYS-BATCH,System,Sales invoice raised,435779.43,0.0,Not required,
JE1077033,2,2025-04-09,2025-04-09,4100,Revenue - product sales,Income,CC-400,SYS-BATCH,System,Sales invoice raised,0.0,435779.43,Not required,
JE1077493,1,2025-04-09,2025-04-09,5330,Travel and conveyance,Expense,CC-200,U009,Manual,Travel reimbursement,6162.02,0.0,Not required,
JE1077493,2,2025-04-09,2025-04-09,1110,Bank - current account,Asset,CC-200,U009,Manual,Travel reimbursement,0.0,6162.02,Not required,
JE1077656,1,2025-04-09,2025-04-06,1600,Input GST receivable,Asset,CC-300,SYS-BATCH,System,GST input booked,107750.81,0.0,Not required,
JE1077656,2,2025-04-09,2025-04-06,2100,Trade payables,Liability,CC-300,SYS-BATCH,System,GST input booked,0.0,107750.81,Not required,
JE1077914,1,2025-04-09,2025-04-06,5400,Depreciation and amortisation,Expense,CC-400,SYS-BATCH,System,Depreciation charge,617286.49,0.0,Approved,A002
JE1077914,2,2025-04-09,2025-04-06,1510,Accumulated depreciation,Asset,CC-400,SYS-BATCH,System,Depreciation charge,0.0,617286.49,Approved,A002
JE1078046,1,2025-04-09,2025-04-08,5200,Employee benefit expense,Expense,CC-600,U018,Manual,Payroll for the month,1080928.81,0.0,Approved,A002
JE1078046,2,2025-04-09,2025-04-08,2120,Provision for employee benefits,Liability,CC-600,U018,Manual,Payroll for the month,0.0,1080928.81,Approved,A002
JE1078134,1,2025-04-09,2025-04-07,1200,Trade receivables,Asset,CC-300,SYS-BATCH,System,Service invoice raised,283057.55,0.0,Not required,
JE1078134,2,2025-04-09,2025-04-07,4110,Revenue - service income,Income,CC-300,SYS-BATCH,System,Service invoice raised,0.0,283057.55,Not required,
JE1078467,1,2025-04-09,2025-04-09,5200,Employee benefit expense,Expense,CC-600,SYS-BATCH,System,Payroll for the month,1856541.91,0.0,Approved,A003
JE1078467,2,2025-04-09,2025-04-09,2120,Provision for employee benefits,Liability,CC-600,SYS-BATCH,System,Payroll for the month,0.0,1856541.91,Approved,A003
JE1078495,1,2025-04-09,2025-04-09,5360,Insurance,Expense,CC-600,U009,Manual,Insurance premium,240699.01,0.0,Not required,
JE1078495,2,2025-04-09,2025-04-09,1400,Prepaid expenses,Asset,CC-600,U009,Manual,Insurance premium,0.0,240699.01,Not required,
JE1078511,1,2025-04-09,2025-04-09,1110,Bank - current account,Asset,CC-200,SYS-BATCH,System,Bank interest credited,54788.6,0.0,Not required,
JE1078511,2,2025-04-09,2025-04-09,4300,Interest income,Income,CC-200,SYS-BATCH,System,Bank interest credited,0.0,54788.6,Not required,
JE1078684,1,2025-04-09,2025-04-09,1200,Trade receivables,Asset,CC-100,SYS-BATCH,System,Sales invoice raised,823615.54,0.0,Approved,A003
JE1078684,2,2025-04-09,2025-04-09,4100,Revenue - product sales,Income,CC-100,SYS-BATCH,System,Sales invoice raised,0.0,823615.54,Approved,A003
JE1078755,1,2025-04-09,2025-04-09,5100,Cost of materials consumed,Expense,CC-100,SYS-BATCH,System,Purchase of raw material,21309.29,0.0,Not required,
JE1078755,2,2025-04-09,2025-04-09,2100,Trade payables,Liability,CC-100,SYS-BATCH,System,Purchase of raw material,0.0,21309.29,Not required,
JE1079046,1,2025-04-09,2025-04-09,1110,Bank - current account,Asset,CC-600,SYS-BATCH,System,Customer receipt,232309.33,0.0,Not required,
JE1079046,2,2025-04-09,2025-04-09,1200,Trade receivables,Asset,CC-600,SYS-BATCH,System,Customer receipt,0.0,232309.33,Not required,
JE1079125,1,2025-04-09,2025-04-06,5340,Legal and professional fees,Expense,CC-300,SYS-BATCH,System,Professional fees billed,394922.71,0.0,Not required,
JE1079125,2,2025-04-09,2025-04-06,2100,Trade payables,Liability,CC-300,SYS-BATCH,System,Professional fees billed,0.0,394922.71,Not required,
JE1079841,1,2025-04-09,2025-04-09,5370,Communication expense,Expense,CC-200,SYS-BATCH,System,Telephone and internet,18488.98,0.0,Not required,
JE1079841,2,2025-04-09,2025-04-09,2110,Accrued expenses,Liability,CC-200,SYS-BATCH,System,Telephone and internet,0.0,18488.98,Not required,
JE1080053,1,2025-04-09,2025-04-09,1200,Trade receivables,Asset,CC-200,U006,Manual,GST output booked,121574.14,0.0,Not required,
JE1080053,2,2025-04-09,2025-04-09,2200,Output GST payable,Liability,CC-200,U006,Manual,GST output booked,0.0,121574.14,Not required,
JE1080477,1,2025-04-09,2025-04-09,1110,Bank - current account,Asset,CC-200,SYS-BATCH,System,Customer receipt,287687.79,0.0,Not required,
JE1080477,2,2025-04-09,2025-04-09,1200,Trade receivables,Asset,CC-200,SYS-BATCH,System,Customer receipt,0.0,287687.79,Not required,
JE1080886,1,2025-04-09,2025-04-09,2100,Trade payables,Liability,CC-400,SYS-BATCH,System,Supplier payment,318983.4,0.0,Not required,
JE1080886,2,2025-04-09,2025-04-09,1110,Bank - current account,Asset,CC-400,SYS-BATCH,System,Supplier payment,0.0,318983.4,Not required,
JE1080949,1,2025-04-09,2025-04-07,5400,Depreciation and amortisation,Expense,CC-600,SYS-BATCH,System,Depreciation charge,463092.52,0.0,Not required,
JE1080949,2,2025-04-09,2025-04-07,1510,Accumulated depreciation,Asset,CC-600,SYS-BATCH,System,Depreciation charge,0.0,463092.52,Not required,
JE1081161,1,2025-04-09,2025-04-08,1200,Trade receivables,Asset,CC-400,SYS-BATCH,System,Sales invoice raised,17255.54,0.0,Not required,
JE1081161,2,2025-04-09,2025-04-08,4100,Revenue - product sales,Income,CC-400,SYS-BATCH,System,Sales invoice raised,0.0,17255.54,Not required,
JE1081342,1,2025-04-09,2025-04-09,5210,Contract staff cost,Expense,CC-200,SYS-BATCH,System,Contract staff billing,88170.28,0.0,Not required,
JE1081342,2,2025-04-09,2025-04-09,2100,Trade payables,Liability,CC-200,SYS-BATCH,System,Contract staff billing,0.0,88170.28,Not required,
JE1081482,1,2025-04-09,2025-04-09,5100,Cost of materials consumed,Expense,CC-200,SYS-BATCH,System,Purchase of raw material,198242.47,0.0,Not required,
JE1081482,2,2025-04-09,2025-04-09,2100,Trade payables,Liability,CC-200,SYS-BATCH,System,Purchase of raw material,0.0,198242.47,Not required,
JE1081545,1,2025-04-09,2025-04-09,1200,Trade receivables,Asset,CC-200,SYS-BATCH,System,Sales invoice raised,460697.67,0.0,Not required,
JE1081545,2,2025-04-09,2025-04-09,4100,Revenue - product sales,Income,CC-200,SYS-BATCH,System,Sales invoice raised,0.0,460697.67,Not required,
JE1082276,1,2025-04-09,2025-04-09,1200,Trade receivables,Asset,CC-600,SYS-BATCH,System,Service invoice raised,384935.42,0.0,Not required,
JE1082276,2,2025-04-09,2025-04-09,4110,Revenue - service income,Income,CC-600,SYS-BATCH,System,Service invoice raised,0.0,384935.42,Not required,
JE1082664,1,2025-04-09,2025-04-09,5100,Cost of materials consumed,Expense,CC-500,SYS-BATCH,System,Purchase of raw material,175852.95,0.0,Not required,
JE1082664,2,2025-04-09,2025-04-09,2100,Trade payables,Liability,CC-500,SYS-BATCH,System,Purchase of raw material,0.0,175852.95,Not required,
JE1082845,1,2025-04-09,2025-04-08,1200,Trade receivables,Asset,CC-600,SYS-BATCH,System,Service invoice raised,513311.48,0.0,Approved,A002
JE1082845,2,2025-04-09,2025-04-08,4110,Revenue - service income,Income,CC-600,SYS-BATCH,System,Service invoice raised,0.0,513311.48,Approved,A002
JE1083084,1,2025-04-09,2025-04-08,5380,Printing and stationery,Expense,CC-200,SYS-BATCH,System,Stationery purchase,33095.7,0.0,Not required,
JE1083084,2,2025-04-09,2025-04-08,2100,Trade payables,Liability,CC-200,SYS-BATCH,System,Stationery purchase,0.0,33095.7,Not required,
JE1083122,1,2025-04-09,2025-04-07,1110,Bank - current account,Asset,CC-100,SYS-BATCH,System,Customer receipt,621301.43,0.0,Approved,A003
JE1083122,2,2025-04-09,2025-04-07,1200,Trade receivables,Asset,CC-100,SYS-BATCH,System,Customer receipt,0.0,621301.43,Approved,A003
JE1083296,1,2025-04-09,2025-04-08,1410,Advance to suppliers,Asset,CC-100,U007,Manual,Advance to supplier,342658.47,0.0,Not required,
JE1083296,2,2025-04-09,2025-04-08,1110,Bank - current account,Asset,CC-100,U007,Manual,Advance to supplier,0.0,342658.47,Not required,
JE1083399,1,2025-04-09,2025-04-08,5350,Advertisement and marketing,Expense,CC-200,SYS-BATCH,System,Marketing spend,372701.3,0.0,Not required,
JE1083399,2,2025-04-09,2025-04-08,2100,Trade payables,Liability,CC-200,SYS-BATCH,System,Marketing spend,0.0,372701.3,Not required,
JE1083459,1,2025-04-09,2025-04-07,1200,Trade receivables,Asset,CC-300,U011,Manual,Service invoice raised,344309.96,0.0,Not required,
JE1083459,2,2025-04-09,2025-04-07,4110,Revenue - service income,Income,CC-300,U011,Manual,Service invoice raised,0.0,344309.96,Not required,
JE1083463,1,2025-04-09,2025-04-08,5100,Cost of materials consumed,Expense,CC-100,U007,Manual,Purchase of raw material,132869.66,0.0,Not required,
JE1083463,2,2025-04-09,2025-04-08,2100,Trade payables,Liability,CC-100,U007,Manual,Purchase of raw material,0.0,132869.66,Not required,
JE1083916,1,2025-04-09,2025-04-09,1410,Advance to suppliers,Asset,CC-400,SYS-BATCH,System,Advance to supplier,394487.68,0.0,Not required,
JE1083916,2,2025-04-09,2025-04-09,1110,Bank - current account,Asset,CC-400,SYS-BATCH,System,Advance to supplier,0.0,394487.68,Not required,
JE1000155,1,2025-04-10,2025-04-07,5100,Cost of materials consumed,Expense,CC-600,SYS-BATCH,System,Purchase of raw material,85541.91,0.0,Not required,
JE1000155,2,2025-04-10,2025-04-07,2100,Trade payables,Liability,CC-600,SYS-BATCH,System,Purchase of raw material,0.0,85541.91,Not required,
JE1000663,1,2025-04-10,2025-04-07,1110,Bank - current account,Asset,CC-500,SYS-BATCH,System,Customer receipt,240629.41,0.0,Not required,
JE1000663,2,2025-04-10,2025-04-07,1200,Trade receivables,Asset,CC-500,SYS-BATCH,System,Customer receipt,0.0,240629.41,Not required,
JE1000739,1,2025-04-10,2025-04-09,5330,Travel and conveyance,Expense,CC-300,SYS-BATCH,System,Travel reimbursement,53557.24,0.0,Not required,
JE1000739,2,2025-04-10,2025-04-09,1110,Bank - current account,Asset,CC-300,SYS-BATCH,System,Travel reimbursement,0.0,53557.24,Not required,
JE1001044,1,2025-04-10,2025-04-10,5320,Repairs and maintenance,Expense,CC-100,SYS-BATCH,System,Repairs and upkeep,133395.25,0.0,Not required,
JE1001044,2,2025-04-10,2025-04-10,2100,Trade payables,Liability,CC-100,SYS-BATCH,System,Repairs and upkeep,0.0,133395.25,Not required,
JE1001195,1,2025-04-10,2025-04-09,5400,Depreciation and amortisation,Expense,CC-200,SYS-BATCH,System,Depreciation charge,1051734.32,0.0,Approved,A003
JE1001195,2,2025-04-10,2025-04-09,1510,Accumulated depreciation,Asset,CC-200,SYS-BATCH,System,Depreciation charge,0.0,1051734.32,Approved,A003
JE1001259,1,2025-04-10,2025-04-07,1200,Trade receivables,Asset,CC-100,SYS-BATCH,System,GST output booked,75149.34,0.0,Not required,
JE1001259,2,2025-04-10,2025-04-07,2200,Output GST payable,Liability,CC-100,SYS-BATCH,System,GST output booked,0.0,75149.34,Not required,
JE1001627,1,2025-04-10,2025-04-07,1110,Bank - current account,Asset,CC-200,U001,Manual,Customer receipt,351024.49,0.0,Not required,
JE1001627,2,2025-04-10,2025-04-07,1200,Trade receivables,Asset,CC-200,U001,Manual,Customer receipt,0.0,351024.49,Not required,
JE1001629,1,2025-04-10,2025-04-10,5100,Cost of materials consumed,Expense,CC-100,SYS-BATCH,System,Purchase of raw material,224566.42,0.0,Not required,
JE1001629,2,2025-04-10,2025-04-10,2100,Trade payables,Liability,CC-100,SYS-BATCH,System,Purchase of raw material,0.0,224566.42,Not required,
JE1001663,1,2025-04-10,2025-04-07,1600,Input GST receivable,Asset,CC-400,SYS-BATCH,System,GST input booked,107833.59,0.0,Not required,
JE1001663,2,2025-04-10,2025-04-07,2100,Trade payables,Liability,CC-400,SYS-BATCH,System,GST input booked,0.0,107833.59,Not required,
JE1002289,1,2025-04-10,2025-04-07,1110,Bank - current account,Asset,CC-300,SYS-BATCH,System,Customer receipt,361383.74,0.0,Not required,
JE1002289,2,2025-04-10,2025-04-07,1200,Trade receivables,Asset,CC-300,SYS-BATCH,System,Customer receipt,0.0,361383.74,Not required,
JE1002453,1,2025-04-10,2025-04-10,5200,Employee benefit expense,Expense,CC-200,U011,Manual,Payroll for the month,1840005.79,0.0,Approved,A002
JE1002453,2,2025-04-10,2025-04-10,2120,Provision for employee benefits,Liability,CC-200,U011,Manual,Payroll for the month,0.0,1840005.79,Approved,A002
JE1002629,1,2025-04-10,2025-04-07,1410,Advance to suppliers,Asset,CC-400,SYS-BATCH,System,Advance to supplier,27752.67,0.0,Not required,
JE1002629,2,2025-04-10,2025-04-07,1110,Bank - current account,Asset,CC-400,SYS-BATCH,System,Advance to supplier,0.0,27752.67,Not required,
JE1002860,1,2025-04-10,2025-04-10,1110,Bank - current account,Asset,CC-100,U014,Manual,Customer receipt,463758.18,0.0,Not required,
JE1002860,2,2025-04-10,2025-04-10,1200,Trade receivables,Asset,CC-100,U014,Manual,Customer receipt,0.0,463758.18,Not required,
JE1003071,1,2025-04-10,2025-04-07,5500,Finance cost,Expense,CC-600,SYS-BATCH,System,Interest on borrowings,189149.16,0.0,Not required,
JE1003071,2,2025-04-10,2025-04-07,2310,Interest accrued but not due,Liability,CC-600,SYS-BATCH,System,Interest on borrowings,0.0,189149.16,Not required,
JE1003295,1,2025-04-10,2025-04-10,5100,Cost of materials consumed,Expense,CC-200,U008,Manual,Purchase of raw material,475968.19,0.0,Not required,
JE1003295,2,2025-04-10,2025-04-10,2100,Trade payables,Liability,CC-200,U008,Manual,Purchase of raw material,0.0,475968.19,Not required,
JE1003417,1,2025-04-10,2025-04-10,5370,Communication expense,Expense,CC-100,SYS-BATCH,System,Telephone and internet,57707.62,0.0,Not required,
JE1003417,2,2025-04-10,2025-04-10,2110,Accrued expenses,Liability,CC-100,SYS-BATCH,System,Telephone and internet,0.0,57707.62,Not required,
JE1003693,1,2025-04-10,2025-04-09,1600,Input GST receivable,Asset,CC-400,SYS-BATCH,System,GST input booked,106559.55,0.0,Not required,
JE1003693,2,2025-04-10,2025-04-09,2100,Trade payables,Liability,CC-400,SYS-BATCH,System,GST input booked,0.0,106559.55,Not required,
JE1004173,1,2025-04-10,2025-04-10,5330,Travel and conveyance,Expense,CC-600,SYS-BATCH,System,Travel reimbursement,29127.22,0.0,Not required,
JE1004173,2,2025-04-10,2025-04-10,1110,Bank - current account,Asset,CC-600,SYS-BATCH,System,Travel reimbursement,0.0,29127.22,Not required,
JE1004939,1,2025-04-10,2025-04-09,5380,Printing and stationery,Expense,CC-500,SYS-BATCH,System,Stationery purchase,5558.0,0.0,Not required,
JE1004939,2,2025-04-10,2025-04-09,2100,Trade payables,Liability,CC-500,SYS-BATCH,System,Stationery purchase,0.0,5558.0,Not required,
JE1004978,1,2025-04-10,2025-04-10,1110,Bank - current account,Asset,CC-500,SYS-BATCH,System,Customer receipt,691984.48,0.0,Approved,A003
JE1004978,2,2025-04-10,2025-04-10,1200,Trade receivables,Asset,CC-500,SYS-BATCH,System,Customer receipt,0.0,691984.48,Approved,A003
JE1004993,1,2025-04-10,2025-04-09,1200,Trade receivables,Asset,CC-300,SYS-BATCH,System,Sales invoice raised,855205.19,0.0,Approved,A001
JE1004993,2,2025-04-10,2025-04-09,4100,Revenue - product sales,Income,CC-300,SYS-BATCH,System,Sales invoice raised,0.0,855205.19,Approved,A001
JE1005071,1,2025-04-10,2025-04-07,5370,Communication expense,Expense,CC-100,SYS-BATCH,System,Telephone and internet,44925.76,0.0,Not required,
JE1005071,2,2025-04-10,2025-04-07,2110,Accrued expenses,Liability,CC-100,SYS-BATCH,System,Telephone and internet,0.0,44925.76,Not required,
JE1005244,1,2025-04-10,2025-04-08,1110,Bank - current account,Asset,CC-500,SYS-BATCH,System,Customer receipt,327304.7,0.0,Not required,
JE1005244,2,2025-04-10,2025-04-08,1200,Trade receivables,Asset,CC-500,SYS-BATCH,System,Customer receipt,0.0,327304.7,Not required,
JE1005262,1,2025-04-10,2025-04-07,1200,Trade receivables,Asset,CC-100,SYS-BATCH,System,Sales invoice raised,202394.96,0.0,Not required,
JE1005262,2,2025-04-10,2025-04-07,4100,Revenue - product sales,Income,CC-100,SYS-BATCH,System,Sales invoice raised,0.0,202394.96,Not required,
JE1005268,1,2025-04-10,2025-04-09,5370,Communication expense,Expense,CC-600,SYS-BATCH,System,Telephone and internet,36402.45,0.0,Not required,
JE1005268,2,2025-04-10,2025-04-09,2110,Accrued expenses,Liability,CC-600,SYS-BATCH,System,Telephone and internet,0.0,36402.45,Not required,
JE1005278,1,2025-04-10,2025-04-07,1110,Bank - current account,Asset,CC-500,SYS-BATCH,System,Customer receipt,834387.46,0.0,Approved,A001
JE1005278,2,2025-04-10,2025-04-07,1200,Trade receivables,Asset,CC-500,SYS-BATCH,System,Customer receipt,0.0,834387.46,Approved,A001
JE1005839,1,2025-04-10,2025-04-10,5330,Travel and conveyance,Expense,CC-200,SYS-BATCH,System,Travel reimbursement,42190.16,0.0,Not required,
JE1005839,2,2025-04-10,2025-04-10,1110,Bank - current account,Asset,CC-200,SYS-BATCH,System,Travel reimbursement,0.0,42190.16,Not required,
JE1005847,1,2025-04-10,2025-04-09,5350,Advertisement and marketing,Expense,CC-400,SYS-BATCH,System,Marketing spend,427811.2,0.0,Not required,
JE1005847,2,2025-04-10,2025-04-09,2100,Trade payables,Liability,CC-400,SYS-BATCH,System,Marketing spend,0.0,427811.2,Not required,
JE1005978,1,2025-04-10,2025-04-10,5400,Depreciation and amortisation,Expense,CC-300,SYS-BATCH,System,Depreciation charge,694005.42,0.0,Approved,A001
JE1005978,2,2025-04-10,2025-04-10,1510,Accumulated depreciation,Asset,CC-300,SYS-BATCH,System,Depreciation charge,0.0,694005.42,Approved,A001
JE1006099,1,2025-04-10,2025-04-07,5200,Employee benefit expense,Expense,CC-200,SYS-BATCH,System,Payroll for the month,1363295.97,0.0,Approved,A001
JE1006099,2,2025-04-10,2025-04-07,2120,Provision for employee benefits,Liability,CC-200,SYS-BATCH,System,Payroll for the month,0.0,1363295.97,Approved,A001
JE1006234,1,2025-04-10,2025-04-10,1110,Bank - current account,Asset,CC-100,SYS-BATCH,System,Customer receipt,458279.02,0.0,Not required,
JE1006234,2,2025-04-10,2025-04-10,1200,Trade receivables,Asset,CC-100,SYS-BATCH,System,Customer receipt,0.0,458279.02,Not required,
JE1006269,1,2025-04-10,2025-04-08,1110,Bank - current account,Asset,CC-200,SYS-BATCH,System,Customer receipt,569766.62,0.0,Approved,A002
JE1006269,2,2025-04-10,2025-04-08,1200,Trade receivables,Asset,CC-200,SYS-BATCH,System,Customer receipt,0.0,569766.62,Approved,A002
JE1006560,1,2025-04-10,2025-04-07,1110,Bank - current account,Asset,CC-300,U006,Manual,Customer receipt,730717.96,0.0,Approved,A003
JE1006560,2,2025-04-10,2025-04-07,1200,Trade receivables,Asset,CC-300,U006,Manual,Customer receipt,0.0,730717.96,Approved,A003
JE1006929,1,2025-04-10,2025-04-10,1200,Trade receivables,Asset,CC-600,SYS-BATCH,System,Service invoice raised,178774.54,0.0,Not required,
JE1006929,2,2025-04-10,2025-04-10,4110,Revenue - service income,Income,CC-600,SYS-BATCH,System,Service invoice raised,0.0,178774.54,Not required,
JE1007218,1,2025-04-10,2025-04-07,1200,Trade receivables,Asset,CC-400,SYS-BATCH,System,Sales invoice raised,274538.62,0.0,Not required,
JE1007218,2,2025-04-10,2025-04-07,4100,Revenue - product sales,Income,CC-400,SYS-BATCH,System,Sales invoice raised,0.0,274538.62,Not required,
JE1007308,1,2025-04-10,2025-04-09,1110,Bank - current account,Asset,CC-100,SYS-BATCH,System,Customer receipt,42266.22,0.0,Not required,
JE1007308,2,2025-04-10,2025-04-09,1200,Trade receivables,Asset,CC-100,SYS-BATCH,System,Customer receipt,0.0,42266.22,Not required,
JE1007489,1,2025-04-10,2025-04-09,1200,Trade receivables,Asset,CC-200,U015,Manual,Sales invoice raised,180551.04,0.0,Not required,
JE1007489,2,2025-04-10,2025-04-09,4100,Revenue - product sales,Income,CC-200,U015,Manual,Sales invoice raised,0.0,180551.04,Not required,
JE1007672,1,2025-04-10,2025-04-10,5360,Insurance,Expense,CC-500,SYS-BATCH,System,Insurance premium,265232.99,0.0,Not required,
JE1007672,2,2025-04-10,2025-04-10,1400,Prepaid expenses,Asset,CC-500,SYS-BATCH,System,Insurance premium,0.0,265232.99,Not required,
JE1007729,1,2025-04-10,2025-04-09,1200,Trade receivables,Asset,CC-100,SYS-BATCH,System,Sales invoice raised,126432.43,0.0,Not required,
JE1007729,2,2025-04-10,2025-04-09,4100,Revenue - product sales,Income,CC-100,SYS-BATCH,System,Sales invoice raised,0.0,126432.43,Not required,
JE1007785,1,2025-04-10,2025-04-09,1200,Trade receivables,Asset,CC-600,SYS-BATCH,System,Service invoice raised,352171.42,0.0,Not required,
JE1007785,2,2025-04-10,2025-04-09,4110,Revenue - service income,Income,CC-600,SYS-BATCH,System,Service invoice raised,0.0,352171.42,Not required,
JE1007978,1,2025-04-10,2025-04-10,5340,Legal and professional fees,Expense,CC-400,SYS-BATCH,System,Professional fees billed,70089.26,0.0,Not required,
JE1007978,2,2025-04-10,2025-04-10,2100,Trade payables,Liability,CC-400,SYS-BATCH,System,Professional fees billed,0.0,70089.26,Not required,
JE1008023,1,2025-04-10,2025-04-10,1600,Input GST receivable,Asset,CC-100,SYS-BATCH,System,GST input booked,31925.46,0.0,Not required,
JE1008023,2,2025-04-10,2025-04-10,2100,Trade payables,Liability,CC-100,SYS-BATCH,System,GST input booked,0.0,31925.46,Not required,
JE1008334,1,2025-04-10,2025-04-08,5100,Cost of materials consumed,Expense,CC-500,SYS-BATCH,System,Purchase of raw material,560603.04,0.0,Approved,A002
JE1008334,2,2025-04-10,2025-04-08,2100,Trade payables,Liability,CC-500,SYS-BATCH,System,Purchase of raw material,0.0,560603.04,Approved,A002
JE1008341,1,2025-04-10,2025-04-10,5100,Cost of materials consumed,Expense,CC-200,SYS-BATCH,System,Purchase of raw material,548461.69,0.0,Approved,A002
JE1008341,2,2025-04-10,2025-04-10,2100,Trade payables,Liability,CC-200,SYS-BATCH,System,Purchase of raw material,0.0,548461.69,Approved,A002
JE1008354,1,2025-04-10,2025-04-10,1200,Trade receivables,Asset,CC-600,U009,Manual,Service invoice raised,526007.08,0.0,Approved,A003
JE1008354,2,2025-04-10,2025-04-10,4110,Revenue - service income,Income,CC-600,U009,Manual,Service invoice raised,0.0,526007.08,Approved,A003
JE1008437,1,2025-04-10,2025-04-10,1110,Bank - current account,Asset,CC-400,SYS-BATCH,System,Customer receipt,338182.3,0.0,Not required,
JE1008437,2,2025-04-10,2025-04-10,1200,Trade receivables,Asset,CC-400,SYS-BATCH,System,Customer receipt,0.0,338182.3,Not required,
JE1008504,1,2025-04-10,2025-04-10,1110,Bank - current account,Asset,CC-500,SYS-BATCH,System,Customer receipt,423683.89,0.0,Not required,
JE1008504,2,2025-04-10,2025-04-10,1200,Trade receivables,Asset,CC-500,SYS-BATCH,System,Customer receipt,0.0,423683.89,Not required,
JE1009215,1,2025-04-10,2025-04-09,1200,Trade receivables,Asset,CC-600,U006,Manual,Sales invoice raised,168210.94,0.0,Not required,
JE1009215,2,2025-04-10,2025-04-09,4100,Revenue - product sales,Income,CC-600,U006,Manual,Sales invoice raised,0.0,168210.94,Not required,
JE1009618,1,2025-04-10,2025-04-10,1600,Input GST receivable,Asset,CC-100,U020,Manual,GST input booked,83229.94,0.0,Not required,
JE1009618,2,2025-04-10,2025-04-10,2100,Trade payables,Liability,CC-100,U020,Manual,GST input booked,0.0,83229.94,Not required,
JE1010070,1,2025-04-10,2025-04-09,5320,Repairs and maintenance,Expense,CC-300,SYS-BATCH,System,Repairs and upkeep,86761.8,0.0,Not required,
JE1010070,2,2025-04-10,2025-04-09,2100,Trade payables,Liability,CC-300,SYS-BATCH,System,Repairs and upkeep,0.0,86761.8,Not required,
JE1010321,1,2025-04-10,2025-04-07,2100,Trade payables,Liability,CC-400,SYS-BATCH,System,Supplier payment,296137.25,0.0,Not required,
JE1010321,2,2025-04-10,2025-04-07,1110,Bank - current account,Asset,CC-400,SYS-BATCH,System,Supplier payment,0.0,296137.25,Not required,
JE1010363,1,2025-04-10,2025-04-09,1110,Bank - current account,Asset,CC-600,SYS-BATCH,System,Customer receipt,724914.5,0.0,Approved,A002
JE1010363,2,2025-04-10,2025-04-09,1200,Trade receivables,Asset,CC-600,SYS-BATCH,System,Customer receipt,0.0,724914.5,Approved,A002
JE1011285,1,2025-04-10,2025-04-10,2100,Trade payables,Liability,CC-400,SYS-BATCH,System,Supplier payment,248462.71,0.0,Not required,
JE1011285,2,2025-04-10,2025-04-10,1110,Bank - current account,Asset,CC-400,SYS-BATCH,System,Supplier payment,0.0,248462.71,Not required,
JE1011411,1,2025-04-10,2025-04-10,5310,Power and fuel,Expense,CC-100,SYS-BATCH,System,Electricity charges,135344.44,0.0,Not required,
JE1011411,2,2025-04-10,2025-04-10,2110,Accrued expenses,Liability,CC-100,SYS-BATCH,System,Electricity charges,0.0,135344.44,Not required,
JE1011445,1,2025-04-10,2025-04-10,5200,Employee benefit expense,Expense,CC-400,SYS-BATCH,System,Payroll for the month,826767.82,0.0,Approved,A003
JE1011445,2,2025-04-10,2025-04-10,2120,Provision for employee benefits,Liability,CC-400,SYS-BATCH,System,Payroll for the month,0.0,826767.82,Approved,A003
JE1011784,1,2025-04-10,2025-04-10,1200,Trade receivables,Asset,CC-300,U018,Manual,Sales invoice raised,799672.47,0.0,Approved,A002
JE1011784,2,2025-04-10,2025-04-10,4100,Revenue - product sales,Income,CC-300,U018,Manual,Sales invoice raised,0.0,799672.47,Approved,A002
JE1011914,1,2025-04-10,2025-04-08,1110,Bank - current account,Asset,CC-600,SYS-BATCH,System,Customer receipt,508035.27,0.0,Approved,A001
JE1011914,2,2025-04-10,2025-04-08,1200,Trade receivables,Asset,CC-600,SYS-BATCH,System,Customer receipt,0.0,508035.27,Approved,A001
JE1011976,1,2025-04-10,2025-04-10,1110,Bank - current account,Asset,CC-300,SYS-BATCH,System,Customer receipt,16401.12,0.0,Not required,
JE1011976,2,2025-04-10,2025-04-10,1200,Trade receivables,Asset,CC-300,SYS-BATCH,System,Customer receipt,0.0,16401.12,Not required,
JE1012129,1,2025-04-10,2025-04-10,1600,Input GST receivable,Asset,CC-200,SYS-BATCH,System,GST input booked,42153.11,0.0,Not required,
JE1012129,2,2025-04-10,2025-04-10,2100,Trade payables,Liability,CC-200,SYS-BATCH,System,GST input booked,0.0,42153.11,Not required,
JE1012296,1,2025-04-10,2025-04-10,1200,Trade receivables,Asset,CC-300,SYS-BATCH,System,Sales invoice raised,540093.63,0.0,Approved,A002
JE1012296,2,2025-04-10,2025-04-10,4100,Revenue - product sales,Income,CC-300,SYS-BATCH,System,Sales invoice raised,0.0,540093.63,Approved,A002
JE1012422,1,2025-04-10,2025-04-10,1110,Bank - current account,Asset,CC-500,SYS-BATCH,System,Customer receipt,775372.36,0.0,Approved,A001
JE1012422,2,2025-04-10,2025-04-10,1200,Trade receivables,Asset,CC-500,SYS-BATCH,System,Customer receipt,0.0,775372.36,Approved,A001
JE1012557,1,2025-04-10,2025-04-10,1110,Bank - current account,Asset,CC-500,SYS-BATCH,System,Customer receipt,489967.86,0.0,Not required,
JE1012557,2,2025-04-10,2025-04-10,1200,Trade receivables,Asset,CC-500,SYS-BATCH,System,Customer receipt,0.0,489967.86,Not required,
JE1012830,1,2025-04-10,2025-04-10,5330,Travel and conveyance,Expense,CC-300,U005,Manual,Travel reimbursement,24368.34,0.0,Not required,
JE1012830,2,2025-04-10,2025-04-10,1110,Bank - current account,Asset,CC-300,U005,Manual,Travel reimbursement,0.0,24368.34,Not required,
JE1013255,1,2025-04-10,2025-04-07,1110,Bank - current account,Asset,CC-200,SYS-BATCH,System,Customer receipt,480025.42,0.0,Not required,
JE1013255,2,2025-04-10,2025-04-07,1200,Trade receivables,Asset,CC-200,SYS-BATCH,System,Customer receipt,0.0,480025.42,Not required,
JE1013404,1,2025-04-10,2025-04-10,5370,Communication expense,Expense,CC-100,SYS-BATCH,System,Telephone and internet,7494.46,0.0,Not required,
JE1013404,2,2025-04-10,2025-04-10,2110,Accrued expenses,Liability,CC-100,SYS-BATCH,System,Telephone and internet,0.0,7494.46,Not required,
JE1013452,1,2025-04-10,2025-04-09,5310,Power and fuel,Expense,CC-300,SYS-BATCH,System,Electricity charges,215477.42,0.0,Not required,
JE1013452,2,2025-04-10,2025-04-09,2110,Accrued expenses,Liability,CC-300,SYS-BATCH,System,Electricity charges,0.0,215477.42,Not required,
JE1013667,1,2025-04-10,2025-04-10,1200,Trade receivables,Asset,CC-400,SYS-BATCH,System,Sales invoice raised,640742.61,0.0,Approved,A002
JE1013667,2,2025-04-10,2025-04-10,4100,Revenue - product sales,Income,CC-400,SYS-BATCH,System,Sales invoice raised,0.0,640742.61,Approved,A002
JE1013763,1,2025-04-10,2025-04-08,5200,Employee benefit expense,Expense,CC-100,SYS-BATCH,System,Payroll for the month,3062160.94,0.0,Approved,A003
JE1013763,2,2025-04-10,2025-04-08,2120,Provision for employee benefits,Liability,CC-100,SYS-BATCH,System,Payroll for the month,0.0,3062160.94,Approved,A003
JE1013843,1,2025-04-10,2025-04-10,5320,Repairs and maintenance,Expense,CC-300,SYS-BATCH,System,Repairs and upkeep,17466.38,0.0,Not required,
JE1013843,2,2025-04-10,2025-04-10,2100,Trade payables,Liability,CC-300,SYS-BATCH,System,Repairs and upkeep,0.0,17466.38,Not required,
JE1013950,1,2025-04-10,2025-04-09,5400,Depreciation and amortisation,Expense,CC-400,U008,Manual,Depreciation charge,792239.47,0.0,Approved,A003
JE1013950,2,2025-04-10,2025-04-09,1510,Accumulated depreciation,Asset,CC-400,U008,Manual,Depreciation charge,0.0,792239.47,Approved,A003
JE1014049,1,2025-04-10,2025-04-07,2100,Trade payables,Liability,CC-300,SYS-BATCH,System,Supplier payment,268595.04,0.0,Not required,
JE1014049,2,2025-04-10,2025-04-07,1110,Bank - current account,Asset,CC-300,SYS-BATCH,System,Supplier payment,0.0,268595.04,Not required,
JE1014056,1,2025-04-10,2025-04-10,1200,Trade receivables,Asset,CC-100,SYS-BATCH,System,Service invoice raised,183760.18,0.0,Not required,
JE1014056,2,2025-04-10,2025-04-10,4110,Revenue - service income,Income,CC-100,SYS-BATCH,System,Service invoice raised,0.0,183760.18,Not required,
JE1014242,1,2025-04-10,2025-04-08,5360,Insurance,Expense,CC-400,SYS-BATCH,System,Insurance premium,96007.73,0.0,Not required,
JE1014242,2,2025-04-10,2025-04-08,1400,Prepaid expenses,Asset,CC-400,SYS-BATCH,System,Insurance premium,0.0,96007.73,Not required,
JE1014545,1,2025-04-10,2025-04-10,5340,Legal and professional fees,Expense,CC-200,SYS-BATCH,System,Professional fees billed,166064.62,0.0,Not required,
JE1014545,2,2025-04-10,2025-04-10,2100,Trade payables,Liability,CC-200,SYS-BATCH,System,Professional fees billed,0.0,166064.62,Not required,
JE1014646,1,2025-04-10,2025-04-07,1200,Trade receivables,Asset,CC-300,SYS-BATCH,System,Sales invoice raised,131054.89,0.0,Not required,
JE1014646,2,2025-04-10,2025-04-07,4100,Revenue - product sales,Income,CC-300,SYS-BATCH,System,Sales invoice raised,0.0,131054.89,Not required,
JE1014659,1,2025-04-10,2025-04-09,5310,Power and fuel,Expense,CC-400,SYS-BATCH,System,Electricity charges,35880.61,0.0,Not required,
JE1014659,2,2025-04-10,2025-04-09,2110,Accrued expenses,Liability,CC-400,SYS-BATCH,System,Electricity charges,0.0,35880.61,Not required,
JE1014696,1,2025-04-10,2025-04-10,1600,Input GST receivable,Asset,CC-500,SYS-BATCH,System,GST input booked,55172.83,0.0,Not required,
JE1014696,2,2025-04-10,2025-04-10,2100,Trade payables,Liability,CC-500,SYS-BATCH,System,GST input booked,0.0,55172.83,Not required,
JE1014860,1,2025-04-10,2025-04-10,1200,Trade receivables,Asset,CC-300,SYS-BATCH,System,Service invoice raised,560436.34,0.0,Approved,A002
JE1014860,2,2025-04-10,2025-04-10,4110,Revenue - service income,Income,CC-300,SYS-BATCH,System,Service invoice raised,0.0,560436.34,Approved,A002
JE1014878,1,2025-04-10,2025-04-10,1200,Trade receivables,Asset,CC-200,SYS-BATCH,System,Service invoice raised,592904.83,0.0,Approved,A001
JE1014878,2,2025-04-10,2025-04-10,4110,Revenue - service income,Income,CC-200,SYS-BATCH,System,Service invoice raised,0.0,592904.83,Approved,A001
JE1015131,1,2025-04-10,2025-04-09,5400,Depreciation and amortisation,Expense,CC-500,U005,Manual,Depreciation charge,425774.71,0.0,Not required,
JE1015131,2,2025-04-10,2025-04-09,1510,Accumulated depreciation,Asset,CC-500,U005,Manual,Depreciation charge,0.0,425774.71,Not required,
JE1015228,1,2025-04-10,2025-04-08,1110,Bank - current account,Asset,CC-300,SYS-BATCH,System,Customer receipt,460855.4,0.0,Not required,
JE1015228,2,2025-04-10,2025-04-08,1200,Trade receivables,Asset,CC-300,SYS-BATCH,System,Customer receipt,0.0,460855.4,Not required,
JE1016260,1,2025-04-10,2025-04-10,1410,Advance to suppliers,Asset,CC-400,SYS-BATCH,System,Advance to supplier,165892.67,0.0,Not required,
JE1016260,2,2025-04-10,2025-04-10,1110,Bank - current account,Asset,CC-400,SYS-BATCH,System,Advance to supplier,0.0,165892.67,Not required,
JE1016647,1,2025-04-10,2025-04-09,5100,Cost of materials consumed,Expense,CC-200,U005,Manual,Purchase of raw material,246469.68,0.0,Not required,
JE1016647,2,2025-04-10,2025-04-09,2100,Trade payables,Liability,CC-200,U005,Manual,Purchase of raw material,0.0,246469.68,Not required,
JE1016776,1,2025-04-10,2025-04-10,1200,Trade receivables,Asset,CC-400,SYS-BATCH,System,Sales invoice raised,613193.61,0.0,Approved,A002
JE1016776,2,2025-04-10,2025-04-10,4100,Revenue - product sales,Income,CC-400,SYS-BATCH,System,Sales invoice raised,0.0,613193.61,Approved,A002
JE1016970,1,2025-04-10,2025-04-09,5310,Power and fuel,Expense,CC-400,SYS-BATCH,System,Electricity charges,34756.18,0.0,Not required,
JE1016970,2,2025-04-10,2025-04-09,2110,Accrued expenses,Liability,CC-400,SYS-BATCH,System,Electricity charges,0.0,34756.18,Not required,
JE1017245,1,2025-04-10,2025-04-09,1200,Trade receivables,Asset,CC-300,SYS-BATCH,System,Sales invoice raised,287365.89,0.0,Not required,
JE1017245,2,2025-04-10,2025-04-09,4100,Revenue - product sales,Income,CC-300,SYS-BATCH,System,Sales invoice raised,0.0,287365.89,Not required,
JE1017975,1,2025-04-10,2025-04-09,1200,Trade receivables,Asset,CC-100,SYS-BATCH,System,Sales invoice raised,123138.45,0.0,Not required,
JE1017975,2,2025-04-10,2025-04-09,4100,Revenue - product sales,Income,CC-100,SYS-BATCH,System,Sales invoice raised,0.0,123138.45,Not required,
JE1018065,1,2025-04-10,2025-04-10,5400,Depreciation and amortisation,Expense,CC-200,SYS-BATCH,System,Depreciation charge,610951.95,0.0,Approved,A003
JE1018065,2,2025-04-10,2025-04-10,1510,Accumulated depreciation,Asset,CC-200,SYS-BATCH,System,Depreciation charge,0.0,610951.95,Approved,A003
JE1018082,1,2025-04-10,2025-04-10,1200,Trade receivables,Asset,CC-400,SYS-BATCH,System,GST output booked,118461.91,0.0,Not required,
JE1018082,2,2025-04-10,2025-04-10,2200,Output GST payable,Liability,CC-400,SYS-BATCH,System,GST output booked,0.0,118461.91,Not required,
JE1018093,1,2025-04-10,2025-04-10,2100,Trade payables,Liability,CC-600,SYS-BATCH,System,Supplier payment,473820.97,0.0,Not required,
JE1018093,2,2025-04-10,2025-04-10,1110,Bank - current account,Asset,CC-600,SYS-BATCH,System,Supplier payment,0.0,473820.97,Not required,
JE1018111,1,2025-04-10,2025-04-07,5340,Legal and professional fees,Expense,CC-500,SYS-BATCH,System,Professional fees billed,82386.96,0.0,Not required,
JE1018111,2,2025-04-10,2025-04-07,2100,Trade payables,Liability,CC-500,SYS-BATCH,System,Professional fees billed,0.0,82386.96,Not required,
JE1018137,1,2025-04-10,2025-04-09,2100,Trade payables,Liability,CC-300,SYS-BATCH,System,Supplier payment,650667.05,0.0,Approved,A003
JE1018137,2,2025-04-10,2025-04-09,1110,Bank - current account,Asset,CC-300,SYS-BATCH,System,Supplier payment,0.0,650667.05,Approved,A003
JE1018408,1,2025-04-10,2025-04-08,5360,Insurance,Expense,CC-100,SYS-BATCH,System,Insurance premium,143054.8,0.0,Not required,
JE1018408,2,2025-04-10,2025-04-08,1400,Prepaid expenses,Asset,CC-100,SYS-BATCH,System,Insurance premium,0.0,143054.8,Not required,
JE1019285,1,2025-04-10,2025-04-10,1110,Bank - current account,Asset,CC-400,U014,Manual,Customer receipt,214135.7,0.0,Not required,
JE1019285,2,2025-04-10,2025-04-10,1200,Trade receivables,Asset,CC-400,U014,Manual,Customer receipt,0.0,214135.7,Not required,
JE1019325,1,2025-04-10,2025-04-10,1200,Trade receivables,Asset,CC-600,SYS-BATCH,System,Sales invoice raised,432605.05,0.0,Not required,
JE1019325,2,2025-04-10,2025-04-10,4100,Revenue - product sales,Income,CC-600,SYS-BATCH,System,Sales invoice raised,0.0,432605.05,Not required,
JE1019408,1,2025-04-10,2025-04-10,5210,Contract staff cost,Expense,CC-600,SYS-BATCH,System,Contract staff billing,150826.45,0.0,Not required,
JE1019408,2,2025-04-10,2025-04-10,2100,Trade payables,Liability,CC-600,SYS-BATCH,System,Contract staff billing,0.0,150826.45,Not required,
JE1019526,1,2025-04-10,2025-04-07,1110,Bank - current account,Asset,CC-500,U006,Manual,Customer receipt,133170.37,0.0,Not required,
JE1019526,2,2025-04-10,2025-04-07,1200,Trade receivables,Asset,CC-500,U006,Manual,Customer receipt,0.0,133170.37,Not required,
JE1019614,1,2025-04-10,2025-04-09,1110,Bank - current account,Asset,CC-100,U010,Manual,Customer receipt,552377.55,0.0,Approved,A003
JE1019614,2,2025-04-10,2025-04-09,1200,Trade receivables,Asset,CC-100,U010,Manual,Customer receipt,0.0,552377.55,Approved,A003
JE1019800,1,2025-04-10,2025-04-10,2100,Trade payables,Liability,CC-400,SYS-BATCH,System,Supplier payment,426428.3,0.0,Not required,
JE1019800,2,2025-04-10,2025-04-10,1110,Bank - current account,Asset,CC-400,SYS-BATCH,System,Supplier payment,0.0,426428.3,Not required,
JE1019928,1,2025-04-10,2025-04-10,5310,Power and fuel,Expense,CC-300,SYS-BATCH,System,Electricity charges,254494.34,0.0,Not required,
JE1019928,2,2025-04-10,2025-04-10,2110,Accrued expenses,Liability,CC-300,SYS-BATCH,System,Electricity charges,0.0,254494.34,Not required,
JE1019938,1,2025-04-10,2025-04-09,1110,Bank - current account,Asset,CC-200,SYS-BATCH,System,Customer receipt,796323.12,0.0,Approved,A001
JE1019938,2,2025-04-10,2025-04-09,1200,Trade receivables,Asset,CC-200,SYS-BATCH,System,Customer receipt,0.0,796323.12,Approved,A001
JE1020273,1,2025-04-10,2025-04-08,1200,Trade receivables,Asset,CC-300,SYS-BATCH,System,Sales invoice raised,662985.46,0.0,Approved,A001
JE1020273,2,2025-04-10,2025-04-08,4100,Revenue - product sales,Income,CC-300,SYS-BATCH,System,Sales invoice raised,0.0,662985.46,Approved,A001
JE1020592,1,2025-04-10,2025-04-08,5330,Travel and conveyance,Expense,CC-600,SYS-BATCH,System,Travel reimbursement,16279.57,0.0,Not required,
JE1020592,2,2025-04-10,2025-04-08,1110,Bank - current account,Asset,CC-600,SYS-BATCH,System,Travel reimbursement,0.0,16279.57,Not required,
JE1020922,1,2025-04-10,2025-04-10,2100,Trade payables,Liability,CC-200,SYS-BATCH,System,Supplier payment,126035.69,0.0,Not required,
JE1020922,2,2025-04-10,2025-04-10,1110,Bank - current account,Asset,CC-200,SYS-BATCH,System,Supplier payment,0.0,126035.69,Not required,
JE1020940,1,2025-04-10,2025-04-10,5370,Communication expense,Expense,CC-500,SYS-BATCH,System,Telephone and internet,21565.71,0.0,Not required,
JE1020940,2,2025-04-10,2025-04-10,2110,Accrued expenses,Liability,CC-500,SYS-BATCH,System,Telephone and internet,0.0,21565.71,Not required,
JE1020968,1,2025-04-10,2025-04-07,5350,Advertisement and marketing,Expense,CC-200,SYS-BATCH,System,Marketing spend,321008.86,0.0,Not required,
JE1020968,2,2025-04-10,2025-04-07,2100,Trade payables,Liability,CC-200,SYS-BATCH,System,Marketing spend,0.0,321008.86,Not required,
JE1021245,1,2025-04-10,2025-04-09,5100,Cost of materials consumed,Expense,CC-500,SYS-BATCH,System,Purchase of raw material,111906.95,0.0,Not required,
JE1021245,2,2025-04-10,2025-04-09,2100,Trade payables,Liability,CC-500,SYS-BATCH,System,Purchase of raw material,0.0,111906.95,Not required,
JE1021252,1,2025-04-10,2025-04-10,5300,Rent expense,Expense,CC-600,SYS-BATCH,System,Rent for the period,325135.7,0.0,Not required,
JE1021252,2,2025-04-10,2025-04-10,2110,Accrued expenses,Liability,CC-600,SYS-BATCH,System,Rent for the period,0.0,325135.7,Not required,
JE1021555,1,2025-04-10,2025-04-10,5350,Advertisement and marketing,Expense,CC-400,SYS-BATCH,System,Marketing spend,362026.23,0.0,Not required,
JE1021555,2,2025-04-10,2025-04-10,2100,Trade payables,Liability,CC-400,SYS-BATCH,System,Marketing spend,0.0,362026.23,Not required,
JE1022266,1,2025-04-10,2025-04-10,1110,Bank - current account,Asset,CC-100,U003,Manual,Customer receipt,436786.21,0.0,Not required,
JE1022266,2,2025-04-10,2025-04-10,1200,Trade receivables,Asset,CC-100,U003,Manual,Customer receipt,0.0,436786.21,Not required,
JE1022349,1,2025-04-10,2025-04-10,5340,Legal and professional fees,Expense,CC-100,SYS-BATCH,System,Professional fees billed,174497.3,0.0,Not required,
JE1022349,2,2025-04-10,2025-04-10,2100,Trade payables,Liability,CC-100,SYS-BATCH,System,Professional fees billed,0.0,174497.3,Not required,
JE1022354,1,2025-04-10,2025-04-09,5330,Travel and conveyance,Expense,CC-300,SYS-BATCH,System,Travel reimbursement,32952.46,0.0,Not required,
JE1022354,2,2025-04-10,2025-04-09,1110,Bank - current account,Asset,CC-300,SYS-BATCH,System,Travel reimbursement,0.0,32952.46,Not required,
JE1022435,1,2025-04-10,2025-04-10,1110,Bank - current account,Asset,CC-300,U010,Manual,Customer receipt,882451.74,0.0,Approved,A002
JE1022435,2,2025-04-10,2025-04-10,1200,Trade receivables,Asset,CC-300,U010,Manual,Customer receipt,0.0,882451.74,Approved,A002
JE1022583,1,2025-04-10,2025-04-07,1200,Trade receivables,Asset,CC-500,SYS-BATCH,System,Service invoice raised,61802.22,0.0,Not required,
JE1022583,2,2025-04-10,2025-04-07,4110,Revenue - service income,Income,CC-500,SYS-BATCH,System,Service invoice raised,0.0,61802.22,Not required,
JE1022666,1,2025-04-10,2025-04-08,2100,Trade payables,Liability,CC-300,SYS-BATCH,System,Supplier payment,492047.36,0.0,Not required,
JE1022666,2,2025-04-10,2025-04-08,1110,Bank - current account,Asset,CC-300,SYS-BATCH,System,Supplier payment,0.0,492047.36,Not required,
JE1023333,1,2025-04-10,2025-04-10,5100,Cost of materials consumed,Expense,CC-500,SYS-BATCH,System,Purchase of raw material,218082.2,0.0,Not required,
JE1023333,2,2025-04-10,2025-04-10,2100,Trade payables,Liability,CC-500,SYS-BATCH,System,Purchase of raw material,0.0,218082.2,Not required,
JE1023340,1,2025-04-10,2025-04-09,2100,Trade payables,Liability,CC-400,SYS-BATCH,System,TDS deducted on payment,14958.16,0.0,Not required,
JE1023340,2,2025-04-10,2025-04-09,2210,TDS payable,Liability,CC-400,SYS-BATCH,System,TDS deducted on payment,0.0,14958.16,Not required,
JE1023659,1,2025-04-10,2025-04-10,2100,Trade payables,Liability,CC-200,SYS-BATCH,System,Supplier payment,309785.58,0.0,Not required,
JE1023659,2,2025-04-10,2025-04-10,1110,Bank - current account,Asset,CC-200,SYS-BATCH,System,Supplier payment,0.0,309785.58,Not required,
JE1024226,1,2025-04-10,2025-04-10,1110,Bank - current account,Asset,CC-200,U003,Manual,Customer receipt,367261.78,0.0,Not required,
JE1024226,2,2025-04-10,2025-04-10,1200,Trade receivables,Asset,CC-200,U003,Manual,Customer receipt,0.0,367261.78,Not required,
JE1025184,1,2025-04-10,2025-04-08,5350,Advertisement and marketing,Expense,CC-600,U017,Manual,Marketing spend,250759.89,0.0,Not required,
JE1025184,2,2025-04-10,2025-04-08,2100,Trade payables,Liability,CC-600,U017,Manual,Marketing spend,0.0,250759.89,Not required,
JE1025340,1,2025-04-10,2025-04-10,5100,Cost of materials consumed,Expense,CC-400,SYS-BATCH,System,Purchase of raw material,644509.95,0.0,Approved,A002
JE1025340,2,2025-04-10,2025-04-10,2100,Trade payables,Liability,CC-400,SYS-BATCH,System,Purchase of raw material,0.0,644509.95,Approved,A002
JE1025732,1,2025-04-10,2025-04-09,1200,Trade receivables,Asset,CC-300,SYS-BATCH,System,Service invoice raised,490151.57,0.0,Not required,
JE1025732,2,2025-04-10,2025-04-09,4110,Revenue - service income,Income,CC-300,SYS-BATCH,System,Service invoice raised,0.0,490151.57,Not required,
JE1025960,1,2025-04-10,2025-04-10,1200,Trade receivables,Asset,CC-600,SYS-BATCH,System,Sales invoice raised,201721.4,0.0,Not required,
JE1025960,2,2025-04-10,2025-04-10,4100,Revenue - product sales,Income,CC-600,SYS-BATCH,System,Sales invoice raised,0.0,201721.4,Not required,
JE1026045,1,2025-04-10,2025-04-10,5100,Cost of materials consumed,Expense,CC-200,U007,Manual,Purchase of raw material,662364.68,0.0,Approved,A002
JE1026045,2,2025-04-10,2025-04-10,2100,Trade payables,Liability,CC-200,U007,Manual,Purchase of raw material,0.0,662364.68,Approved,A002
JE1026382,1,2025-04-10,2025-04-09,5100,Cost of materials consumed,Expense,CC-400,SYS-BATCH,System,Purchase of raw material,673072.66,0.0,Approved,A002
JE1026382,2,2025-04-10,2025-04-09,2100,Trade payables,Liability,CC-400,SYS-BATCH,System,Purchase of raw material,0.0,673072.66,Approved,A002
JE1026597,1,2025-04-10,2025-04-09,5100,Cost of materials consumed,Expense,CC-400,U020,Manual,Purchase of raw material,646211.84,0.0,Approved,A003
JE1026597,2,2025-04-10,2025-04-09,2100,Trade payables,Liability,CC-400,U020,Manual,Purchase of raw material,0.0,646211.84,Approved,A003
JE1026603,1,2025-04-10,2025-04-10,2100,Trade payables,Liability,CC-100,SYS-BATCH,System,Supplier payment,307046.24,0.0,Not required,
JE1026603,2,2025-04-10,2025-04-10,1110,Bank - current account,Asset,CC-100,SYS-BATCH,System,Supplier payment,0.0,307046.24,Not required,
JE1026913,1,2025-04-10,2025-04-10,1110,Bank - current account,Asset,CC-300,SYS-BATCH,System,Customer receipt,57846.25,0.0,Not required,
JE1026913,2,2025-04-10,2025-04-10,1200,Trade receivables,Asset,CC-300,SYS-BATCH,System,Customer receipt,0.0,57846.25,Not required,
JE1027223,1,2025-04-10,2025-04-10,5300,Rent expense,Expense,CC-100,SYS-BATCH,System,Rent for the period,135238.8,0.0,Not required,
JE1027223,2,2025-04-10,2025-04-10,2110,Accrued expenses,Liability,CC-100,SYS-BATCH,System,Rent for the period,0.0,135238.8,Not required,
JE1027291,1,2025-04-10,2025-04-08,2100,Trade payables,Liability,CC-100,SYS-BATCH,System,TDS deducted on payment,13519.59,0.0,Not required,
JE1027291,2,2025-04-10,2025-04-08,2210,TDS payable,Liability,CC-100,SYS-BATCH,System,TDS deducted on payment,0.0,13519.59,Not required,
JE1027943,1,2025-04-10,2025-04-10,1110,Bank - current account,Asset,CC-600,SYS-BATCH,System,Customer receipt,306843.33,0.0,Not required,
JE1027943,2,2025-04-10,2025-04-10,1200,Trade receivables,Asset,CC-600,SYS-BATCH,System,Customer receipt,0.0,306843.33,Not required,
JE1028036,1,2025-04-10,2025-04-08,1200,Trade receivables,Asset,CC-100,SYS-BATCH,System,Service invoice raised,167158.55,0.0,Not required,
JE1028036,2,2025-04-10,2025-04-08,4110,Revenue - service income,Income,CC-100,SYS-BATCH,System,Service invoice raised,0.0,167158.55,Not required,
JE1028111,1,2025-04-10,2025-04-07,2100,Trade payables,Liability,CC-400,SYS-BATCH,System,TDS deducted on payment,59483.85,0.0,Not required,
JE1028111,2,2025-04-10,2025-04-07,2210,TDS payable,Liability,CC-400,SYS-BATCH,System,TDS deducted on payment,0.0,59483.85,Not required,
JE1028180,1,2025-04-10,2025-04-10,5100,Cost of materials consumed,Expense,CC-200,SYS-BATCH,System,Purchase of raw material,177662.3,0.0,Not required,
JE1028180,2,2025-04-10,2025-04-10,2100,Trade payables,Liability,CC-200,SYS-BATCH,System,Purchase of raw material,0.0,177662.3,Not required,
JE1028407,1,2025-04-10,2025-04-10,1110,Bank - current account,Asset,CC-400,SYS-BATCH,System,Customer receipt,39562.15,0.0,Not required,
JE1028407,2,2025-04-10,2025-04-10,1200,Trade receivables,Asset,CC-400,SYS-BATCH,System,Customer receipt,0.0,39562.15,Not required,
JE1028900,1,2025-04-10,2025-04-09,5100,Cost of materials consumed,Expense,CC-100,SYS-BATCH,System,Purchase of raw material,204252.09,0.0,Not required,
JE1028900,2,2025-04-10,2025-04-09,2100,Trade payables,Liability,CC-100,SYS-BATCH,System,Purchase of raw material,0.0,204252.09,Not required,
JE1029130,1,2025-04-10,2025-04-09,1600,Input GST receivable,Asset,CC-500,SYS-BATCH,System,GST input booked,51095.76,0.0,Not required,
JE1029130,2,2025-04-10,2025-04-09,2100,Trade payables,Liability,CC-500,SYS-BATCH,System,GST input booked,0.0,51095.76,Not required,
JE1029763,1,2025-04-10,2025-04-10,1200,Trade receivables,Asset,CC-200,SYS-BATCH,System,GST output booked,32153.57,0.0,Not required,
JE1029763,2,2025-04-10,2025-04-10,2200,Output GST payable,Liability,CC-200,SYS-BATCH,System,GST output booked,0.0,32153.57,Not required,
JE1030558,1,2025-04-10,2025-04-08,5100,Cost of materials consumed,Expense,CC-200,SYS-BATCH,System,Purchase of raw material,184058.62,0.0,Not required,
JE1030558,2,2025-04-10,2025-04-08,2100,Trade payables,Liability,CC-200,SYS-BATCH,System,Purchase of raw material,0.0,184058.62,Not required,
JE1030632,1,2025-04-10,2025-04-07,1200,Trade receivables,Asset,CC-300,SYS-BATCH,System,GST output booked,9772.87,0.0,Not required,
JE1030632,2,2025-04-10,2025-04-07,2200,Output GST payable,Liability,CC-300,SYS-BATCH,System,GST output booked,0.0,9772.87,Not required,
JE1030846,1,2025-04-10,2025-04-10,2100,Trade payables,Liability,CC-200,SYS-BATCH,System,Supplier payment,574980.11,0.0,Approved,A003
JE1030846,2,2025-04-10,2025-04-10,1110,Bank - current account,Asset,CC-200,SYS-BATCH,System,Supplier payment,0.0,574980.11,Approved,A003
JE1030927,1,2025-04-10,2025-04-10,1200,Trade receivables,Asset,CC-400,SYS-BATCH,System,Sales invoice raised,693470.41,0.0,Approved,A003
JE1030927,2,2025-04-10,2025-04-10,4100,Revenue - product sales,Income,CC-400,SYS-BATCH,System,Sales invoice raised,0.0,693470.41,Approved,A003
JE1030966,1,2025-04-10,2025-04-07,5320,Repairs and maintenance,Expense,CC-300,SYS-BATCH,System,Repairs and upkeep,59758.19,0.0,Not required,
JE1030966,2,2025-04-10,2025-04-07,2100,Trade payables,Liability,CC-300,SYS-BATCH,System,Repairs and upkeep,0.0,59758.19,Not required,
JE1031021,1,2025-04-10,2025-04-10,5100,Cost of materials consumed,Expense,CC-600,SYS-BATCH,System,Purchase of raw material,389461.9,0.0,Not required,
JE1031021,2,2025-04-10,2025-04-10,2100,Trade payables,Liability,CC-600,SYS-BATCH,System,Purchase of raw material,0.0,389461.9,Not required,
